State,District,Source District,US President 2024 - DEM,US President 2024 - REP,US President 2024 - Other,US President 2020 - DEM,US President 2020 - REP,US President 2020 - Other,US President 2016 - DEM,US President 2016 - REP,US President 2016 - Other,US Senate 2024 - DEM,US Senate 2024 - REP,US Senate 2024 - Other,US Senate 2020 - DEM,US Senate 2020 - REP,US Senate 2020 - Other,US Senate 2018 - DEM,US Senate 2018 - REP,US Senate 2018 - Other,US Senate 2016 - DEM,US Senate 2016 - REP,US Senate 2016 - Other,American Indian or Alaska Native Citizen Voting-Age Population 2020 ACS,"American Indian or Alaska Native Citizen Voting-Age Population 2020 ACS, Margin",Asian Citizen Voting-Age Population 2020 ACS,"Asian Citizen Voting-Age Population 2020 ACS, Margin",Bachelor's or Higher (25+) 2020 ACS,"Bachelor's or Higher (25+) 2020 ACS, Margin",Black Citizen Voting-Age Population 2020 ACS,"Black Citizen Voting-Age Population 2020 ACS, Margin",Citizen Voting-Age Population 2020 ACS,"Citizen Voting-Age Population 2020 ACS, Margin",Foreign-born Population 2020 ACS,"Foreign-born Population 2020 ACS, Margin",High School or GED (25+) 2020 ACS,"High School or GED (25+) 2020 ACS, Margin",Hispanic Citizen Voting-Age Population 2020 ACS,"Hispanic Citizen Voting-Age Population 2020 ACS, Margin",Household Income 2020 ACS,"Household Income 2020 ACS, Margin",Households 2020 ACS,"Households 2020 ACS, Margin",Naturalized Population 2020 ACS,"Naturalized Population 2020 ACS, Margin",Population 2020,Population 2020 ACS,"Population 2020 ACS, Margin",Population 25+ 2020 ACS,"Population 25+ 2020 ACS, Margin",Some College or AA (25+) 2020 ACS,"Some College or AA (25+) 2020 ACS, Margin",American Indian or Alaska Native Citizen Voting-Age Population 2023 ACS,"American Indian or Alaska Native Citizen Voting-Age Population 2023 ACS, Margin",Asian Citizen Voting-Age Population 2023 ACS,"Asian Citizen Voting-Age Population 2023 ACS, Margin",Black Citizen Voting-Age Population 2023 ACS,"Black Citizen Voting-Age Population 2023 ACS, Margin",Citizen Voting-Age Population 2023 ACS,"Citizen Voting-Age Population 2023 ACS, Margin",Hispanic Citizen Voting-Age Population 2023 ACS,"Hispanic Citizen Voting-Age Population 2023 ACS, Margin",Filename,Plan URL
DE,1,"SLDUST=""001""",18393.38,6578.39,0.0,19566.14,6641.79,415.73,16627.37,6782.46,1268.2,,,,19321.92,5943.59,721.67,15378.3,4819.6,594.63,,,,,,,,16320.78,9798.47,,,,,2409.48,1090.57,7409.5,4748.38,,,82999.4101,25958.7856,20214.58,5359.35,1288.68,742.51,44708,44296.03,13252.06,33176.49,8983.5,9766.11,8037.41,161.28,1091.03,636.14,1596.41,8226.63,5989.83,35898.56,10831.44,1587.41,1976.39,tl_2025_10_sldu.zip,https://dev.planscore.org/plan.html?20260308T223329.823481956Z
DE,2,"SLDUST=""002""",14451.62,3170.61,0.0,16748.89,2941.46,183.9,15682.14,2715.99,547.62,,,,15552.0,2591.61,515.72,12053.79,1728.24,322.98,,,,,,,,4784.19,5260.53,,,,,3012.74,1536.3,14119.07,7110.07,,,52715.2904,16993.8357,15893.21,4933.02,1359.03,944.44,45528,46420.85,16463.11,30560.32,10057.24,9668.29,8202.5,56.0,1035.23,488.15,1338.81,18587.42,9590.23,31764.59,11277.42,3285.1,2993.75,tl_2025_10_sldu.zip,https://dev.planscore.org/plan.html?20260308T223329.823481956Z
DE,3,"SLDUST=""003""",11796.79,2593.92,0.0,13625.9,2559.92,174.62,12824.29,2437.98,577.26,,,,12626.51,2173.3,499.83,9190.6,1425.64,361.98,,,,,,,,5728.92,5330.67,,,,,4103.61,1850.1,11977.01,6968.18,,,42797.1794,16075.4161,17396.74,5719.35,1252.04,930.9,44517,42454.23,14480.99,28424.83,9509.62,8159.93,7148.56,205.83,1198.59,384.37,1348.48,15931.65,9694.72,31925.16,11724.89,4059.13,3737.34,tl_2025_10_sldu.zip,https://dev.planscore.org/plan.html?20260308T223329.823481956Z
DE,4,"SLDUST=""004""",16020.0,10495.0,0.0,17430.93,10521.05,397.03,13880.93,10532.97,1324.75,,,,17949.93,9460.4,638.75,13863.06,7961.22,461.7,,,,,,,,20867.64,10350.79,,,,,4738.11,1523.05,4053.75,2848.38,,,148419.9195,41231.9149,16796.46,3891.84,2619.77,1028.92,44976,42903.37,10922.1,31108.77,6976.44,5885.15,4835.56,94.34,812.66,2838.59,2998.12,1802.16,2354.36,32324.04,9031.44,1523.86,1755.97,tl_2025_10_sldu.zip,https://dev.planscore.org/plan.html?20260308T223329.823481956Z
DE,5,"SLDUST=""005""",15802.0,8085.0,0.0,17048.66,8095.94,350.63,14211.94,8159.89,1272.46,,,,16987.19,7383.09,599.09,13343.01,5951.62,477.08,,,,,,,,14418.51,7665.04,,,,,4048.13,1758.12,7806.76,3984.12,,,97851.2153,23352.6944,17585.44,3951.52,2389.74,1034.22,44972,43721.51,10783.25,31709.4,7208.21,9233.84,6441.71,127.92,909.52,1403.46,1927.78,5315.6,4080.32,34162.16,8892.84,1029.18,1381.08,tl_2025_10_sldu.zip,https://dev.planscore.org/plan.html?20260308T223329.823481956Z
DE,6,"SLDUST=""006""",21414.0,15996.0,0.0,18220.04,14048.1,318.88,12358.25,12522.29,955.08,,,,18118.89,13349.8,658.83,13447.99,10524.4,420.93,,,,,,,,17761.95,11400.55,,,,,382.82,186.67,8586.78,5649.36,,,85508.8098,26694.3492,21695.98,6172.3,261.66,141.3,48422,46090.35,14284.19,38423.29,10928.36,10289.22,7853.18,160.85,1274.08,1024.3,2018.1,2155.03,3153.54,44889.57,12090.25,1101.49,1493.38,tl_2025_10_sldu.zip,https://dev.planscore.org/plan.html?20260308T223329.823481956Z
DE,7,"SLDUST=""007""",12456.68,8646.75,0.0,13976.79,8376.1,393.46,11621.12,8424.88,1189.7,,,,13923.71,7531.87,656.1,10352.74,5544.51,495.67,,,,,,,,8803.41,6374.73,,,,,5478.52,2213.2,11732.09,6254.23,,,69407.4433,23179.5258,17067.98,4327.05,2383.6,1370.34,45275,44486.43,12295.17,32186.92,8579.65,10331.77,7708.99,315.23,1199.71,1016.94,1843.47,3145.75,3404.4,34080.36,10417.62,4147.74,3557.32,tl_2025_10_sldu.zip,https://dev.planscore.org/plan.html?20260308T223329.823481956Z
DE,8,"SLDUST=""008""",12001.47,6743.21,0.0,13001.29,6886.44,413.92,10888.79,7182.32,1257.77,,,,12949.33,6373.54,583.86,10444.01,5395.84,529.92,,,,,,,,15107.14,8492.89,,,,,5462.4,1819.85,4680.84,3087.8,,,76989.3274,15991.9836,15620.15,3571.24,2245.87,1059.86,45574,48232.84,10917.73,27099.31,7217.88,7033.76,5084.31,272.18,723.96,1893.81,2005.46,3283.96,2809.39,36903.39,8641.61,2592.15,2272.09,tl_2025_10_sldu.zip,https://dev.planscore.org/plan.html?20260308T223329.823481956Z
DE,9,"SLDUST=""009""",11925.88,7257.53,0.0,13565.13,7291.83,384.59,11185.85,7165.44,1164.32,,,,13447.76,6543.72,664.55,9812.12,4802.14,440.01,,,,,,,,8931.73,6266.73,,,,,6456.75,2397.63,11650.54,6619.16,,,70934.0447,20944.2495,17601.07,4775.74,2413.22,1301.11,45283,45126.31,13891.7,31984.18,9212.84,9806.3,6989.13,154.0,992.14,1579.93,2391.52,6163.68,5544.62,32706.99,10582.48,3092.04,2987.1,tl_2025_10_sldu.zip,https://dev.planscore.org/plan.html?20260308T223329.823481956Z
DE,10,"SLDUST=""010""",16434.0,10837.0,0.0,16009.34,10080.41,393.92,11664.2,8998.78,1134.05,,,,15996.07,9327.39,636.11,11402.84,6344.76,354.91,,,,,,,,12542.12,8897.37,,,,,,,7942.56,5702.92,,,116532.3649,30778.7224,15499.52,4858.16,,,47223,43956.58,14926.21,30138.78,9511.81,9554.86,8035.64,91.14,689.94,1731.22,1834.29,7952.05,5968.36,32182.56,11126.95,1231.85,1632.97,tl_2025_10_sldu.zip,https://dev.planscore.org/plan.html?20260308T223329.823481956Z
DE,11,"SLDUST=""011""",14042.0,6206.0,0.0,15613.39,5975.16,361.28,13460.62,5947.14,1022.43,,,,15224.8,5421.68,647.03,11474.93,3868.99,412.44,,,,,,,,10929.72,7762.81,,,,,5312.74,1936.26,9233.61,6326.85,,,79328.5548,27657.4949,16674.51,5118.95,2121.35,974.62,47937,46140.2,15230.33,31615.06,10367.91,9890.5,7527.08,92.9,835.25,2846.22,2980.5,10669.58,7414.25,33303.45,11767.28,3330.15,3636.18,tl_2025_10_sldu.zip,https://dev.planscore.org/plan.html?20260308T223329.823481956Z
DE,12,"SLDUST=""012""",16670.0,9798.0,0.0,16867.94,9053.92,389.8,12879.05,8064.96,984.21,,,,16749.7,8267.94,652.83,12395.58,5675.3,400.8,,,,,,,,12180.17,7954.01,,,,,2464.89,1198.84,10850.5,6360.36,,,100969.6754,30951.3076,16634.62,4665.09,1589.34,877.97,47273,46531.75,14084.34,33635.39,9973.7,10349.13,7467.98,115.02,697.73,1950.86,1996.33,10981.23,6549.4,37757.35,11179.6,1700.98,1806.97,tl_2025_10_sldu.zip,https://dev.planscore.org/plan.html?20260308T223329.823481956Z
DE,13,"SLDUST=""013""",15018.19,5243.58,0.0,16584.65,5215.46,243.96,14339.37,5036.47,872.99,,,,15993.01,4721.74,540.27,12080.18,3158.61,354.96,,,,,,,,7963.77,6684.33,,,,,6119.62,2362.06,11533.34,6801.47,,,68851.5718,22739.3269,17622.22,4933.84,3110.37,1572.12,48134,45890.47,14304.21,32076.33,10058.0,11253.22,8567.76,112.32,819.19,1140.53,1892.12,13640.35,8086.51,34148.94,11654.4,3690.26,3226.81,tl_2025_10_sldu.zip,https://dev.planscore.org/plan.html?20260308T223329.823481956Z
DE,14,"SLDUST=""014""",14982.0,11793.0,0.0,14336.59,10939.75,399.39,10599.74,9677.83,1083.04,,,,14233.67,10128.77,711.9,10218.9,6631.46,396.39,,,,,,,,7836.6,5344.36,,,,,801.05,612.65,11544.33,5803.35,,,74944.4139,21111.9294,15011.8,3305.62,528.51,402.16,50527,46698.29,11395.31,32152.2,7469.18,11838.79,7528.99,167.22,723.68,1045.09,1577.46,11424.1,6111.94,37499.81,8919.03,2392.5,2092.75,tl_2025_10_sldu.zip,https://dev.planscore.org/plan.html?20260308T223329.823481956Z
DE,15,"SLDUST=""015""",8869.36,15835.3,0.0,8598.57,14865.68,360.16,6250.53,12946.04,1012.68,,,,8696.77,13977.6,642.16,6281.86,9505.36,281.78,,,,,,,,6183.92,4789.0,,,,,823.32,671.35,11941.19,5444.6,,,65793.2324,17306.4654,17689.13,4046.75,461.09,409.97,46948,46935.52,11978.63,32393.25,7662.86,11242.81,6640.76,397.74,876.56,535.87,1187.87,4472.39,3691.53,35575.2,9136.18,1076.47,1107.7,tl_2025_10_sldu.zip,https://dev.planscore.org/plan.html?20260308T223329.823481956Z
DE,16,"SLDUST=""016""",11286.0,11587.0,0.0,11504.99,11121.14,389.69,8251.57,10097.6,1089.06,,,,11365.63,10505.56,649.61,7845.48,7665.82,335.39,,,,,,,,9188.1,6659.29,,,,,1341.36,624.47,10095.31,5637.03,,,59591.4068,18628.4572,17809.78,4529.6,848.37,428.19,47734,48347.55,13295.6,32720.12,8527.29,10990.94,6902.26,600.8,1163.09,835.5,1390.64,8444.06,5759.64,36627.27,9687.75,2354.88,1965.42,tl_2025_10_sldu.zip,https://dev.planscore.org/plan.html?20260308T223329.823481956Z
DE,17,"SLDUST=""017""",12701.64,6501.7,0.0,13691.41,6977.21,383.44,10758.06,6748.47,1036.1,,,,13262.67,6544.16,656.6,9562.78,4963.32,350.13,,,,,,,,8288.53,5973.72,,,,,3285.4,1704.15,9306.54,5473.92,,,53204.3595,14167.8417,18300.31,4481.54,1798.38,984.52,48809,47190.36,12379.46,30405.25,8411.69,11485.79,7512.38,160.14,794.7,1222.59,1797.43,15059.85,7278.23,36773.86,9688.35,2825.14,2447.48,tl_2025_10_sldu.zip,https://dev.planscore.org/plan.html?20260308T223329.823481956Z
DE,18,"SLDUST=""018""",9709.0,14816.0,0.0,9261.84,13618.42,343.45,6862.17,12290.07,826.03,,,,9131.14,12965.5,620.67,6594.99,9627.1,329.81,,,,,,,,7106.04,5529.55,,,,,4032.11,1462.06,11401.41,5788.97,,,60472.3401,12742.8431,19411.45,5515.95,1809.39,1034.55,48379,50659.24,13701.4,34654.97,8953.7,13198.14,8781.38,299.62,1005.1,470.59,1284.8,6982.43,5222.18,36874.16,10602.76,2683.54,2474.33,tl_2025_10_sldu.zip,https://dev.planscore.org/plan.html?20260308T223329.823481956Z
DE,19,"SLDUST=""019""",13201.0,16806.0,0.0,10842.01,14091.96,273.9,7545.42,12222.05,725.07,,,,10692.08,13202.88,628.73,7547.5,9839.13,243.84,,,,,,,,8895.76,6558.23,,,,,2960.98,944.91,12651.12,6033.56,,,62502.121,17696.5478,19146.92,5173.42,740.17,389.42,49666,48965.95,13873.21,35901.78,9295.47,11422.23,6846.03,316.37,989.45,424.88,1142.06,4280.77,3496.77,36386.48,8726.24,2215.63,2174.2,tl_2025_10_sldu.zip,https://dev.planscore.org/plan.html?20260308T223329.823481956Z
DE,20,"SLDUST=""020""",14906.0,20312.0,0.0,12544.38,17642.71,283.82,8006.08,14521.5,740.45,,,,12319.68,16853.48,594.01,8745.93,12438.7,278.79,,,,,,,,12900.95,7678.23,,,,,1034.79,437.69,10416.73,5815.02,,,69812.5949,20344.3854,19968.47,4962.18,344.82,203.2,49084,45772.78,12466.43,37433.14,9480.99,13096.21,8001.97,396.63,1296.71,449.56,1462.75,2807.2,3137.06,43763.29,10299.56,998.76,1380.57,tl_2025_10_sldu.zip,https://dev.planscore.org/plan.html?20260308T223329.823481956Z
DE,21,"SLDUST=""021""",6852.0,14960.0,0.0,7229.11,13658.57,283.43,5705.51,12651.87,776.71,,,,7261.56,12786.37,558.66,5348.41,9255.23,235.86,,,,,,,,5303.03,4383.7,,,,,3506.16,1790.06,12065.02,5613.27,,,59573.9966,21310.9609,17312.63,4191.49,1266.61,775.7,48979,46858.38,12330.56,32070.23,8117.65,10884.02,7124.41,395.5,1020.7,310.4,1072.6,5591.11,4210.75,35962.79,10894.93,2100.74,2224.21,tl_2025_10_sldu.zip,https://dev.planscore.org/plan.html?20260308T223329.823481956Z
AK,1,"SLDUST=""00A""",7941.21,9395.47,0.0,9219.94,10087.37,742.63,6664.4,8720.2,2356.07,,,,9085.79,9594.32,1131.77,,,,2286.56,8777.29,6274.38,,,,,6556.4,3678.59,,,,,2439.0,648.0,8403.0,3122.81,,,61376.151,13968.9706,14163.49,2248.5,1365.0,491.0,35969,36703.94,5537.31,26331.85,4198.56,12095.11,4772.71,6478.4,2827.87,1753.0,1641.12,351.0,1052.12,27448.1,4881.78,1392.56,1242.81,tl_2025_02_sldu.zip,https://dev.planscore.org/plan.html?20260308T223329.262224048Z
AK,2,"SLDUST=""00B""",12287.82,7186.54,0.0,13250.92,7575.03,780.93,10181.27,6669.36,2474.05,,,,13017.79,7714.26,766.79,,,,3653.63,7984.03,7344.27,,,,,9625.6,5120.41,,,,,3056.0,1367.0,5839.0,3588.19,,,72149.5134,20415.2391,14435.51,3252.5,1802.0,963.0,36317,36502.06,8855.69,25790.15,6183.44,12616.89,6835.29,3718.6,2742.13,1859.0,1947.88,505.0,939.88,27986.9,6822.22,1397.44,1204.19,tl_2025_02_sldu.zip,https://dev.planscore.org/plan.html?20260308T223329.262224048Z
AK,3,"SLDUST=""00C""",8098.36,11054.24,0.0,8448.75,10953.06,736.24,6309.07,9151.68,2116.48,,,,8349.74,10646.35,888.7,,,,1778.98,6804.83,8530.2,,,,,7759.22,3695.13,,,,,3391.14,951.76,7241.26,2836.68,,,62930.2362,15616.1137,13065.44,2223.42,1645.33,638.46,37141,36963.96,5458.39,25953.23,4061.9,11387.37,4164.37,3345.43,2196.67,2114.74,1699.1,253.94,741.94,27975.15,5090.77,1332.26,1092.78,tl_2025_02_sldu.zip,https://dev.planscore.org/plan.html?20260308T223329.262224048Z
AK,4,"SLDUST=""00D""",5086.94,14724.14,0.0,5354.22,14933.75,671.34,3583.92,12632.52,1818.83,,,,5243.16,14517.57,990.87,,,,1150.86,6775.26,9720.24,,,,,5923.07,4330.08,,,,,945.02,546.4,8218.29,4312.18,,,72449.4057,21003.3885,13405.4,2761.57,495.97,371.55,36936,36766.93,8604.88,25202.84,5614.54,12150.26,6113.05,2781.12,2427.92,526.01,906.14,321.99,727.12,27864.77,6378.44,974.18,985.26,tl_2025_02_sldu.zip,https://dev.planscore.org/plan.html?20260308T223329.262224048Z
AK,5,"SLDUST=""00E""",9920.64,9939.03,0.0,11039.8,11068.1,618.0,8049.62,9692.86,2219.57,,,,10167.61,12032.17,535.35,,,,2015.14,9715.27,8042.25,,,,,11163.39,5820.65,,,,,2681.82,989.84,4753.12,3224.58,,,117013.829,27684.0,12548.85,2844.3,1325.38,496.46,36807,35034.75,9121.42,23724.76,5649.33,8541.25,5265.32,2294.87,2519.39,2157.94,2290.36,685.97,1243.49,26137.45,7878.75,1730.31,1864.73,tl_2025_02_sldu.zip,https://dev.planscore.org/plan.html?20260308T223329.262224048Z
AK,6,"SLDUST=""00F""",8801.76,8922.76,0.0,8925.58,9608.73,611.72,6899.53,8425.09,1879.63,,,,8303.02,10171.93,594.78,,,,1949.1,7888.44,7095.26,,,,,9209.48,5012.02,,,,,4323.18,1761.16,5443.61,3624.88,,,109118.9962,30513.1598,12300.96,2816.57,2727.62,1176.55,36320,34715.47,9022.72,23744.45,6039.17,9984.95,5975.01,2112.26,2448.1,3113.22,2827.95,1172.44,1817.33,25306.24,6863.21,2151.74,1759.93,tl_2025_02_sldu.zip,https://dev.planscore.org/plan.html?20260308T223329.262224048Z
AK,7,"SLDUST=""00G""",8027.86,6356.41,0.0,9123.17,7121.12,623.17,7064.26,6639.95,1767.04,,,,8722.6,7322.02,688.41,,,,2342.36,6337.98,6459.34,,,,,8049.53,6588.06,,,,,4889.63,2034.58,6592.41,4773.3,,,74280.6578,24243.3069,15255.57,4784.59,3210.88,1490.74,36398,36981.41,13035.06,26126.36,8733.37,11610.24,8660.86,3758.82,4273.65,3055.51,3542.24,1275.94,2152.43,27636.56,9712.29,2154.77,2394.94,tl_2025_02_sldu.zip,https://dev.planscore.org/plan.html?20260308T223329.262224048Z
AK,8,"SLDUST=""00H""",9708.8,8523.35,0.0,10293.42,8968.1,639.96,7901.46,8125.61,1936.93,,,,9636.99,9634.73,616.04,,,,2217.3,8424.99,7099.03,,,,,10993.79,6679.83,,,,,3851.24,1455.7,5133.05,3738.04,,,112977.7857,18816.8743,13792.18,3701.51,2614.95,944.38,36350,37202.77,11451.37,25189.49,7079.96,10385.44,6922.51,3216.95,3355.73,2718.79,2868.95,1275.11,2037.81,28126.51,9108.9,1518.21,1590.38,tl_2025_02_sldu.zip,https://dev.planscore.org/plan.html?20260308T223329.262224048Z
AK,9,"SLDUST=""00I""",6916.7,5091.59,0.0,7630.04,4947.4,504.3,6224.78,4357.78,1397.75,,,,7308.03,5038.74,514.46,,,,2042.18,4858.31,4717.56,,,,,7565.72,5163.13,,,,,2646.69,1010.17,5216.92,3735.22,,,55869.8136,18353.1894,13892.93,3563.94,1332.83,622.94,36226,37121.05,9909.43,22384.68,6607.79,10126.31,6083.78,2813.62,2919.77,1423.1,3711.78,2347.51,4503.37,26600.75,21908.07,2479.61,3517.04,tl_2025_02_sldu.zip,https://dev.planscore.org/plan.html?20260308T223329.262224048Z
AK,10,"SLDUST=""00J""",6748.4,5011.66,0.0,7891.38,5584.97,589.93,6480.6,4913.18,1507.62,,,,7665.32,5557.65,729.18,,,,2287.99,5054.77,5195.53,,,,,6595.54,4899.23,,,,,4563.46,1667.22,7268.94,5054.53,,,69050.1597,20002.4444,13151.88,4211.52,2553.46,986.49,36482,38494.71,13631.81,23609.24,7627.42,9260.45,6555.72,3856.09,3859.35,2970.64,3302.84,2235.99,2632.25,24380.79,8853.83,2154.42,2137.56,tl_2025_02_sldu.zip,https://dev.planscore.org/plan.html?20260308T223329.262224048Z
AK,11,"SLDUST=""00K""",7370.81,6577.8,0.0,8575.74,7502.08,620.77,6297.5,6973.83,1791.95,,,,8128.65,7653.81,721.02,,,,2399.33,6215.27,6086.81,,,,,6309.97,5302.16,,,,,4456.98,2035.33,6235.77,4608.83,,,75708.8391,18759.9135,13302.98,4267.16,2618.9,1273.45,36699,36153.27,12382.95,23246.88,7860.25,10781.51,7593.54,3943.31,4097.78,3305.22,3765.06,2941.18,2854.1,26386.79,9616.08,2100.38,2186.67,tl_2025_02_sldu.zip,https://dev.planscore.org/plan.html?20260308T223329.262224048Z
AK,12,"SLDUST=""00L""",7351.1,12586.63,0.0,7740.65,13563.75,924.97,5318.29,11980.44,2523.93,,,,7010.94,14095.03,858.54,,,,1653.89,8995.8,8620.37,,,,,10497.46,6039.59,,,,,1121.0,624.0,5036.9,3550.07,,,107415.9992,31996.0987,12800.45,3291.27,881.0,522.0,36237,36603.79,9478.39,24462.34,6318.2,10640.05,7178.58,1210.21,1584.72,973.73,1433.14,847.27,1351.03,26373.6,8349.84,1463.6,1461.41,tl_2025_02_sldu.zip,https://dev.planscore.org/plan.html?20260308T223329.262224048Z
AK,13,"SLDUST=""00M""",5181.43,14024.38,0.0,4695.97,13095.4,678.33,3178.22,11264.82,1695.75,,,,4659.5,12778.48,895.68,,,,1120.66,6380.26,8336.67,,,,,6001.04,2528.94,,,,,1141.69,493.62,7695.85,2659.24,,,87025.2366,11977.7259,11011.39,1224.94,642.15,288.27,37629,38600.02,5157.95,24388.89,3312.75,10997.3,3593.23,2606.41,1742.28,576.86,709.23,570.43,749.08,27797.15,3857.22,1327.74,837.33,tl_2025_02_sldu.zip,https://dev.planscore.org/plan.html?20260308T223329.262224048Z
AK,14,"SLDUST=""00N""",4022.65,13504.11,0.0,4076.35,13300.54,706.36,2628.31,10911.94,1577.85,,,,4075.04,12883.51,964.47,,,,943.66,5858.57,7978.62,,,,,5428.89,3362.0,,,,,1562.58,779.45,9564.09,4147.43,,,74610.1342,16905.6475,12130.06,1775.52,966.29,504.06,37592,40734.03,7601.04,26354.06,5189.12,12122.07,5003.96,2789.45,2220.12,772.42,1055.12,312.8,646.74,29141.97,5092.79,1239.32,1006.57,tl_2025_02_sldu.zip,https://dev.planscore.org/plan.html?20260308T223329.262224048Z
AK,15,"SLDUST=""00O""",5408.36,14727.51,0.0,5417.0,13955.61,729.84,3689.26,11236.33,1795.44,,,,5388.84,13436.89,1023.42,,,,1340.82,6280.28,8653.88,,,,,5424.41,3542.33,,,,,975.73,609.93,7631.15,3441.09,,,56872.2159,15945.2985,11079.26,2404.39,538.56,374.67,37516,34428.1,7570.33,23812.95,5326.55,11683.76,5544.95,2919.03,2169.47,539.03,944.18,493.02,984.11,28826.29,5698.59,1128.03,1177.6,tl_2025_02_sldu.zip,https://dev.planscore.org/plan.html?20260308T223329.262224048Z
AK,16,"SLDUST=""00P""",5123.34,7217.04,0.0,5715.09,7412.11,704.12,4233.85,6528.3,1628.5,,,,5316.01,7087.62,817.43,,,,1450.14,5423.96,4800.29,,,,,5141.45,3909.61,,,,,1490.41,819.35,5916.38,3643.87,,,65606.849,25373.4655,12724.59,3725.51,740.74,514.03,36816,35501.86,8879.58,20703.66,6041.25,10480.38,6417.83,3231.61,3442.13,1000.69,1420.75,2246.04,3099.18,26653.02,12839.85,2395.27,2526.4,tl_2025_02_sldu.zip,https://dev.planscore.org/plan.html?20260308T223329.262224048Z
AK,17,"SLDUST=""00Q""",5774.73,12384.03,0.0,5235.14,12127.28,900.48,3915.44,10742.4,2151.71,,,,5141.64,12024.28,942.65,,,,1176.6,7394.35,7894.63,,,,,7994.23,5935.59,,,,,693.31,349.34,6073.34,4591.68,,,76786.7991,25137.789,14632.09,4088.64,369.33,247.71,36882,40390.15,11875.23,26122.18,7920.31,12852.28,7905.67,1890.0,2305.62,415.64,885.73,972.97,1709.27,27185.54,9363.77,1634.75,1707.71,tl_2025_02_sldu.zip,https://dev.planscore.org/plan.html?20260308T223329.262224048Z
AK,18,"SLDUST=""00R""",8422.92,10027.87,0.0,10246.49,10510.53,877.15,7832.24,8857.18,2411.58,,,,9729.19,10701.98,956.02,,,,2288.67,8223.36,8228.58,,,,,8838.49,6587.94,,,,,2049.27,908.31,6575.77,4102.84,,,52599.0896,13461.1993,14046.46,3820.32,1322.93,675.26,36718,37665.49,10143.96,24783.1,6921.61,10931.41,7216.66,6131.44,3554.59,1094.62,1676.38,688.0,1403.44,27296.46,7856.61,1393.87,1629.76,tl_2025_02_sldu.zip,https://dev.planscore.org/plan.html?20260308T223329.262224048Z
AK,19,"SLDUST=""00S""",3954.26,3774.56,0.0,5561.75,3934.44,515.91,5067.96,2936.94,1791.63,,,,5129.19,3871.1,916.8,,,,1209.04,5371.29,3010.52,,,,,3254.2,2246.13,,,,,3885.78,760.31,9763.76,3192.51,,,48477.9573,9754.8077,9251.15,1487.64,1495.05,506.57,36079,35777.08,5093.72,21872.09,3930.83,8141.2,3067.91,15260.61,3440.55,1911.19,1208.9,588.78,852.79,23102.42,4396.17,843.15,676.51,tl_2025_02_sldu.zip,https://dev.planscore.org/plan.html?20260308T223329.262224048Z
AK,20,"SLDUST=""00T""",3541.89,3377.89,0.0,5336.58,3701.63,663.84,4934.02,2626.58,1924.69,,,,3988.96,4349.56,1253.6,,,,893.08,5384.68,3003.58,,,,,2635.11,2341.59,,,,,1021.06,624.54,8883.38,2235.02,,,52627.0369,6862.3128,8182.35,1197.19,474.66,221.43,36277,34649.18,4248.76,19632.79,3035.65,7278.77,2615.04,16414.77,3120.17,522.63,785.16,362.63,905.5,23328.53,3429.84,633.38,749.43,tl_2025_02_sldu.zip,https://dev.planscore.org/plan.html?20260308T223329.262224048Z
FL,1,"SLDUST=""001""",95014.13,193430.82,4263.36,101770.8,185567.65,5700.51,78327.1,164085.88,13339.79,87780.92,195908.25,5890.39,,,,74274.97,140824.69,0.0,69830.84,170965.4,10785.64,,,,,96975.17,69556.5,,,,,16080.09,8826.82,97190.56,58810.0,,,57183.9036,17643.7366,197381.32,51640.09,8869.21,5539.85,539263,522618.26,150585.12,358414.75,98629.99,145228.41,92673.52,5700.55,12546.51,12377.0,19903.61,65237.91,48528.72,416128.74,113848.21,21029.76,18755.43,tl_2025_12_sldu.zip,https://dev.planscore.org/plan.html?20260308T223329.938739843Z
FL,2,"SLDUST=""002""",74118.61,218068.99,4053.63,78215.76,206049.21,4904.48,60806.05,184935.27,12631.21,67685.82,219142.62,6201.55,,,,53785.58,149256.76,0.0,55732.26,187044.81,11354.34,,,,,97613.83,70077.5,,,,,22839.91,11693.18,114955.44,66242.0,,,50279.4513,16405.7233,210107.68,54894.91,11778.79,6798.15,538769,538571.74,148723.87,382364.25,101935.01,149544.59,94342.48,5824.45,13936.49,10748.0,19117.39,46007.09,38426.28,419311.26,112917.79,24035.24,22276.57,tl_2025_12_sldu.zip,https://dev.planscore.org/plan.html?20260308T223329.938739843Z
FL,3,"SLDUST=""003""",134788.97,147129.75,4035.99,148085.98,139342.54,3579.0,132425.39,125128.63,11095.93,126738.95,150144.81,5218.99,,,,131073.78,108790.31,0.0,129074.31,126506.84,8692.88,,,,,110969.0,80866.0,,,,,18479.0,9815.0,106247.0,66368.0,,,44411.6282,16617.5188,206108.0,60213.0,8304.0,5314.0,541142,544372.0,162358.0,359661.0,103697.0,112416.0,84558.0,3556.0,13581.0,7272.0,17710.0,119581.0,69239.0,427680.0,121655.0,25810.0,23933.0,tl_2025_12_sldu.zip,https://dev.planscore.org/plan.html?20260308T223329.938739843Z
FL,4,"SLDUST=""004""",117568.05,192559.79,4828.45,119548.31,182427.65,4627.63,88780.63,158816.82,12108.69,114200.5,190187.79,5220.89,,,,87878.44,142390.24,0.0,72850.82,172514.13,9601.85,,,,,135536.24,85346.57,,,,,25440.28,10641.7,89269.07,59656.27,,,71851.5345,21511.6394,196744.71,50957.09,15925.56,7293.94,542508,510932.01,150669.5,357434.66,101467.36,119545.17,84951.69,2975.45,10497.69,21540.31,26890.73,52846.14,44859.27,413014.27,116327.28,36949.01,31496.11,tl_2025_12_sldu.zip,https://dev.planscore.org/plan.html?20260308T223329.938739843Z
FL,5,"SLDUST=""005""",128934.72,91660.73,3700.34,148566.63,93892.57,4000.24,127790.63,87118.76,8945.09,125789.48,89638.59,4538.0,,,,116198.12,75305.59,0.0,108289.8,103457.1,8063.99,,,,,83373.76,69905.43,,,,,28376.72,14060.3,113749.93,71008.73,,,43822.3361,14840.5414,206434.29,59920.91,14922.44,8708.06,543411,523480.99,169793.5,356394.34,110474.64,132626.83,96433.31,2090.55,11397.31,13308.69,22923.27,166739.86,92163.73,398900.73,129323.72,32601.99,31125.89,tl_2025_12_sldu.zip,https://dev.planscore.org/plan.html?20260308T223329.938739843Z
FL,6,"SLDUST=""006""",103519.6,183626.51,4077.15,108424.49,175615.69,4126.44,88170.15,155482.78,11135.95,101013.22,180880.68,5596.93,,,,87997.26,134193.32,0.0,79809.74,161059.45,9228.43,,,,,97004.32,71706.93,,,,,19288.12,8859.43,107234.49,63304.02,,,53300.6617,16869.4067,188937.37,51086.8,10928.84,5875.75,538821,531218.3,154433.49,356569.58,100982.94,127349.21,88176.27,4137.96,11016.37,12314.61,18870.93,60043.03,48041.91,418139.75,117160.29,35185.58,28272.75,tl_2025_12_sldu.zip,https://dev.planscore.org/plan.html?20260308T223329.938739843Z
FL,7,"SLDUST=""007""",122064.01,236742.81,4520.46,121975.84,208398.81,3827.64,91909.46,169918.58,11069.79,119059.07,232432.68,5695.85,,,,92236.81,157428.48,0.0,82810.85,174806.22,10333.76,,,,,128227.71,81352.21,,,,,25519.53,11365.49,108575.61,66671.72,,,51213.9543,17101.2869,199983.79,51024.38,15822.26,7528.45,541606,523153.61,149416.85,383798.94,105652.48,129990.6,85249.49,3031.78,10848.15,10430.54,17679.63,34544.99,33083.16,439685.59,116405.53,32670.92,27453.9,tl_2025_12_sldu.zip,https://dev.planscore.org/plan.html?20260308T223329.938739843Z
FL,8,"SLDUST=""008""",116395.84,183332.31,3817.73,125196.59,169800.28,3713.44,104476.96,140093.11,11141.96,117508.23,175932.29,6499.78,,,,99035.0,122693.38,0.0,100188.75,137050.94,12750.83,,,,,92318.83,68537.11,,,,,26928.47,13347.24,125390.58,70805.44,,,53618.8314,15701.2499,211940.91,54583.63,16679.63,9362.09,543176,530170.59,155200.1,392026.58,109307.61,142326.16,91540.88,2949.54,11409.29,7672.46,16923.62,48189.33,42105.34,441908.22,125781.24,57783.41,40086.47,tl_2025_12_sldu.zip,https://dev.planscore.org/plan.html?20260308T223329.938739843Z
FL,9,"SLDUST=""009""",110227.79,178560.83,3402.91,117524.38,163524.97,3174.58,97723.13,138807.11,9420.09,108973.37,173913.1,5168.34,,,,93612.73,121981.81,0.0,92600.8,137585.0,11064.76,,,,,88914.68,72785.07,,,,,23179.88,10839.57,124673.51,73291.98,,,44358.8566,14170.4785,205295.63,57416.2,12519.16,7098.25,536986,514196.7,159140.51,367399.42,108849.06,124218.79,88062.73,3222.04,11513.63,10004.39,18359.07,59849.97,48414.09,428690.25,128678.71,51038.42,40761.25,tl_2025_12_sldu.zip,https://dev.planscore.org/plan.html?20260308T223329.938739843Z
FL,10,"SLDUST=""010""",141622.17,146393.54,5084.44,154920.23,141491.16,4356.2,123044.44,123933.6,14049.78,138536.64,144238.87,5784.3,,,,118545.04,111055.51,0.0,109583.77,134519.8,10649.6,,,,,162149.93,90225.86,,,,,59963.4,20970.95,74411.47,48562.66,,,69089.6952,18597.0439,205018.23,48177.05,37112.34,14470.22,535435,530055.37,137889.88,376628.26,95521.3,123614.42,79663.97,2095.83,9728.0,17147.63,22283.45,47530.18,40329.73,404389.54,107998.21,79636.34,49410.44,tl_2025_12_sldu.zip,https://dev.planscore.org/plan.html?20260308T223329.938739843Z
FL,11,"SLDUST=""011""",102986.9,242166.2,3334.16,104731.28,220987.63,3049.95,86352.83,184514.68,10041.29,106339.04,230604.51,6552.34,,,,84157.28,165405.71,0.0,87636.46,170753.9,16566.42,,,,,94359.38,71347.45,,,,,18582.57,9760.74,146389.1,77981.34,,,50506.5639,14071.9424,224732.7,55420.25,12347.77,7093.47,538539,524777.01,140996.91,422018.95,108769.39,156310.27,95543.3,3476.59,11397.44,6206.48,15298.33,21447.6,24965.36,463178.18,119569.79,38079.89,29843.57,tl_2025_12_sldu.zip,https://dev.planscore.org/plan.html?20260308T223329.938739843Z
FL,12,"SLDUST=""012""",106482.37,146307.11,3090.03,112512.93,135365.33,3094.12,89725.22,107871.88,8624.47,104857.32,141675.1,4631.05,,,,80284.1,95681.75,0.0,83989.09,107359.34,10336.14,,,,,72683.9,59587.3,,,,,34779.57,16398.71,119710.15,68012.64,,,48203.369,14706.1664,178624.7,47900.61,16016.7,9539.6,536474,511593.64,159057.97,358895.97,106778.94,132454.43,90077.93,2393.93,10252.83,7296.73,15895.1,62190.84,50427.57,409564.83,118869.54,96374.02,58255.68,tl_2025_12_sldu.zip,https://dev.planscore.org/plan.html?20260308T223329.938739843Z
FL,13,"SLDUST=""013""",125682.9,183463.58,4195.6,126241.92,164880.05,2913.72,90152.58,130469.21,8158.68,122792.08,179935.85,6030.86,,,,89228.17,122000.47,0.0,82418.52,132893.17,9936.77,,,,,114656.53,73116.02,,,,,20594.49,7741.66,96193.07,57937.97,,,58739.6187,16092.6739,181574.82,46967.53,12090.45,4904.25,536634,491115.67,143584.19,354353.52,100727.7,123564.91,83138.0,2524.0,8610.21,16860.17,19494.28,37859.14,37032.01,404938.65,109317.27,60542.45,40009.35,tl_2025_12_sldu.zip,https://dev.planscore.org/plan.html?20260308T223329.938739843Z
FL,14,"SLDUST=""014""",118265.95,137455.93,4141.7,144791.68,133726.15,3985.28,124443.28,110496.46,12546.61,115446.13,136149.87,4622.72,,,,111272.98,100055.81,0.0,111290.77,120820.29,10100.11,,,,,164221.55,107336.21,,,,,87983.06,26659.82,93564.72,65866.56,,,68023.2313,24323.1564,212760.34,57547.37,47203.7,17245.29,535992,546689.03,171699.79,389713.09,119892.94,107988.27,82801.38,1894.02,12738.36,17539.94,26227.46,32689.36,39938.26,390628.15,123275.03,111588.14,67094.25,tl_2025_12_sldu.zip,https://dev.planscore.org/plan.html?20260308T223329.938739843Z
FL,15,"SLDUST=""015""",119776.45,74014.97,2905.48,142750.99,71712.0,2639.83,123484.49,59487.56,7628.17,116473.9,73207.34,4496.02,,,,108121.5,53130.36,0.0,112336.85,66538.4,7580.5,,,,,91589.14,68182.82,,,,,95406.39,27309.0,106465.64,69212.96,,,53410.1518,17057.6513,181059.54,49107.49,43788.37,16482.66,534207,542138.55,175028.55,365058.83,116641.54,118704.42,83297.18,1490.69,8762.93,13938.94,20076.76,132442.49,78304.7,351546.65,120266.29,76179.76,52716.22,tl_2025_12_sldu.zip,https://dev.planscore.org/plan.html?20260308T223329.938739843Z
FL,16,"SLDUST=""016""",135511.4,79252.25,4000.08,160657.2,72370.09,3689.73,133838.79,54918.93,9188.07,133120.41,78045.14,4661.09,,,,122965.21,49697.83,0.0,124716.67,60230.95,8884.05,,,,,98130.45,72500.98,,,,,61662.04,24156.7,102957.09,66806.54,,,48488.1365,15695.7933,199066.96,55187.49,29393.73,13939.24,535448,520737.19,163089.65,347257.27,107099.95,114741.58,84179.02,1706.48,11820.54,9547.95,18587.47,124151.91,79459.95,382347.55,118410.24,73474.48,46006.04,tl_2025_12_sldu.zip,https://dev.planscore.org/plan.html?20260308T223329.938739843Z
FL,17,"SLDUST=""017""",127792.31,102102.41,4283.07,147822.26,97884.97,3818.75,127223.82,79220.88,12421.25,123889.23,100728.29,5898.75,,,,112927.79,72205.71,0.0,112781.36,91788.97,9626.36,,,,,130528.35,86607.87,,,,,51580.32,17253.01,77048.54,52910.31,,,71040.2677,21089.1773,176663.54,48294.0,27436.92,10417.75,533788,508081.59,156937.99,338332.58,104918.16,95509.42,71067.91,1797.47,8824.57,20825.27,24622.22,40892.0,41354.28,396227.2,117751.74,143016.09,73182.03,tl_2025_12_sldu.zip,https://dev.planscore.org/plan.html?20260308T223329.938739843Z
FL,18,"SLDUST=""018""",125959.24,152951.9,3984.93,145178.33,160129.27,4151.67,122341.45,138190.22,14104.57,126408.26,146691.87,5571.98,,,,120005.39,117277.58,0.0,117337.69,135215.47,15314.02,,,,,134432.37,89462.5,,,,,54279.86,20625.89,118419.35,71856.79,,,58005.389,17235.1909,236469.11,58752.16,33513.63,14274.96,542722,555774.33,158241.21,429656.89,118403.89,156894.14,103438.57,3106.99,13450.96,18609.28,27972.1,28807.16,36506.72,442728.83,125081.35,39686.21,33537.49,tl_2025_12_sldu.zip,https://dev.planscore.org/plan.html?20260308T223329.938739843Z
FL,19,"SLDUST=""019""",127576.42,190675.78,4696.01,134544.7,183111.95,4686.19,107609.23,159550.6,14827.8,126449.41,184655.76,7406.01,,,,108991.42,141108.98,0.0,101203.08,159745.81,15498.77,,,,,125669.47,82264.67,,,,,26141.0,11082.27,102504.81,67499.84,,,58887.8491,18285.6055,209581.29,54282.99,16753.1,7753.46,537497,528831.8,158015.05,393913.48,112579.91,142388.23,95138.63,2878.68,11502.56,11859.0,19510.75,41187.67,41498.51,435906.18,126200.23,45085.67,36482.63,tl_2025_12_sldu.zip,https://dev.planscore.org/plan.html?20260308T223329.938739843Z
FL,20,"SLDUST=""020""",122122.15,180029.62,3812.19,125792.5,160772.24,3517.07,94266.93,130763.8,10473.55,120561.09,176618.52,5028.6,,,,91989.79,119707.56,0.0,87962.9,132387.51,10825.16,,,,,116537.04,73831.3,,,,,48753.48,18752.83,108661.43,65644.84,,,64071.9455,18903.0879,191226.1,48612.68,24229.32,11001.11,535067,518584.8,151172.54,377889.92,108177.5,126146.72,82554.78,2413.88,10050.52,9810.22,16844.22,44738.5,41467.36,409662.5,114747.33,58754.97,42414.36,tl_2025_12_sldu.zip,https://dev.planscore.org/plan.html?20260308T223329.938739843Z
FL,21,"SLDUST=""021""",116709.68,176625.34,3950.02,130257.92,174650.24,4038.96,107346.57,149233.4,12631.74,117603.56,168754.6,6001.95,,,,105406.27,126825.4,0.0,104267.49,143386.63,14920.07,,,,,114124.58,75430.32,,,,,48159.73,19881.49,127784.78,71530.23,,,50710.0574,15610.0728,222385.4,53263.58,29098.43,13718.03,535205,527231.43,144312.77,402657.72,105349.56,138359.13,86465.39,2063.4,10698.59,9462.83,18259.02,22530.24,29372.7,422596.92,113517.8,41632.0,33803.23,tl_2025_12_sldu.zip,https://dev.planscore.org/plan.html?20260308T223329.938739843Z
FL,22,"SLDUST=""022""",135667.18,195966.84,3873.8,145041.71,180265.7,3251.51,117430.37,150651.01,10979.74,134245.1,192878.19,4202.31,,,,116052.24,138438.88,0.0,110402.19,151089.4,11402.62,,,,,151641.3,96797.78,,,,,43329.58,17013.47,114928.52,69978.28,,,62343.7711,20067.5887,227371.31,57176.72,22483.69,10712.51,533476,525766.19,151825.98,417189.81,114120.27,137481.47,94177.58,2278.03,11743.54,9053.0,18648.54,18901.25,25460.88,445065.25,121670.19,34599.18,32299.98,tl_2025_12_sldu.zip,https://dev.planscore.org/plan.html?20260308T223329.938739843Z
FL,23,"SLDUST=""023""",116733.34,167459.48,5061.1,120665.57,152204.03,3740.78,92034.43,121940.66,10320.38,116628.23,161402.86,6946.98,,,,88689.68,107635.93,0.0,85968.43,122418.12,11634.47,,,,,112131.33,68077.47,,,,,60000.68,22365.05,107430.01,60044.43,,,56968.6709,15311.2732,188607.08,43811.76,31219.72,13242.39,536137,532857.02,141581.14,371063.35,95747.5,123137.42,76032.97,2492.61,9657.06,17647.3,21510.85,48697.98,41830.76,410897.62,111722.26,82088.14,50401.08,tl_2025_12_sldu.zip,https://dev.planscore.org/plan.html?20260308T223329.938739843Z
FL,24,"SLDUST=""024""",114070.02,92851.26,2855.97,138727.13,84243.88,2157.64,122403.18,65902.81,6111.29,113011.1,89143.17,3322.99,,,,108689.41,57806.59,0.0,114652.4,70632.5,5041.31,,,,,99294.25,73515.12,,,,,147733.89,36255.24,107532.15,68556.04,,,53455.4248,16876.724,190041.83,53114.6,67362.56,21447.38,543535,531746.91,166936.1,373019.68,116470.41,115408.86,84516.58,1244.61,11045.02,8638.09,18204.85,89786.01,63900.25,347940.1,117174.16,85205.67,54107.56,tl_2025_12_sldu.zip,https://dev.planscore.org/plan.html?20260308T223329.938739843Z
FL,25,"SLDUST=""025""",115378.9,109199.48,3298.35,136557.56,93914.98,2735.34,119556.5,63574.96,7801.85,111859.09,107293.46,5093.25,,,,94774.04,60882.32,0.0,105288.87,74125.57,7915.62,,,,,84912.05,63828.43,,,,,45081.4,12791.39,92366.28,60402.1,,,59661.6952,17104.8412,148940.86,44308.93,23785.91,7330.12,533312,488868.83,160729.39,327041.82,105052.3,120116.83,85703.94,1511.0,7674.29,14137.0,17994.29,38160.19,37311.28,354642.96,109933.49,178921.35,81893.95,tl_2025_12_sldu.zip,https://dev.planscore.org/plan.html?20260308T223329.938739843Z
FL,26,"SLDUST=""026""",157597.81,140426.19,3433.52,181505.79,128651.86,2221.06,155582.12,106291.97,6691.52,155924.53,137040.68,3336.62,,,,145044.82,96414.11,0.0,144209.41,113487.5,5491.78,,,,,174195.75,104441.9,,,,,92152.71,28481.69,91488.4,59974.18,,,68762.607,20002.2551,219021.29,56680.46,53101.96,18385.73,540142,549793.36,160972.45,418216.11,119025.13,134356.93,91953.58,1646.22,11865.55,12151.42,21527.21,61188.28,49984.17,414309.86,121812.13,57411.07,43080.34,tl_2025_12_sldu.zip,https://dev.planscore.org/plan.html?20260308T223329.938739843Z
FL,27,"SLDUST=""027""",92098.12,192450.44,2929.5,98451.16,175022.34,2898.26,80768.66,144268.31,8737.49,88398.38,189440.99,4710.19,,,,76178.65,125719.74,0.0,73685.75,144168.18,11376.8,,,,,83564.77,64344.52,,,,,46271.67,19179.25,143401.47,77426.09,,,52126.8908,15461.2547,197382.14,50703.7,23281.9,12110.77,534545,546230.97,156606.72,403008.01,111939.77,141501.73,92204.69,2687.39,11622.74,6852.88,16382.88,34963.6,34002.8,425559.85,118735.94,60333.53,41434.01,tl_2025_12_sldu.zip,https://dev.planscore.org/plan.html?20260308T223329.938739843Z
FL,28,"SLDUST=""028""",99055.87,191203.93,3211.16,106199.75,167861.0,2237.03,82597.67,133804.28,7514.15,88597.81,198979.46,2610.97,,,,73535.94,128399.8,0.0,67132.09,146895.18,6075.72,,,,,130239.53,92628.54,,,,,66532.67,19514.31,109958.15,76447.73,,,57473.0687,20058.1659,200429.02,61841.51,27877.85,11143.1,537495,546391.49,182465.66,400056.04,133263.19,119225.51,93077.45,1857.34,12394.61,6655.39,17409.04,29524.29,33493.42,399115.2,127146.98,81588.44,52936.97,tl_2025_12_sldu.zip,https://dev.planscore.org/plan.html?20260308T223329.938739843Z
FL,29,"SLDUST=""029""",105912.93,177656.33,2902.97,115438.58,167279.79,2549.31,94926.42,139652.05,7667.03,107272.96,170529.32,4238.97,,,,90326.56,122933.57,0.0,96101.31,133839.01,8501.09,,,,,92528.22,77886.89,,,,,34907.0,14583.0,134898.12,84406.07,,,49634.9548,15638.9521,208333.01,60356.77,15626.0,8245.0,535749,538163.76,175435.31,407471.24,128540.82,139582.24,104816.67,3268.39,13150.54,6621.36,17552.12,55258.06,48214.46,426234.72,131193.56,58899.36,45167.57,tl_2025_12_sldu.zip,https://dev.planscore.org/plan.html?20260308T223329.938739843Z
FL,30,"SLDUST=""030""",132659.6,111715.89,3205.69,160403.25,103540.76,2064.87,139129.55,84525.39,6310.83,133307.88,106656.3,3377.46,,,,121805.03,69725.03,0.0,130618.06,89045.51,5214.78,,,,,137350.33,87344.79,,,,,139630.03,33701.39,96120.63,58955.57,,,69228.6474,19843.8057,197618.88,51748.73,78638.37,22268.45,539428,531346.42,156713.47,375231.26,107630.7,123578.12,83648.84,1305.37,9704.23,14253.6,20560.84,76614.85,56779.02,362831.3,112138.56,77703.63,50020.61,tl_2025_12_sldu.zip,https://dev.planscore.org/plan.html?20260308T223329.938739843Z
FL,31,"SLDUST=""031""",136884.22,198140.55,3824.01,142360.47,177276.02,2735.16,115171.74,146319.48,9362.2,136781.21,191981.57,4645.0,,,,111951.62,130325.19,0.0,117436.0,143550.24,6100.06,,,,,143103.43,92631.77,,,,,43260.28,15100.81,95059.7,65209.37,,,78675.6563,23899.967,201136.79,55306.04,25515.3,10062.93,540900,533022.14,163292.75,395107.07,119022.34,141910.29,102540.28,1739.78,10476.61,10014.63,19229.09,43513.52,40204.16,420770.36,124218.28,58927.08,44114.4,tl_2025_12_sldu.zip,https://dev.planscore.org/plan.html?20260308T223329.938739843Z
FL,32,"SLDUST=""032""",161394.37,69878.11,2777.66,193396.39,62578.11,1983.96,174153.96,49751.97,5553.18,162579.22,64827.5,3312.02,,,,150252.98,39576.19,0.0,167403.38,52722.01,4625.44,,,,,104391.96,78606.98,,,,,160308.86,36748.24,110702.07,72933.59,,,57347.6054,19255.4508,194052.62,53722.27,93312.93,24051.05,542051,542930.8,178341.99,379226.04,119315.83,128745.0,93647.02,1388.7,10669.52,11435.8,20290.15,161570.45,91164.06,358424.3,121552.9,76874.0,50486.38,tl_2025_12_sldu.zip,https://dev.planscore.org/plan.html?20260308T223329.938739843Z
FL,33,"SLDUST=""033""",100026.59,179969.33,3122.34,116959.12,174115.89,2181.55,94250.04,146839.07,7681.59,90383.53,183299.14,3334.82,,,,87183.67,132627.94,0.0,79027.0,157080.68,9248.99,,,,,124887.8,93304.65,,,,,33762.08,13719.73,127117.23,85541.54,,,61342.0723,20316.6198,214415.14,65590.18,17334.55,8306.53,538875,529229.91,180495.64,414487.98,137838.09,138990.33,105340.93,1966.34,13071.82,7119.0,18675.98,26733.27,34812.21,424745.12,136385.54,57943.01,45808.34,tl_2025_12_sldu.zip,https://dev.planscore.org/plan.html?20260308T223329.938739843Z
FL,34,"SLDUST=""034""",136299.1,59296.8,2336.03,175590.76,47992.6,1730.32,170874.18,28205.89,4361.17,135480.09,56047.76,3050.02,,,,143274.08,25684.53,0.0,158261.25,36718.81,4474.29,,,,,86484.3,77929.4,,,,,164186.6,33434.08,118447.35,78399.2,,,47167.6609,17024.4376,180035.51,56230.8,92976.93,22188.8,533571,550875.79,199166.51,373887.36,132267.98,111302.03,91131.99,852.0,12288.43,4692.32,16064.78,173961.34,103046.39,328765.01,132106.28,106720.84,66957.55,tl_2025_12_sldu.zip,https://dev.planscore.org/plan.html?20260308T223329.938739843Z
FL,35,"SLDUST=""035""",139970.73,116621.44,3486.24,172888.91,106539.35,2214.62,156665.55,77559.39,7186.6,141383.28,111355.8,3450.72,,,,130945.03,65616.87,0.0,143029.9,88968.43,5017.62,,,,,143207.03,97655.27,,,,,119015.14,23908.23,96267.92,63607.07,,,86187.8329,23118.4722,179565.99,51111.29,79021.82,17335.63,542250,551400.52,175308.85,379375.12,121799.46,117707.58,87848.17,1308.87,9315.73,19184.81,25153.05,77686.67,60748.96,362364.17,120536.18,147553.13,75021.35,tl_2025_12_sldu.zip,https://dev.planscore.org/plan.html?20260308T223329.938739843Z
FL,36,"SLDUST=""036""",82194.22,113742.81,2354.89,105818.55,105861.04,1643.0,106634.24,67720.58,5549.58,80509.1,110412.07,2783.89,,,,78605.25,64720.73,0.0,86375.19,86445.68,4043.16,,,,,144715.14,113448.72,,,,,201300.52,30482.16,107918.92,75617.75,,,53142.4999,21265.3307,217042.65,66887.62,101035.7,20464.83,540685,554179.88,191953.53,427040.32,146607.38,91252.34,82366.02,639.12,13087.7,5725.0,17556.61,17027.91,25081.34,308334.84,119843.19,233725.71,105085.11,tl_2025_12_sldu.zip,https://dev.planscore.org/plan.html?20260308T223329.938739843Z
FL,37,"SLDUST=""037""",119051.27,122104.14,2769.91,149290.53,114437.01,1955.15,135536.38,89638.7,6631.31,120670.73,115542.51,3188.25,,,,114424.36,72340.53,0.0,128155.87,92550.36,5670.65,,,,,147389.36,103081.52,,,,,138818.1,34569.55,98034.46,67579.37,,,59269.895,21695.4701,225028.05,65534.14,79918.6,22886.46,542618,526225.98,170852.8,403101.81,124614.12,136629.95,101335.05,1185.06,12956.01,8136.94,20139.56,52482.7,47469.21,366358.73,123753.0,104192.55,65654.23,tl_2025_12_sldu.zip,https://dev.planscore.org/plan.html?20260308T223329.938739843Z
FL,38,"SLDUST=""038""",114866.19,140908.57,2830.06,141105.61,121920.25,2024.66,134129.64,80333.63,7620.28,114952.33,137184.43,2950.05,,,,112073.71,77280.62,0.0,115394.12,98827.69,4958.96,,,,,138418.08,97322.25,,,,,112965.13,19960.01,85010.91,61187.41,,,77413.8723,30406.1916,166892.11,50782.71,68281.46,14192.55,543674,527140.07,180142.42,360440.58,122339.18,97469.23,78988.33,733.15,11828.75,7978.22,18325.34,46500.09,44482.39,349566.91,123803.79,219064.48,97545.73,tl_2025_12_sldu.zip,https://dev.planscore.org/plan.html?20260308T223329.938739843Z
FL,39,"SLDUST=""039""",61902.93,139219.6,1558.08,83823.01,124565.79,1238.72,98549.57,75400.22,5088.31,60837.95,134848.56,2377.07,,,,65401.74,71207.48,0.0,76866.22,95519.13,3711.36,,,,,96304.33,76976.17,,,,,168277.52,21559.07,113098.63,69668.59,,,56641.2804,19498.6983,168186.87,46219.75,96767.57,16092.29,534522,532886.96,164031.99,387582.81,120670.62,85205.19,68914.96,318.0,9474.6,2933.02,11869.6,12948.52,17618.22,298370.04,101012.0,264722.9,96736.59,tl_2025_12_sldu.zip,https://dev.planscore.org/plan.html?20260308T223329.938739843Z
FL,40,"SLDUST=""040""",88154.95,154763.62,2293.0,113310.41,138760.12,1934.63,113524.66,91928.47,7745.02,89027.89,149356.69,2879.99,,,,88323.58,84333.7,0.0,94692.73,109884.87,5226.84,,,,,115170.82,84079.24,,,,,123208.22,20140.51,97364.73,65975.8,,,78079.7265,25376.6405,165115.4,49480.82,79370.82,14344.91,542532,533542.41,172379.84,372339.59,118920.04,105510.24,78819.5,1167.73,10825.31,6113.78,15722.81,26300.6,29140.37,351607.67,117791.97,235750.61,96448.56,tl_2025_12_sldu.zip,https://dev.planscore.org/plan.html?20260308T223329.938739843Z
CT,1,"SLDUST=""001""",21061.03,8368.16,0.0,23134.41,8133.48,338.32,23087.06,6257.85,994.18,,,,,,,16719.08,5155.42,232.95,22941.42,5376.23,560.38,231.0,1987.3,1206.23,2889.21,14455.28,11663.68,12028.9,8959.04,63689.64,19237.64,19044.68,6434.94,18945.1,11477.21,27580.8,13164.33,73533.0865,19711.8043,37240.95,10405.77,7949.82,3419.32,94479,94763.1,27723.58,62011.65,18337.37,16712.95,12561.67,,,,,,,,,,,tl_2025_09_sldu.zip,https://dev.planscore.org/plan.html?20260308T223332.808122214Z
CT,2,"SLDUST=""002""",30131.56,7485.58,0.0,35292.69,5963.47,450.98,33135.67,5525.54,1166.53,,,,,,,27065.41,4701.96,294.98,32840.24,4828.12,688.56,188.0,2223.13,1767.38,3715.34,18934.15,15074.43,35198.44,18348.6,70033.34,22267.88,19354.66,6121.14,18821.62,12072.85,10411.77,7534.26,73003.7501,19000.2477,37716.54,11154.73,12025.12,4468.61,95924,95666.9,29985.54,65060.14,20188.43,22632.21,17925.33,,,,,,,,,,,tl_2025_09_sldu.zip,https://dev.planscore.org/plan.html?20260308T223332.808122214Z
CT,3,"SLDUST=""003""",27172.63,17171.38,0.0,30539.53,16582.89,815.46,25670.19,16042.52,1890.58,,,,,,,22506.45,12827.27,447.31,29543.79,12045.02,936.34,348.97,2280.57,3814.87,5482.46,23367.07,16259.23,9315.0,8270.73,70373.55,21816.89,16070.8,5449.36,20558.82,12374.67,12936.55,8874.69,90575.3305,24566.2422,38447.36,10329.14,8396.62,3450.87,99964,98430.66,30157.0,68437.77,20149.8,19045.02,14399.22,,,,,,,,,,,tl_2025_09_sldu.zip,https://dev.planscore.org/plan.html?20260308T223332.808122214Z
CT,4,"SLDUST=""004""",33184.0,19187.0,0.0,36230.0,19008.0,981.0,28464.0,18218.0,2691.0,,,,,,,26099.0,16474.0,578.0,31222.0,16099.0,1161.0,276.0,2194.0,3742.0,5112.0,33957.0,18587.0,5938.0,6461.0,73015.0,19865.0,10811.0,4046.0,16502.0,10874.0,7225.0,6891.0,86009.9513,25116.2892,40934.0,9819.0,6355.0,2772.0,102881,100308.0,27413.0,71324.0,18013.0,18358.0,13616.0,,,,,,,,,,,tl_2025_09_sldu.zip,https://dev.planscore.org/plan.html?20260308T223332.808122214Z
CT,5,"SLDUST=""005""",37962.73,16854.61,0.0,39932.64,17117.7,890.77,33750.51,16375.33,2445.33,,,,,,,31692.19,14881.82,473.43,34650.7,16192.45,1097.28,226.0,2309.3,4472.22,5438.18,43021.37,22453.73,4280.04,5494.51,71410.12,18242.34,16178.83,4443.59,9656.9,7373.45,6267.95,5577.44,114641.0227,34783.3351,39059.39,9220.5,10256.99,3248.81,98972,96994.35,25067.11,68930.62,16814.89,13437.59,10573.11,,,,,,,,,,,tl_2025_09_sldu.zip,https://dev.planscore.org/plan.html?20260308T223332.808122214Z
CT,6,"SLDUST=""006""",20251.22,15791.33,0.0,23265.0,15279.0,523.0,21326.0,13071.0,1361.0,,,,,,,17600.0,10137.0,281.0,23420.0,9607.0,779.0,88.0,1911.24,1566.87,3336.88,16141.76,12634.8,6892.96,7373.69,67677.06,20882.58,15809.06,5018.07,20795.44,12450.32,19149.19,11350.15,66919.3968,22326.2295,37195.3,10032.2,8531.49,3217.88,97776,96261.04,30643.6,62894.95,18436.19,18527.59,15095.11,,,,,,,,,,,tl_2025_09_sldu.zip,https://dev.planscore.org/plan.html?20260308T223332.808122214Z
CT,7,"SLDUST=""007""",27593.64,25992.91,0.0,29200.0,25327.52,1012.6,22556.38,24651.59,2782.73,,,,,,,21579.15,19416.89,569.48,28042.52,19434.08,1262.66,330.03,2041.31,2228.86,4156.86,27318.46,16514.17,5600.43,5338.3,81545.06,20049.79,5901.24,2785.62,21467.23,10790.66,5522.0,4788.95,94092.7784,24212.9314,38713.07,8922.07,3984.74,2120.05,101204,103991.09,26839.13,75293.77,17555.2,22931.1,15110.42,,,,,,,,,,,tl_2025_09_sldu.zip,https://dev.planscore.org/plan.html?20260308T223332.808122214Z
CT,8,"SLDUST=""008""",31872.18,26110.75,0.0,32618.93,26282.83,1170.87,25365.59,25207.37,2836.98,,,,,,,24794.03,22434.37,538.84,28566.38,22931.25,1130.33,382.09,2248.31,2043.21,3453.4,33656.07,17845.88,1529.25,3222.7,72046.17,16947.84,9835.48,3974.57,14435.25,8510.66,2745.09,3124.93,95596.353,27863.9061,38457.86,8403.47,5696.62,2666.64,98538,97639.77,24037.84,69675.09,15628.24,21374.87,14817.43,,,,,,,,,,,tl_2025_09_sldu.zip,https://dev.planscore.org/plan.html?20260308T223332.808122214Z
CT,9,"SLDUST=""009""",29924.21,21824.87,0.0,31900.72,21045.05,858.61,26479.36,19598.32,2381.04,,,,,,,24890.67,16109.46,455.95,30941.85,15195.36,1061.48,324.45,2165.86,3601.91,4539.91,30175.46,18341.0,6063.85,6059.94,75008.69,19671.31,13084.88,4089.13,18398.01,10872.06,5647.59,4914.46,79395.8136,23086.6053,41521.41,9556.15,8240.07,2936.4,101245,97279.44,24518.77,71582.38,18014.53,19768.92,14290.18,,,,,,,,,,,tl_2025_09_sldu.zip,https://dev.planscore.org/plan.html?20260308T223332.808122214Z
CT,10,"SLDUST=""010""",21472.63,7327.26,0.0,26379.39,4635.25,329.82,25877.38,3675.47,795.49,,,,,,,20008.33,2615.47,213.87,25646.77,2705.5,554.38,480.02,2164.13,1732.97,3104.36,15620.38,13560.67,26834.83,14880.23,63554.1,20720.39,13839.16,5085.77,20169.0,12103.2,12983.33,9047.97,48056.0413,19086.2116,33298.52,9793.01,4792.52,2316.11,96715,95423.9,31400.74,56773.37,18659.93,17084.26,14447.34,,,,,,,,,,,tl_2025_09_sldu.zip,https://dev.planscore.org/plan.html?20260308T223332.808122214Z
CT,11,"SLDUST=""011""",25661.94,6907.99,0.0,26591.28,7230.31,333.26,25915.61,6943.81,1175.37,,,,,,,23191.9,5311.54,285.48,24536.4,5304.3,731.19,216.41,2022.27,3324.74,4273.29,26770.62,18246.64,12519.14,11065.29,66810.1,20663.4,14270.7,5010.17,15380.24,10823.35,14223.26,8814.36,67540.6508,22253.9293,36190.96,10339.37,4875.0,2498.62,95706,92358.58,28760.67,59665.46,19191.8,13322.84,12423.82,,,,,,,,,,,tl_2025_09_sldu.zip,https://dev.planscore.org/plan.html?20260308T223332.808122214Z
CT,12,"SLDUST=""012""",35066.34,26485.84,0.0,36917.77,26087.78,936.24,29523.36,24892.55,2246.29,,,,,,,29566.19,20921.59,443.14,34833.81,19962.14,958.72,237.0,2166.46,2041.34,3984.1,37038.32,22551.9,1306.64,3247.84,78122.31,21798.49,6080.33,2691.24,18134.31,11680.77,2562.48,3450.93,100955.4496,34092.0256,39947.99,10102.47,3821.82,1853.65,97405,98505.87,27602.94,73761.81,19850.22,18416.98,14412.68,,,,,,,,,,,tl_2025_09_sldu.zip,https://dev.planscore.org/plan.html?20260308T223332.808122214Z
CT,13,"SLDUST=""013""",25104.86,18487.3,0.0,28840.66,19166.09,780.01,23785.69,17511.72,2049.94,,,,,,,22362.13,14074.89,458.86,27409.51,13749.74,939.89,239.55,2090.42,2471.44,4064.24,23553.79,15935.8,5503.9,6177.04,75334.93,21042.81,9011.48,3913.15,21487.22,12524.07,14609.24,9882.62,76623.1336,22210.4795,40187.17,10520.37,4977.13,2456.62,98700,98129.57,28342.71,70763.62,19420.0,21374.64,16369.24,,,,,,,,,,,tl_2025_09_sldu.zip,https://dev.planscore.org/plan.html?20260308T223332.808122214Z
CT,14,"SLDUST=""014""",25575.79,22930.19,0.0,30344.2,24503.98,713.76,23982.23,23603.98,1987.94,,,,,,,23907.59,18691.68,443.08,30587.26,16833.52,962.06,299.57,2264.6,3641.06,5237.37,30534.12,19001.56,4305.21,6077.03,73846.4,21513.87,12117.09,4493.57,18355.77,11185.88,5093.73,5008.23,102011.9773,27017.8849,37798.11,9608.7,7015.56,2905.61,94966,96353.47,29145.79,70819.07,19501.81,20435.41,14914.97,,,,,,,,,,,tl_2025_09_sldu.zip,https://dev.planscore.org/plan.html?20260308T223332.808122214Z
CT,15,"SLDUST=""015""",17368.34,15328.91,0.0,19732.23,14479.63,393.1,17761.13,13213.97,1052.77,,,,,,,14582.1,9827.8,287.23,19774.86,9699.87,738.97,318.91,2285.73,1019.33,2987.26,12903.6,12487.36,12703.16,10599.33,68179.57,21836.7,16031.98,6021.52,22775.0,13538.18,18924.71,11485.8,53481.0784,20433.2838,38577.52,11564.88,8365.7,3702.63,104093,100047.74,33398.62,66114.76,21616.56,21802.45,16370.78,,,,,,,,,,,tl_2025_09_sldu.zip,https://dev.planscore.org/plan.html?20260308T223332.808122214Z
CT,16,"SLDUST=""016""",24423.39,29388.15,0.0,25849.19,29221.06,796.79,20632.24,27308.35,2046.07,,,,,,,19670.51,22463.19,447.01,26480.93,21354.11,881.26,385.09,2017.65,1911.6,3557.62,25000.22,15709.14,5132.15,5361.6,78345.84,22298.82,8869.9,3836.36,22134.38,12893.24,7173.87,5823.23,96991.6025,24948.3842,38904.9,10278.4,6323.97,2984.5,102372,101660.99,28606.42,73127.68,19917.53,22193.73,15877.57,,,,,,,,,,,tl_2025_09_sldu.zip,https://dev.planscore.org/plan.html?20260308T223332.808122214Z
CT,17,"SLDUST=""017""",26501.35,20063.04,0.0,29565.36,20560.14,693.87,24132.96,19839.17,1832.43,,,,,,,22308.29,15373.6,380.38,31009.51,14694.63,894.99,151.0,1991.41,1973.82,3614.1,25781.21,19219.14,12422.07,10126.45,76136.85,24589.56,13707.07,5091.24,21918.82,13832.74,8866.36,7762.01,81358.3939,31021.7816,39000.67,11039.23,8378.4,3396.23,100433,100016.84,32016.12,72174.38,22318.95,21817.88,16530.58,,,,,,,,,,,tl_2025_09_sldu.zip,https://dev.planscore.org/plan.html?20260308T223332.808122214Z
CT,18,"SLDUST=""018""",26739.0,24016.0,0.0,27647.0,23235.0,1143.0,21375.0,21442.0,2722.0,,,,,,,21875.0,15817.0,623.0,27251.0,15561.0,1302.0,1138.0,3129.0,2358.0,4166.0,22556.0,15718.0,3040.0,4874.0,79030.0,21637.0,5972.91,2770.87,20612.0,11843.0,4332.0,4083.0,78814.9131,25554.6568,42350.0,11605.0,3310.91,1967.87,99206,100101.0,28338.0,70656.0,19637.0,25028.0,17966.0,,,,,,,,,,,tl_2025_09_sldu.zip,https://dev.planscore.org/plan.html?20260308T223332.808122214Z
CT,19,"SLDUST=""019""",25997.65,22852.84,0.0,26868.0,21865.0,1204.0,20974.0,20372.0,2715.0,,,,,,,20803.0,15806.0,620.0,25256.0,15445.0,1235.0,1296.42,3048.87,2991.95,4566.29,21030.69,14697.18,3704.54,5063.02,75186.89,21177.35,6711.44,2621.17,22289.27,13317.37,5859.17,5789.78,82660.7669,22803.054,39088.23,10650.47,4484.16,2091.97,98728,98020.87,28825.46,69950.26,19146.05,24297.15,17221.82,,,,,,,,,,,tl_2025_09_sldu.zip,https://dev.planscore.org/plan.html?20260308T223332.808122214Z
CT,20,"SLDUST=""020""",29602.07,20405.26,0.0,31225.28,19984.33,972.93,24787.9,19160.4,2395.82,,,,,,,24403.86,14853.69,592.96,29309.53,14530.72,1205.92,342.58,2248.69,1989.02,3504.28,26008.3,16813.74,5164.66,5996.02,73286.71,19824.63,9494.8,3815.65,17647.58,10567.72,6681.3,5038.59,92892.8349,21031.9166,38406.79,9889.64,5010.2,2421.75,96136,94600.63,26613.65,67092.62,18055.8,22246.76,16036.49,,,,,,,,,,,tl_2025_09_sldu.zip,https://dev.planscore.org/plan.html?20260308T223332.808122214Z
CT,21,"SLDUST=""021""",28512.75,27980.25,0.0,30744.86,28499.94,743.22,23350.77,27726.55,2135.97,,,,,,,23009.24,21426.45,442.67,30076.15,20403.56,1284.6,203.0,2031.99,2206.07,3925.36,30409.02,18194.26,5561.71,6519.24,79349.51,21530.61,12282.6,4072.13,20289.61,11799.72,7420.18,6355.61,101730.2332,30935.4036,40250.93,9657.88,7739.34,3065.55,103132,103181.62,28207.59,74966.99,19159.42,22065.8,15707.29,,,,,,,,,,,tl_2025_09_sldu.zip,https://dev.planscore.org/plan.html?20260308T223332.808122214Z
CT,22,"SLDUST=""022""",23766.75,16014.74,0.0,28461.61,15606.86,587.99,24238.7,15725.85,1452.98,,,,,,,21346.68,11989.9,287.99,26619.67,12724.89,668.98,186.72,1868.56,3455.44,4817.6,25627.84,17115.29,12058.56,9500.67,66213.78,20339.62,22987.18,6713.96,16159.2,10518.36,10805.76,7847.46,103205.6011,29287.0256,34203.94,9374.51,12269.36,4133.83,100585,96795.15,30367.39,64643.25,19224.36,18241.54,13835.24,,,,,,,,,,,tl_2025_09_sldu.zip,https://dev.planscore.org/plan.html?20260308T223332.808122214Z
CT,23,"SLDUST=""023""",18559.89,7425.37,0.0,21566.47,4464.92,230.0,20993.47,3125.95,505.99,,,,,,,15165.63,1866.97,119.0,20175.5,2145.96,408.99,192.28,2061.57,1099.79,2878.23,9422.61,9806.37,23273.96,13628.34,58085.36,19413.43,28257.47,8587.32,21322.78,12629.79,24244.8,12584.98,43818.4757,16182.8221,34453.65,10271.12,10717.53,4204.46,99338,99238.86,33033.22,62952.42,20043.17,19961.25,15603.69,,,,,,,,,,,tl_2025_09_sldu.zip,https://dev.planscore.org/plan.html?20260308T223332.808122214Z
CT,24,"SLDUST=""024""",22034.79,18656.81,0.0,24984.68,17513.84,533.26,20811.11,16326.95,1572.29,,,,,,,17713.04,11480.11,317.1,21513.27,14093.32,812.55,229.2,1974.69,3284.9,4815.17,26979.15,17035.14,5198.72,6200.91,65362.07,19532.29,15581.7,4152.8,17351.65,10750.22,8595.54,6792.38,85457.2567,28268.9736,36994.43,9948.97,6872.57,2224.13,103889,102436.35,30581.51,70251.17,19907.6,19236.38,14444.54,,,,,,,,,,,tl_2025_09_sldu.zip,https://dev.planscore.org/plan.html?20260308T223332.808122214Z
CT,25,"SLDUST=""025""",29948.77,16903.77,0.0,33283.42,15770.32,621.55,27268.63,14595.54,1833.34,,,,,,,24236.77,12048.6,341.09,27549.22,13535.17,876.56,187.0,2109.98,3347.43,4907.5,33570.46,19008.22,8284.23,7551.81,65577.8,20318.69,26264.24,7112.72,14218.69,10237.72,10496.66,8124.37,107179.3145,36365.3653,37827.29,9731.78,12280.74,4181.79,101594,99112.39,29156.59,70731.9,20107.85,18111.66,14620.39,,,,,,,,,,,tl_2025_09_sldu.zip,https://dev.planscore.org/plan.html?20260308T223332.808122214Z
CT,26,"SLDUST=""026""",38958.71,19214.2,0.0,43083.97,19340.08,1035.69,34504.35,18988.84,2643.66,,,,,,,31909.87,17619.95,350.46,32546.33,21814.72,962.49,275.16,2077.9,2871.78,4003.43,49303.76,22895.19,2026.49,3634.12,68760.64,16977.32,13931.81,3996.38,7044.9,5804.36,3719.33,3980.96,194554.892,60526.3924,36192.4,8144.31,7991.54,2775.68,102322,102062.92,25709.07,68095.73,15525.85,11136.01,9734.38,,,,,,,,,,,tl_2025_09_sldu.zip,https://dev.planscore.org/plan.html?20260308T223332.808122214Z
CT,27,"SLDUST=""027""",27968.12,16249.45,0.0,29433.77,12349.27,564.09,24881.81,10796.11,1369.68,,,,,,,21285.43,8829.26,344.2,22880.02,10243.81,705.66,179.0,1936.83,4227.97,5133.79,36569.44,21399.79,10469.33,9389.78,62390.09,19598.26,15069.66,3414.65,14056.46,9886.85,11525.88,9057.61,102652.8078,32207.8735,40045.76,10866.08,8246.28,2261.41,104835,100536.04,29832.83,71624.55,20603.58,15541.13,12823.23,,,,,,,,,,,tl_2025_09_sldu.zip,https://dev.planscore.org/plan.html?20260308T223332.808122214Z
CT,28,"SLDUST=""028""",35915.98,24514.34,0.0,38053.78,23704.21,929.94,29713.39,23573.44,2594.02,,,,,,,28572.77,19753.78,444.59,31160.87,22866.69,931.39,109.0,2088.79,2790.42,4256.79,43007.76,21061.01,1548.69,3178.33,77996.38,19733.46,11596.24,3701.06,11011.31,7609.67,4086.99,3855.73,131426.7697,36295.6969,36906.86,8591.22,7951.17,3033.41,104779,105652.32,26869.9,69810.58,17276.2,15400.77,11932.39,,,,,,,,,,,tl_2025_09_sldu.zip,https://dev.planscore.org/plan.html?20260308T223332.808122214Z
CT,29,"SLDUST=""029""",22928.23,21300.48,0.0,23144.0,19678.0,960.0,22875.0,18179.0,2770.0,,,,,,,21474.0,13325.0,576.0,27223.0,13468.0,1433.0,586.39,2345.52,2152.0,3180.0,16465.93,13375.09,2531.82,3580.23,82206.79,21368.14,6151.54,2268.14,19444.16,12014.92,8570.16,6144.37,70044.6436,20886.2177,36029.85,10127.82,2304.34,1393.94,104548,104017.4,27834.98,60947.39,17600.54,21049.94,15243.6,,,,,,,,,,,tl_2025_09_sldu.zip,https://dev.planscore.org/plan.html?20260308T223332.808122214Z
CT,30,"SLDUST=""030""",29915.64,29364.59,0.0,31449.72,28553.95,898.38,24823.52,27228.92,2660.59,,,,,,,24927.35,22186.45,588.42,29342.8,23099.13,1306.02,498.71,2999.98,1452.14,3875.84,30849.75,20047.48,1263.79,3630.89,79912.94,23663.75,8090.52,3234.49,21346.64,13279.52,3459.01,4008.02,91269.6823,28321.3589,41291.69,11652.19,4846.47,2234.62,104454,101868.47,30318.76,75797.31,21347.68,21433.89,16255.71,,,,,,,,,,,tl_2025_09_sldu.zip,https://dev.planscore.org/plan.html?20260308T223332.808122214Z
CT,31,"SLDUST=""031""",22951.31,27047.36,0.0,24719.08,26360.26,911.4,19817.74,24551.37,2043.93,,,,,,,18319.69,18702.28,480.43,26342.98,17968.28,930.21,254.0,2168.85,1365.0,3514.85,19566.21,14310.43,3139.0,4862.85,76970.74,20877.65,6581.0,3268.31,23157.22,13198.28,7559.0,6541.93,76255.8622,23981.7238,41259.93,10191.79,4823.05,2704.44,99747,99064.06,28268.84,71231.44,18584.32,23436.37,16780.49,,,,,,,,,,,tl_2025_09_sldu.zip,https://dev.planscore.org/plan.html?20260308T223332.808122214Z
CT,32,"SLDUST=""032""",28576.24,34914.43,0.0,29793.13,34170.94,894.86,23075.52,32634.96,2422.36,,,,,,,23095.57,26958.47,524.04,28284.28,27483.16,1018.46,197.0,2261.39,2115.25,4214.51,32716.14,20140.47,1552.97,3799.94,80743.98,22005.37,9086.26,3615.17,19169.05,11895.41,4355.07,5036.03,99796.8131,25781.4005,41745.65,11335.56,6027.23,2647.69,104874,103597.66,28874.63,76222.61,20539.67,22841.49,16912.8,,,,,,,,,,,tl_2025_09_sldu.zip,https://dev.planscore.org/plan.html?20260308T223332.808122214Z
CT,33,"SLDUST=""033""",33974.82,28044.42,0.0,34921.98,27163.46,1144.95,27307.42,26310.46,2905.88,,,,,,,27888.41,22138.71,623.97,33222.06,21151.81,1212.94,222.0,2285.44,1014.02,2938.43,31299.01,19333.08,918.79,2816.96,77086.4,20286.02,4425.86,2081.32,17362.15,10523.91,2444.52,3033.64,100252.8583,28683.0428,40308.98,10225.89,2509.73,1331.41,98299,98802.51,26733.89,73006.13,18684.16,23397.09,16423.7,,,,,,,,,,,tl_2025_09_sldu.zip,https://dev.planscore.org/plan.html?20260308T223332.808122214Z
CT,34,"SLDUST=""034""",25664.95,27812.12,0.0,27826.44,27842.82,742.9,22016.79,25539.05,1943.15,,,,,,,21374.8,19987.39,444.88,29383.03,17764.45,934.58,172.0,1976.37,2911.14,4511.4,25607.68,16517.9,2281.19,4022.75,75536.61,20088.72,7145.23,3138.78,24159.48,13006.51,5567.06,5280.5,84900.8903,26575.5759,38073.83,9289.87,4913.97,2340.47,96510,96462.53,27567.15,72323.6,19235.19,20181.98,14797.2,,,,,,,,,,,tl_2025_09_sldu.zip,https://dev.planscore.org/plan.html?20260308T223332.808122214Z
CT,35,"SLDUST=""035""",28325.76,26593.51,0.0,29945.0,25520.0,1237.0,23390.0,24224.0,3285.0,,,,,,,23382.0,19834.0,685.0,29424.0,19176.0,1480.0,483.61,2227.44,1563.13,3451.24,27159.57,17663.49,2235.18,4080.74,76910.44,20279.67,5263.66,2336.51,20772.87,12633.99,3390.29,3890.78,90242.6052,22773.8834,40414.46,10093.89,3109.04,1672.2,97513,97999.7,26336.24,70015.37,18009.1,20340.55,14526.81,,,,,,,,,,,tl_2025_09_sldu.zip,https://dev.planscore.org/plan.html?20260308T223332.808122214Z
CT,36,"SLDUST=""036""",31353.21,21880.66,0.0,37310.77,22449.15,934.62,29893.49,20757.55,2423.78,,,,,,,26226.0,19659.08,306.81,28674.07,23117.84,892.33,199.84,2157.45,3926.69,5100.73,49621.81,23836.77,2141.39,4148.07,70164.13,19322.7,18613.55,4486.16,8030.83,6766.39,5251.35,5041.91,223986.1113,50184.0377,36400.61,8493.56,9560.77,2823.85,104082,103167.22,27959.74,70475.16,18154.03,12245.8,10802.81,,,,,,,,,,,tl_2025_09_sldu.zip,https://dev.planscore.org/plan.html?20260308T223332.808122214Z
CO,1,"SLDUST=""001""",24256.31,64698.23,0.0,24595.19,61695.19,2023.08,18174.67,51758.06,5033.94,,,,23581.32,62873.71,1534.15,,,,23312.52,48281.74,2974.88,,,,,26858.17,17838.85,,,,,11215.33,5520.73,32511.15,17882.72,,,62533.4024,15887.5932,58606.81,13822.6,3616.21,2414.54,162836,161032.97,40440.49,109117.34,26411.82,41515.33,24016.74,1472.91,3715.83,1060.08,3920.42,1903.31,4726.09,117340.94,29215.89,22061.63,13756.66,tl_2025_08_sldu.zip,https://dev.planscore.org/plan.html?20260308T223333.355490517Z
CO,2,"SLDUST=""002""",46376.09,61192.77,0.0,43949.97,57294.51,2843.8,27678.99,46933.37,7734.73,,,,40876.27,60879.17,2131.73,,,,28618.02,48672.17,4202.53,,,,,52739.21,25891.45,,,,,6748.17,3081.96,14774.19,11200.43,,,124825.9352,25306.3764,52814.38,11561.71,3382.75,1823.54,166945,156125.61,38337.13,100475.48,23702.06,36009.25,22398.24,1015.33,3037.07,4657.46,6497.0,2503.12,4873.91,125176.31,32300.61,12413.12,9822.8,tl_2025_08_sldu.zip,https://dev.planscore.org/plan.html?20260308T223333.355490517Z
CO,3,"SLDUST=""003""",39328.0,43688.0,0.0,43772.0,42252.0,2277.0,35875.0,36265.0,6506.0,,,,42791.0,42098.0,2563.0,,,,40475.0,33051.0,4293.0,,,,,26386.0,20791.0,,,,,4486.0,3261.0,34160.0,21320.0,,,47690.062,15952.1309,65206.0,17086.0,1911.0,1770.0,168162,167412.0,49907.0,115171.0,31925.0,50420.0,31332.0,1831.0,5214.0,1250.0,4721.0,2860.0,6165.0,127885.0,37291.0,48125.0,24994.0,tl_2025_08_sldu.zip,https://dev.planscore.org/plan.html?20260308T223333.355490517Z
CO,4,"SLDUST=""004""",45471.64,64946.91,0.0,45292.66,66436.9,2907.52,32255.83,58221.23,7655.83,,,,43538.09,67984.25,2568.32,,,,35181.16,57225.53,5147.2,,,,,50429.24,29768.79,,,,,4503.3,2700.62,34311.59,19569.94,,,62395.6521,23594.2585,68200.88,16861.32,2348.42,1842.86,172626,173879.1,43348.17,134501.44,32407.64,50546.45,31609.33,2542.14,5210.87,1626.35,4863.43,2724.39,4960.65,144365.49,36236.02,11953.95,9122.46,tl_2025_08_sldu.zip,https://dev.planscore.org/plan.html?20260308T223333.355490517Z
CO,5,"SLDUST=""005""",44756.16,45379.5,0.0,45667.79,45896.39,2062.18,33927.5,40251.32,5855.73,,,,44331.72,46818.84,2019.17,,,,35746.29,38857.1,4413.46,,,,,40087.26,25896.8,,,,,13227.82,4839.03,30153.39,18410.17,,,61572.5656,20856.669,62798.54,16353.66,4166.29,2455.77,163326,161209.2,44418.12,113409.22,30513.35,41052.89,27779.57,1579.88,4292.92,1252.7,4107.69,1123.83,4159.43,120876.99,32685.6,16793.79,13070.81,tl_2025_08_sldu.zip,https://dev.planscore.org/plan.html?20260308T223333.355490517Z
CO,6,"SLDUST=""006""",48040.35,47465.4,0.0,49438.23,47300.25,2319.33,37371.63,40399.97,7426.37,,,,48075.37,47859.08,2183.88,,,,39992.55,39283.85,5054.96,,,,,42115.18,24690.38,,,,,5426.15,2649.4,29103.63,16316.47,,,53882.7226,12805.223,65559.4,15065.25,2113.25,1388.73,161109,162877.81,38914.91,116082.49,26939.0,47776.1,26296.9,7167.9,8161.36,957.4,4094.12,1030.15,4261.94,128632.09,31522.88,22948.96,12375.42,tl_2025_08_sldu.zip,https://dev.planscore.org/plan.html?20260308T223333.355490517Z
CO,7,"SLDUST=""007""",34764.0,58417.0,0.0,32649.73,59478.2,2258.82,22496.94,52112.63,6342.61,,,,30563.78,59855.07,2554.86,,,,24987.7,50813.81,4761.71,,,,,30111.68,20851.93,,,,,4999.47,3233.46,31188.62,19007.54,,,69391.5711,16286.1269,61977.19,14916.3,2275.08,1650.38,160971,158635.53,44431.65,110259.1,29769.29,48901.3,30952.59,1639.18,3927.27,1316.46,3887.25,1273.66,4059.31,124931.2,32793.11,13518.33,10716.69,tl_2025_08_sldu.zip,https://dev.planscore.org/plan.html?20260308T223333.355490517Z
CO,8,"SLDUST=""008""",49337.72,39982.69,0.0,52253.26,40748.16,2391.66,38789.94,37413.08,7062.29,,,,50428.13,42224.01,1938.1,,,,39904.47,36323.23,5973.88,,,,,53583.88,37588.88,,,,,8406.56,3581.11,22707.36,17210.82,,,74943.177,22918.7326,61412.88,19496.79,3242.38,2102.11,161589,160296.45,50206.32,116874.19,38238.36,38962.71,29923.94,1611.03,4989.45,1262.43,4756.94,1376.36,5061.32,123184.72,40703.41,14102.92,11549.08,tl_2025_08_sldu.zip,https://dev.planscore.org/plan.html?20260308T223333.355490517Z
CO,9,"SLDUST=""009""",43909.22,59431.93,0.0,39248.0,58661.63,3137.87,24341.46,50263.93,7919.09,,,,35748.42,62764.3,2348.99,,,,25020.68,53581.16,3842.06,,,,,57312.31,27312.63,,,,,3844.38,1799.02,11790.06,9292.04,,,102452.0853,23111.9345,54813.66,11785.84,2315.59,1269.21,164614,152901.73,36317.32,100402.61,22379.79,32849.74,20832.7,1339.11,3102.43,5818.69,6748.01,4206.24,6043.38,124139.46,28174.39,10377.97,7655.14,tl_2025_08_sldu.zip,https://dev.planscore.org/plan.html?20260308T223333.355490517Z
CO,10,"SLDUST=""010""",40662.28,49363.41,0.0,39246.68,50180.99,3609.66,25118.58,45775.56,8433.16,,,,36784.58,52606.95,3126.25,,,,26716.91,47289.86,4735.92,,,,,42053.92,25249.5,,,,,5903.33,3033.13,22149.8,15314.91,,,76880.6531,20344.6706,63117.94,15116.1,3299.85,1774.68,168317,166603.22,46208.76,110806.59,29753.79,47653.44,29996.02,1523.39,3791.62,4372.78,6581.68,7208.56,9269.73,128429.9,35757.2,17350.6,12446.6,tl_2025_08_sldu.zip,https://dev.planscore.org/plan.html?20260308T223333.355490517Z
CO,11,"SLDUST=""011""",31269.31,28645.97,0.0,33005.21,28098.21,2972.24,22857.76,25293.07,5706.43,,,,31738.67,28574.6,3179.19,,,,24024.81,24700.8,4393.17,,,,,23284.23,18650.56,,,,,14493.68,5831.83,28673.13,19220.08,,,48093.3808,14616.2457,63301.42,16440.96,5924.5,3052.75,165985,166687.62,50728.01,104105.68,30355.36,49634.9,31937.88,1649.04,4156.83,3933.19,6319.24,14155.98,13757.4,118424.89,36392.74,27323.03,18557.67,tl_2025_08_sldu.zip,https://dev.planscore.org/plan.html?20260308T223333.355490517Z
CO,12,"SLDUST=""012""",39980.8,36795.45,0.0,40893.71,37933.42,3119.35,30014.72,35032.83,7112.68,,,,38989.33,39405.66,2999.41,,,,31505.56,35206.27,4831.57,,,,,41278.39,27644.9,,,,,5384.91,2706.78,22372.55,16498.01,,,66217.0922,20377.0625,62540.94,16175.03,3226.15,1679.38,168536,167839.75,49172.24,109479.23,32394.29,46884.49,31323.82,1533.88,4319.2,3891.74,6559.33,9387.2,10140.66,128676.47,35613.87,20678.62,14388.27,tl_2025_08_sldu.zip,https://dev.planscore.org/plan.html?20260308T223333.355490517Z
CO,13,"SLDUST=""013""",27534.94,34924.43,0.0,30325.32,32788.64,2017.73,24436.22,28110.24,5519.81,,,,29675.06,33355.82,1847.45,,,,26794.05,26571.98,3648.36,,,,,19753.59,16794.69,,,,,17531.61,6539.6,31476.48,18884.93,,,65650.4549,18262.4074,50283.06,12632.34,6116.62,3454.28,161486,164431.73,47220.38,101200.37,29259.85,38959.45,25309.86,1269.48,3580.12,1880.53,4445.0,2840.09,5174.28,107908.78,31058.5,38330.38,20415.73,tl_2025_08_sldu.zip,https://dev.planscore.org/plan.html?20260308T223333.355490517Z
CO,14,"SLDUST=""014""",63594.44,24727.83,0.0,64937.56,26794.06,3089.72,51494.73,27315.33,9550.16,,,,60254.14,28526.25,2241.15,,,,51445.95,29359.44,6064.63,,,,,52276.0,28511.89,,,,,10517.44,5001.31,14851.77,11461.72,,,74748.7696,20002.6793,59817.92,13085.29,3825.36,2505.08,160676,158190.36,39053.93,96250.43,24731.06,29682.57,20867.56,1472.59,3934.98,3527.91,5769.98,2405.66,5215.6,129769.75,34414.7,13149.33,10216.91,tl_2025_08_sldu.zip,https://dev.planscore.org/plan.html?20260308T223333.355490517Z
CO,15,"SLDUST=""015""",56129.71,47871.7,0.0,55680.33,49545.25,2996.84,41292.41,45697.31,8558.82,,,,52154.62,50440.44,2323.03,,,,43201.96,45869.6,5959.14,,,,,53114.35,32754.58,,,,,3432.65,2016.07,25041.95,17297.95,,,85731.5423,26802.4662,66478.65,17219.3,2136.9,1430.95,160634,166566.71,48834.4,120804.35,32801.7,45085.17,30129.88,1094.15,3896.65,1776.87,4883.8,1018.8,4312.62,127648.66,36344.96,10686.22,9697.83,tl_2025_08_sldu.zip,https://dev.planscore.org/plan.html?20260308T223333.355490517Z
CO,16,"SLDUST=""016""",59492.58,45633.69,0.0,60888.14,48572.29,2938.87,46069.68,46632.03,9297.48,,,,57938.19,52430.74,1919.02,,,,47696.71,48950.66,4585.12,,,,,67125.21,31663.72,,,,,10496.3,5232.72,18166.2,12613.52,,,105101.2485,28567.3768,67169.19,13856.28,5916.13,3374.28,166100,168943.36,39603.93,122161.44,27026.5,41901.0,23948.88,1006.64,3662.13,3385.46,5699.44,2117.97,4961.23,126560.94,30076.79,10495.23,8550.21,tl_2025_08_sldu.zip,https://dev.planscore.org/plan.html?20260308T223333.355490517Z
CO,17,"SLDUST=""017""",68883.62,29008.98,0.0,67083.22,29315.54,2569.84,47454.41,26576.68,7304.08,,,,64637.31,32123.82,2045.88,,,,46668.02,28565.69,5471.49,,,,,55669.55,28559.36,,,,,12269.02,4479.28,17525.04,12228.9,,,96720.6414,22051.5588,59805.08,13486.53,5558.75,2692.21,164658,157310.25,39760.29,109025.78,26540.58,34094.8,21750.97,1169.57,3432.37,4432.27,6227.11,1584.5,3952.44,122739.42,31571.09,17753.57,12691.95,tl_2025_08_sldu.zip,https://dev.planscore.org/plan.html?20260308T223333.355490517Z
CO,18,"SLDUST=""018""",77532.36,13714.59,0.0,85741.88,14392.99,1913.99,77928.64,14732.12,6733.13,,,,83502.79,16616.21,1522.76,,,,73253.8,17075.88,7350.89,,,,,75987.0,35701.61,,,,,12825.45,4303.32,6553.66,7092.96,,,108998.0077,28373.5292,64418.56,13743.79,5624.81,2480.22,164205,163910.22,38222.97,102030.36,24278.77,21428.65,17148.62,995.15,3602.8,6765.68,7607.19,1912.64,4806.27,128443.43,32641.25,10698.34,8704.14,tl_2025_08_sldu.zip,https://dev.planscore.org/plan.html?20260308T223333.355490517Z
CO,19,"SLDUST=""019""",59249.26,39794.29,0.0,60991.08,42496.18,3047.66,43875.76,39959.14,8736.11,,,,58987.53,44998.05,2409.9,,,,45149.78,39943.96,5356.62,,,,,48381.41,25943.39,,,,,8897.61,4536.2,26867.21,16341.54,,,91995.0339,22143.4086,63332.73,13006.73,4963.18,2901.26,164250,161194.41,38039.2,116905.09,26675.52,43358.46,25490.0,1149.46,3621.46,3728.14,5622.4,1810.24,4691.64,126264.84,32053.21,16782.49,12210.29,tl_2025_08_sldu.zip,https://dev.planscore.org/plan.html?20260308T223333.355490517Z
CO,20,"SLDUST=""020""",62961.24,44194.35,0.0,64307.96,46216.86,3110.3,47213.13,41994.94,8561.59,,,,61638.31,49739.2,2209.43,,,,47736.69,42986.78,5169.86,,,,,63506.51,30816.79,,,,,9182.98,4470.87,20729.81,14031.9,,,111360.889,27140.5097,64405.76,13250.91,6175.01,3469.36,167911,165827.9,39067.79,121254.27,27179.08,39446.36,23608.42,1012.87,3404.45,4591.4,6528.99,1402.95,4201.91,130453.12,31179.05,14666.69,10914.5,tl_2025_08_sldu.zip,https://dev.planscore.org/plan.html?20260308T223333.355490517Z
CO,21,"SLDUST=""021""",36219.51,33571.07,0.0,40280.14,29580.81,2021.67,28819.96,23903.98,4863.41,,,,39494.98,29766.59,2221.47,,,,29099.07,22268.42,3375.11,,,,,20461.66,15811.95,,,,,22517.47,7283.2,30010.1,18270.38,,,81537.7222,19399.7718,50977.27,13646.56,7587.86,3751.59,168413,158674.23,48403.47,100660.69,28622.83,36333.76,23168.25,1218.49,3335.89,3552.5,5637.32,2920.22,5055.91,110483.83,32969.48,43374.45,22758.83,tl_2025_08_sldu.zip,https://dev.planscore.org/plan.html?20260308T223333.355490517Z
CO,22,"SLDUST=""022""",58021.67,28640.46,0.0,61706.44,29459.39,2772.07,46087.72,28048.61,7620.17,,,,60146.87,31210.5,2382.92,,,,46188.49,27554.87,5690.38,,,,,48771.98,30319.82,,,,,9508.83,4215.75,27319.25,19359.47,,,73240.986,23212.6366,67068.35,16129.43,4456.4,2620.46,162063,162239.41,46432.98,118227.44,32514.3,42372.03,29768.15,1938.63,4786.02,3990.77,6570.64,2619.65,5581.48,131032.36,37613.98,23093.74,15897.7,tl_2025_08_sldu.zip,https://dev.planscore.org/plan.html?20260308T223333.355490517Z
CO,23,"SLDUST=""023""",46782.45,61297.88,0.0,40408.57,54398.43,2733.36,24854.61,40746.56,6780.18,,,,37659.99,56626.8,1881.47,,,,26703.36,41451.88,3647.4,,,,,35150.36,19638.41,,,,,5285.19,2569.39,20193.61,12161.59,,,101876.6862,20738.2397,45286.46,10055.96,2403.34,1400.19,160739,134242.76,32142.29,90554.57,21041.98,36161.29,21152.44,1310.38,3115.24,3371.62,5208.53,1343.89,3485.53,124629.33,28276.42,16117.6,10750.44,tl_2025_08_sldu.zip,https://dev.planscore.org/plan.html?20260308T223333.355490517Z
CO,24,"SLDUST=""024""",40846.84,35556.4,0.0,43569.7,33512.16,2390.87,30864.2,27823.72,5763.14,,,,42086.26,34732.4,2289.1,,,,31154.15,26787.22,3652.74,,,,,29176.57,19669.46,,,,,22235.28,7571.84,29432.7,18090.55,,,92109.4552,20634.6064,54242.85,13388.45,8583.61,4039.27,166994,168505.06,50018.26,106992.46,29668.94,37950.57,24870.47,1333.95,3507.01,5563.73,7550.39,2974.63,5678.01,108864.33,32706.48,32825.98,19009.18,tl_2025_08_sldu.zip,https://dev.planscore.org/plan.html?20260308T223333.355490517Z
CO,25,"SLDUST=""025""",56629.58,34860.51,0.0,58971.84,35999.19,2759.91,41829.65,32234.27,7574.75,,,,56316.32,38523.66,2286.56,,,,41807.04,32249.11,4696.52,,,,,49052.32,26105.79,,,,,13231.52,5810.92,23375.91,16080.66,,,94698.5148,26047.0564,62332.95,14559.87,6999.49,3586.78,168789,164313.87,43296.93,113495.57,29331.6,40495.68,25934.45,1264.84,3785.5,7165.69,8212.8,2727.52,5775.0,126959.05,34258.01,23268.38,16804.8,tl_2025_08_sldu.zip,https://dev.planscore.org/plan.html?20260308T223333.355490517Z
CO,26,"SLDUST=""026""",52566.69,27696.4,0.0,60117.23,28953.52,2319.16,46340.54,27641.08,6753.82,,,,57763.55,31557.86,1867.0,,,,46698.02,29291.88,4134.83,,,,,61746.61,34532.12,,,,,14287.75,5896.88,19417.76,16125.41,,,84083.6413,21956.1219,69896.32,16755.68,5799.12,3120.4,163784,163892.55,46615.88,118069.1,31894.63,37595.8,27875.38,1111.0,4177.62,5360.47,8098.63,8700.09,10970.24,119977.7,33958.03,15884.23,12216.01,tl_2025_08_sldu.zip,https://dev.planscore.org/plan.html?20260308T223333.355490517Z
CO,27,"SLDUST=""027""",51035.41,39838.38,0.0,53648.94,39901.16,2439.62,36480.62,34070.93,6652.98,,,,50585.03,43188.3,1841.74,,,,36990.96,36339.53,3419.24,,,,,54481.24,24838.98,,,,,15643.89,4939.1,16149.3,10738.69,,,120957.3667,22672.2953,54511.99,11243.67,9408.2,3391.04,165429,156227.4,35570.15,104150.8,23032.45,33222.4,20022.17,797.07,2728.82,9993.21,8518.95,10641.17,9877.3,117516.24,26634.6,12604.33,8690.49,tl_2025_08_sldu.zip,https://dev.planscore.org/plan.html?20260308T223333.355490517Z
CO,28,"SLDUST=""028""",36104.97,21036.81,0.0,40485.04,18438.77,1614.41,29763.49,15928.56,4200.89,,,,39246.36,19118.37,1812.9,,,,29783.38,16369.92,2880.7,,,,,22250.87,16557.55,,,,,32545.51,8407.25,31983.09,20206.41,,,69581.9853,18889.293,51724.47,13141.55,8651.56,3756.36,163275,160173.42,46746.55,102500.99,29855.67,35207.41,23264.71,1156.73,3463.29,5845.59,7654.17,19330.37,15673.37,98753.89,29726.34,26901.01,16712.83,tl_2025_08_sldu.zip,https://dev.planscore.org/plan.html?20260308T223333.355490517Z
CO,29,"SLDUST=""029""",41831.08,23607.83,0.0,51315.29,24362.21,2122.44,40277.19,23177.83,5749.51,,,,49485.19,25536.64,2265.65,,,,41035.16,23646.35,3985.35,,,,,34609.45,22990.22,,,,,27821.53,9332.19,28801.62,18021.61,,,75793.2631,18030.8975,60915.87,15067.52,12031.53,5110.8,162059,164527.4,48931.25,111993.49,31328.54,43711.8,26839.78,985.67,3427.42,6488.43,8822.76,18693.13,16689.29,109178.55,33816.89,20147.14,15056.96,tl_2025_08_sldu.zip,https://dev.planscore.org/plan.html?20260308T223333.355490517Z
CO,30,"SLDUST=""030""",57320.0,54548.0,0.0,54476.27,52858.11,2510.03,37127.86,46359.33,7588.06,,,,50902.51,57472.43,1601.05,,,,37371.83,49792.73,3672.08,,,,,72531.98,30118.35,,,,,12566.05,4544.61,11223.72,9301.55,,,137704.2121,27465.2728,60677.96,11890.05,6992.8,3122.42,168443,166867.31,36333.38,112794.98,23919.41,34063.99,21144.99,637.59,2583.32,7186.45,7631.45,2295.5,4800.8,123694.28,28564.44,9586.73,7332.81,tl_2025_08_sldu.zip,https://dev.planscore.org/plan.html?20260308T223333.355490517Z
CO,31,"SLDUST=""031""",79788.0,16151.0,0.0,88976.46,16834.35,2305.72,71341.69,15594.12,6985.75,,,,86362.89,19914.49,1685.43,,,,69188.57,18500.72,4985.2,,,,,86203.75,44604.72,,,,,7301.72,3076.38,11898.0,12568.2,,,99893.4447,31974.1899,79036.69,18826.91,3325.27,1901.53,164017,153589.83,41433.8,124882.4,34395.2,30039.83,24219.85,1052.95,4224.73,5092.84,7443.14,8382.93,10497.05,136558.82,36046.58,13984.23,11395.28,tl_2025_08_sldu.zip,https://dev.planscore.org/plan.html?20260308T223333.355490517Z
CO,32,"SLDUST=""032""",55688.0,18973.0,0.0,63846.67,19610.39,2224.81,51048.87,18450.39,6023.17,,,,62198.2,21442.25,1844.94,,,,50632.49,19836.75,3998.11,,,,,54844.44,34126.65,,,,,25737.09,8423.17,25556.03,19206.24,,,74409.6403,23417.8603,67383.8,17285.52,9689.96,4915.09,161289,172269.57,53431.6,123357.81,37930.4,36430.93,28158.96,1498.35,4675.03,5191.38,7638.5,8133.84,9502.85,121297.62,36970.19,26744.42,18102.47,tl_2025_08_sldu.zip,https://dev.planscore.org/plan.html?20260308T223333.355490517Z
CO,33,"SLDUST=""033""",58654.0,13274.0,0.0,66506.16,10442.82,1523.72,52259.06,7703.2,3717.62,,,,65328.7,11583.34,1453.61,,,,50481.39,9689.92,2746.2,,,,,44420.34,27642.26,,,,,25522.28,6752.62,20907.4,15968.86,,,97453.9809,26285.7843,50754.95,13713.48,8951.73,3465.47,164410,163753.16,52508.32,106603.34,32805.35,32277.7,25407.66,1089.69,3754.92,5097.92,7073.35,25074.47,18793.2,107153.2,34062.73,27029.02,18139.32,tl_2025_08_sldu.zip,https://dev.planscore.org/plan.html?20260308T223333.355490517Z
CO,34,"SLDUST=""034""",65400.99,16584.43,0.0,72549.14,14207.08,2094.6,53498.89,10901.89,5498.72,,,,70965.15,15922.42,1710.99,,,,51661.67,12653.57,4257.67,,,,,54827.57,36393.3,,,,,20656.0,6064.0,23587.19,18482.15,,,71415.6868,26668.6684,65251.08,19211.17,6907.0,3405.0,166947,168343.42,55946.52,121578.67,40088.09,31065.13,28196.63,1465.36,5095.77,3798.23,7064.93,4644.83,8327.75,125879.21,39674.84,35384.75,20672.62,tl_2025_08_sldu.zip,https://dev.planscore.org/plan.html?20260308T223333.355490517Z
CO,35,"SLDUST=""035""",27723.38,72198.23,0.0,27525.91,69950.68,2581.12,19607.51,59161.45,6070.74,,,,26337.11,70721.49,2373.48,,,,24481.66,56274.41,3629.0,,,,,32270.75,20926.7,,,,,5393.7,2715.23,32117.71,17293.67,,,50660.6,14102.3428,61280.02,14504.46,1977.9,1414.98,172127,165430.68,41222.62,114575.22,27546.79,46480.63,26624.2,2400.59,4591.59,2058.6,5259.42,3654.13,6138.4,129544.19,30772.7,23259.82,12632.1,tl_2025_08_sldu.zip,https://dev.planscore.org/plan.html?20260308T223333.355490517Z
AL,1,"SLDUST=""001""",15673.43,55115.49,972.48,17036.89,52592.82,1129.92,13484.35,45634.4,2478.21,,,,20123.02,50161.61,134.78,,,,15737.56,44543.15,75.32,,,,,24941.86,18997.37,,,,,1860.05,1602.04,32839.58,18521.31,,,55843.6748,15737.3373,56221.08,15097.79,615.69,751.46,145951,143461.38,42560.08,99249.12,28473.85,36648.49,25194.27,1268.37,3158.21,1024.29,3625.61,10516.74,10374.5,116711.71,33728.32,2341.01,3221.47,tl_2025_01_sldu.zip,https://dev.planscore.org/plan.html?20260308T223333.417872075Z
AL,2,"SLDUST=""002""",36860.67,37197.81,1884.03,36133.33,36571.57,2030.12,25365.14,31728.1,4728.41,,,,38707.66,35467.77,165.79,,,,25479.35,35380.51,131.69,,,,,46880.54,27499.62,,,,,3198.71,1792.64,16283.21,12581.45,,,83521.0003,20268.8263,56790.77,14692.54,1382.18,982.34,150708,145639.08,41401.24,97038.6,27367.56,34085.12,24837.05,1297.01,3155.43,3251.16,5083.69,32897.27,20478.3,117733.85,32552.35,5487.82,6106.85,tl_2025_01_sldu.zip,https://dev.planscore.org/plan.html?20260308T223333.417872075Z
AL,3,"SLDUST=""003""",20244.21,47807.4,1079.91,19622.47,45549.27,1132.72,15466.41,42024.04,2607.43,,,,21846.9,43992.1,139.72,,,,16554.58,42524.88,72.18,,,,,24822.29,18584.65,,,,,4723.0,2894.0,28319.64,17927.38,,,60909.676,19029.2033,54989.98,15376.61,1330.0,1386.0,150083,140027.85,42078.65,97086.44,27983.82,36255.27,24284.13,1992.73,4172.5,1501.2,4232.89,17996.7,13262.26,111691.46,31413.94,4990.8,5577.54,tl_2025_01_sldu.zip,https://dev.planscore.org/plan.html?20260308T223333.417872075Z
AL,4,"SLDUST=""004""",6120.0,61140.0,578.0,6915.0,59280.0,747.0,6102.0,53491.0,1577.0,,,,8842.0,57761.0,122.0,,,,8437.0,51571.0,96.0,,,,,14078.0,14650.0,,,,,1874.0,1428.0,32745.0,19325.0,,,46944.2165,16476.5943,53125.0,15004.0,515.0,661.0,140747,136875.0,42187.0,96570.0,28827.0,35955.0,26076.0,1383.0,3758.0,522.0,3307.0,2072.0,4581.0,109485.0,33215.0,2257.0,3595.0,tl_2025_01_sldu.zip,https://dev.planscore.org/plan.html?20260308T223333.417872075Z
AL,5,"SLDUST=""005""",8398.55,56563.28,493.46,9642.89,57119.35,693.26,8544.84,51820.02,1418.75,,,,11714.32,55476.92,107.05,,,,10177.17,50523.09,87.03,,,,,14830.47,14961.45,,,,,1268.17,1257.78,33289.99,19067.3,,,49055.7478,21882.0741,51052.13,14753.78,545.55,772.29,137763,130767.07,40904.51,91997.75,27593.68,33722.97,24863.67,835.21,3470.62,306.08,3267.11,7294.23,8377.06,104349.42,32964.62,1316.91,2853.51,tl_2025_01_sldu.zip,https://dev.planscore.org/plan.html?20260308T223333.417872075Z
AL,6,"SLDUST=""006""",14891.88,50180.67,665.31,17467.16,48286.91,775.18,15936.5,42808.96,1945.47,,,,20091.37,45975.61,121.99,,,,18387.53,40613.63,72.18,,,,,16976.34,16502.52,,,,,4717.95,2964.96,37275.79,20944.3,,,47092.8656,14423.9736,53798.75,15461.8,1341.31,1401.54,145684,143070.43,44200.95,100335.8,30003.18,34954.68,24928.54,3565.14,5797.48,605.42,3583.08,15553.77,12655.78,111515.39,34040.5,4641.67,5251.36,tl_2025_01_sldu.zip,https://dev.planscore.org/plan.html?20260308T223333.417872075Z
AL,7,"SLDUST=""007""",32394.74,41501.69,1657.93,34445.31,41478.0,1760.86,25024.97,36262.76,4056.38,,,,37372.03,39942.16,180.74,,,,24678.76,39565.0,127.28,,,,,41881.78,23936.51,,,,,5520.78,3033.86,22203.02,15277.49,,,57950.0514,17285.6172,60002.04,14906.58,2377.18,1532.2,150663,142722.87,38411.98,100857.2,26150.88,34499.7,22925.07,1392.61,3539.98,2302.81,4865.97,29287.91,17791.16,115527.47,32185.57,3744.2,4524.98,tl_2025_01_sldu.zip,https://dev.planscore.org/plan.html?20260308T223333.417872075Z
AL,8,"SLDUST=""008""",15992.04,54847.66,831.01,15305.48,52799.89,935.21,13173.79,44904.47,2250.95,,,,17694.08,50937.33,114.25,,,,15003.06,43701.06,68.8,,,,,21333.81,17497.13,,,,,3111.36,1912.81,32438.84,17969.86,,,44378.953,16953.067,55792.57,14914.28,654.59,651.77,148526,145947.61,43026.57,101095.74,28701.11,36065.23,25786.54,3387.57,5034.65,883.63,3471.31,10039.28,9256.56,114909.7,32552.54,2998.63,4086.31,tl_2025_01_sldu.zip,https://dev.planscore.org/plan.html?20260308T223333.417872075Z
AL,9,"SLDUST=""009""",12792.63,50791.14,833.33,13280.79,48900.74,1025.98,9854.13,43267.16,2399.99,,,,15644.47,47213.05,147.46,,,,11139.39,43080.14,94.62,,,,,23688.04,17359.89,,,,,5120.53,2318.31,27920.6,16287.91,,,53925.0333,15832.0682,55048.08,13839.01,1245.52,890.44,150552,144313.46,41574.65,97852.34,26695.74,37275.28,24542.89,1530.38,3479.41,1408.09,3830.76,5671.24,7024.48,106844.19,30543.65,6875.96,6502.47,tl_2025_01_sldu.zip,https://dev.planscore.org/plan.html?20260308T223333.417872075Z
AL,10,"SLDUST=""010""",12505.9,53908.77,605.94,14381.82,52749.3,802.58,13002.39,47406.95,1828.64,,,,16768.81,50844.08,123.73,,,,15281.94,45838.25,101.19,,,,,16785.44,17077.64,,,,,3355.91,2535.16,36625.21,22435.76,,,43278.6456,13892.2849,57425.28,16382.96,1022.69,1126.56,150508,150017.97,46284.64,105883.14,31829.06,41980.11,29521.51,1521.76,4184.78,642.97,3891.64,13476.7,10866.79,114396.25,35346.54,3398.38,4510.32,tl_2025_01_sldu.zip,https://dev.planscore.org/plan.html?20260308T223333.417872075Z
AL,11,"SLDUST=""011""",16031.82,48915.85,573.9,17266.65,49447.95,736.32,14201.99,44332.71,1657.17,,,,18803.72,48457.26,93.19,,,,15565.47,43909.88,108.35,,,,,18482.81,17184.06,,,,,1299.5,1250.97,34216.36,19141.69,,,60678.01,20091.0105,54155.75,15196.44,340.63,467.64,147539,145495.64,42241.04,101540.29,28165.07,40594.47,27634.56,976.95,3039.97,829.42,3444.11,24156.23,15948.08,115971.45,32906.38,1889.47,3322.75,tl_2025_01_sldu.zip,https://dev.planscore.org/plan.html?20260308T223333.417872075Z
AL,12,"SLDUST=""012""",17508.73,45273.46,671.53,20277.91,45434.7,824.4,17714.14,42342.31,2079.78,,,,22230.6,44020.81,94.85,,,,18836.36,42424.68,80.95,,,,,18540.86,18614.65,,,,,2520.65,1894.67,34537.3,22149.47,,,47411.2557,18861.0923,57931.91,16976.14,1187.19,1254.73,150048,146534.2,47204.9,101312.9,31595.45,42715.45,30068.92,1090.54,3916.26,1007.4,4356.1,26062.77,18768.27,115327.34,37924.61,2407.37,4138.84,tl_2025_01_sldu.zip,https://dev.planscore.org/plan.html?20260308T223333.417872075Z
AL,13,"SLDUST=""013""",17516.74,50976.38,647.33,19423.05,48162.0,714.21,16346.0,41633.88,1466.6,,,,21300.73,46671.77,80.26,,,,16962.66,41393.85,72.26,,,,,19081.09,18071.37,,,,,1819.05,1465.52,33770.28,20090.34,,,45768.0427,18045.6907,56496.97,15958.78,791.5,858.92,149072,148070.16,45378.51,102894.81,30443.55,40584.18,28197.6,1298.55,3863.85,724.87,3672.06,25826.14,17589.63,115715.03,33746.52,2610.96,4073.56,tl_2025_01_sldu.zip,https://dev.planscore.org/plan.html?20260308T223333.417872075Z
AL,14,"SLDUST=""014""",17716.69,46020.92,870.05,18549.19,46211.91,1007.48,13627.86,42811.85,2570.01,,,,20425.86,44998.5,121.0,,,,14967.95,43032.98,109.81,,,,,25923.56,17842.52,,,,,3755.39,2448.76,27422.15,16093.37,,,57316.0671,18781.8624,49407.71,12758.37,1077.36,960.24,141510,137754.86,37865.26,91541.19,24542.89,31981.26,20584.8,841.52,2740.97,1324.71,3555.51,15900.5,12066.46,103532.74,27857.35,5050.91,5609.25,tl_2025_01_sldu.zip,https://dev.planscore.org/plan.html?20260308T223333.417872075Z
AL,15,"SLDUST=""015""",21914.36,50564.41,1595.81,21547.58,51834.96,1398.52,15280.43,46481.51,3877.0,,,,24191.3,50469.45,194.37,,,,14735.12,50071.43,134.52,,,,,48876.48,25472.69,,,,,3602.51,2334.65,12923.16,10042.42,,,86947.397,24054.0429,49140.7,12639.09,1344.08,1049.75,137614,125070.46,34326.73,87417.29,23223.49,27462.18,18778.79,517.74,2394.62,1383.4,3409.31,10557.02,9762.37,100525.07,27251.78,2607.4,3632.28,tl_2025_01_sldu.zip,https://dev.planscore.org/plan.html?20260308T223333.417872075Z
AL,16,"SLDUST=""016""",25960.25,43817.83,2120.71,27920.77,44155.18,1757.07,20133.57,42597.42,4653.21,,,,30818.24,42945.85,195.03,,,,20093.16,46368.99,155.99,,,,,54655.85,28945.81,,,,,7040.74,3486.08,11747.26,9788.36,,,105030.6992,27021.8843,52778.66,12816.55,2971.85,1930.93,143702,136722.88,38046.15,92424.97,24379.32,29447.88,20586.17,526.99,2629.36,4337.01,5848.7,18546.01,14472.18,107961.71,30213.31,2678.28,3827.24,tl_2025_01_sldu.zip,https://dev.planscore.org/plan.html?20260308T223333.417872075Z
AL,17,"SLDUST=""017""",12473.71,58593.65,710.34,11546.45,59200.19,824.02,7951.11,54910.23,1789.18,,,,13311.9,57985.9,135.52,,,,9513.72,54278.57,102.89,,,,,19330.61,15675.2,,,,,1192.7,770.08,28950.53,16586.69,,,62773.4892,19797.4744,47777.84,13201.08,528.2,492.21,137438,129803.21,39031.14,89575.1,25463.83,33357.92,22943.92,1100.99,2885.96,638.69,3056.83,9409.94,9662.52,100805.54,30119.37,2207.76,3092.39,tl_2025_01_sldu.zip,https://dev.planscore.org/plan.html?20260308T223333.417872075Z
AL,18,"SLDUST=""018""",40903.95,10688.87,1155.27,50541.03,11112.27,1190.78,46383.59,10044.3,2916.36,,,,52265.62,10364.89,85.84,,,,45880.08,12598.44,90.98,,,,,36344.43,28496.37,,,,,6074.9,4205.3,25145.52,19433.78,,,33294.8525,15468.9014,63607.96,20595.13,1206.5,1262.1,138146,144577.24,51717.14,99151.61,34875.85,33635.95,27126.8,388.35,4122.01,1929.44,5665.36,58377.08,30844.77,107225.07,38628.31,2457.99,4327.55,tl_2025_01_sldu.zip,https://dev.planscore.org/plan.html?20260308T223333.417872075Z
AL,19,"SLDUST=""019""",38028.74,20393.3,554.85,41870.24,22640.1,608.21,38953.68,23584.4,1218.51,,,,43043.64,21849.14,57.17,,,,39261.08,23956.41,62.15,,,,,17867.68,18413.72,,,,,2056.9,1922.19,34066.11,21956.79,,,44366.4124,17964.7438,53867.77,17759.56,301.36,515.06,136601,135962.17,48385.34,95093.63,33019.03,38885.63,29300.51,389.79,3536.71,468.14,3888.67,66080.0,34818.15,104560.07,38870.49,1461.16,3154.24,tl_2025_01_sldu.zip,https://dev.planscore.org/plan.html?20260308T223333.417872075Z
AL,20,"SLDUST=""020""",41149.26,11712.71,674.38,46808.29,13439.66,744.56,41271.08,15068.03,1461.38,,,,47856.68,12781.88,73.37,,,,41412.45,15879.85,55.05,,,,,20646.62,19700.38,,,,,3108.73,2749.62,28404.3,19909.92,,,43796.1609,15558.9136,55316.87,18101.15,923.44,1029.31,138987,140859.6,52028.77,94077.52,32804.81,42097.29,30861.83,420.3,3389.42,713.5,3918.08,63889.99,32366.86,97710.23,36733.96,1643.71,3119.47,tl_2025_01_sldu.zip,https://dev.planscore.org/plan.html?20260308T223333.417872075Z
AL,21,"SLDUST=""021""",18067.87,34762.58,719.27,20746.43,35457.26,861.39,17673.68,34124.38,2196.24,,,,22568.03,34277.26,121.21,,,,17611.84,35546.45,74.25,,,,,23848.06,17901.16,,,,,4574.92,2730.12,24353.81,14594.66,,,50340.2822,18006.8147,46006.81,13330.02,1231.74,1006.98,143889,131556.33,38943.88,81060.15,24223.31,29739.57,21447.04,607.8,2965.72,1283.25,3757.17,27182.53,17996.15,115044.11,36425.7,3598.7,4609.14,tl_2025_01_sldu.zip,https://dev.planscore.org/plan.html?20260308T223333.417872075Z
AL,22,"SLDUST=""022""",12318.62,49886.29,492.46,14727.87,48255.24,641.71,13124.53,43467.9,1469.74,,,,17325.2,46010.86,98.8,,,,13672.08,42803.08,93.28,,,,,15763.26,15227.85,,,,,1978.33,1699.72,36187.42,19666.51,,,44539.0662,14543.7021,48306.12,13705.59,962.86,1034.46,136607,134262.18,41758.5,93475.59,28416.97,32213.98,22644.92,3279.26,4585.33,621.81,3163.71,20246.86,13884.21,107966.34,32995.47,2365.33,3615.51,tl_2025_01_sldu.zip,https://dev.planscore.org/plan.html?20260308T223333.417872075Z
AL,23,"SLDUST=""023""",35224.0,31577.0,433.0,42251.0,32903.0,410.0,42769.0,31945.0,782.0,,,,43619.0,31610.0,62.0,,,,40963.0,32364.0,68.0,,,,,14835.0,16739.0,,,,,905.0,1212.0,41291.0,23252.0,,,37456.2999,15925.6585,55330.0,16876.0,317.0,743.0,141391,144593.0,45933.0,99326.0,30934.0,31696.0,24639.0,929.0,4504.0,373.0,4214.0,60044.0,29424.0,107250.0,33850.0,573.0,2423.0,tl_2025_01_sldu.zip,https://dev.planscore.org/plan.html?20260308T223333.417872075Z
AL,24,"SLDUST=""024""",34723.3,24496.65,575.16,40940.4,25176.98,532.25,39020.7,24520.58,1243.7,,,,42085.04,24200.66,76.74,,,,37914.75,25423.59,70.69,,,,,21310.61,19803.35,,,,,1585.89,1516.8,31435.66,20096.35,,,36916.5099,16517.6782,54883.2,16929.81,343.34,565.44,140966,141504.83,47040.04,94006.71,31085.31,35147.49,26424.72,603.9,3786.92,780.7,4197.02,64185.55,31417.94,110722.4,36865.48,1768.78,3306.92,tl_2025_01_sldu.zip,https://dev.planscore.org/plan.html?20260308T223333.417872075Z
AL,25,"SLDUST=""025""",24769.02,45252.05,971.1,24252.77,45449.58,867.39,20348.36,42825.61,2128.37,,,,26070.2,44315.58,101.12,,,,20542.62,43577.13,153.27,,,,,35636.24,22316.36,,,,,5333.49,2466.56,25544.91,15816.73,,,59374.4641,14886.0001,55358.42,14626.57,2090.3,1447.85,147800,143210.13,40895.16,98169.53,26578.08,34408.21,24156.35,739.11,2985.75,2146.94,4380.88,32187.29,19542.81,108168.83,31144.1,1344.17,2534.42,tl_2025_01_sldu.zip,https://dev.planscore.org/plan.html?20260308T223333.417872075Z
AL,26,"SLDUST=""026""",40136.98,12471.95,748.9,47875.23,13802.42,780.61,45211.63,14820.39,1686.63,,,,48994.8,13208.42,68.88,,,,44431.38,16403.87,86.74,,,,,26387.04,22157.75,,,,,3852.51,2708.44,26191.8,19276.47,,,44516.6575,13522.2061,57946.55,19143.5,1496.7,1404.15,148450,146664.46,52863.62,97372.81,34278.0,37871.99,29835.04,353.8,3864.26,1198.92,4748.58,77604.68,38378.62,109590.59,40820.53,2146.39,3769.39,tl_2025_01_sldu.zip,https://dev.planscore.org/plan.html?20260308T223333.417872075Z
AL,27,"SLDUST=""027""",21605.29,39144.95,1101.85,23808.89,36983.51,1195.25,19343.48,31619.75,2980.09,,,,25584.36,36151.45,89.51,,,,19658.82,33226.23,122.27,,,,,31010.86,23328.59,,,,,1811.93,1022.32,19432.5,15024.8,,,51791.0428,19059.6404,52128.22,15761.33,734.1,583.65,148431,135891.04,44980.26,82121.89,26945.6,27325.64,22608.21,1193.29,3803.48,2337.4,5141.57,25655.22,18336.62,114576.65,37030.42,3298.9,4513.97,tl_2025_01_sldu.zip,https://dev.planscore.org/plan.html?20260308T223333.417872075Z
AL,28,"SLDUST=""028""",28312.78,26262.28,517.8,32774.73,25586.71,556.35,31119.27,24198.89,1067.77,,,,34018.19,24601.3,53.13,,,,30719.33,24498.37,99.9,,,,,16156.23,14347.27,,,,,1960.45,1589.06,31911.2,16930.14,,,40451.882,12919.1515,56308.64,14328.34,1027.75,1040.3,147002,144207.77,37713.83,98331.77,24430.03,38863.11,23979.12,868.84,3581.05,722.46,3650.94,59274.08,24564.02,111827.85,28904.83,2993.77,4038.79,tl_2025_01_sldu.zip,https://dev.planscore.org/plan.html?20260308T223333.417872075Z
AL,29,"SLDUST=""029""",12605.62,49359.71,655.52,13806.1,49158.83,825.25,11348.07,46007.67,1667.85,,,,16306.28,47235.85,116.94,,,,12356.67,45236.63,165.22,,,,,19938.41,11966.11,,,,,2790.11,1701.82,31403.18,14203.3,,,46064.7113,11462.0579,54671.88,11005.15,1135.85,919.05,142364,140899.57,30521.17,98366.06,20598.51,39787.99,19429.35,1319.04,3061.64,1246.25,3254.19,19523.82,11292.65,109248.58,23535.6,3650.17,3483.62,tl_2025_01_sldu.zip,https://dev.planscore.org/plan.html?20260308T223333.417872075Z
AL,30,"SLDUST=""030""",16639.03,44489.8,665.42,17802.25,43518.74,790.36,15029.9,40443.24,1640.34,,,,19274.44,42517.23,88.29,,,,15684.3,40286.5,120.06,,,,,19848.09,16985.64,,,,,1592.88,1449.58,31188.12,18169.86,,,50861.8696,17875.5286,49517.73,13827.04,615.86,718.3,136395,130326.84,37863.22,90446.85,25587.61,31723.72,22987.42,1051.08,3358.91,1221.86,3917.43,25959.4,16966.83,105262.5,30459.41,2595.38,3813.11,tl_2025_01_sldu.zip,https://dev.planscore.org/plan.html?20260308T223333.417872075Z
AL,31,"SLDUST=""031""",12433.82,44812.73,478.4,14155.9,43946.17,649.75,12301.93,40992.98,1483.61,,,,15910.72,42542.15,62.06,,,,12964.91,40334.45,123.36,,,,,19411.88,14703.21,,,,,1832.27,1505.91,28372.96,15267.1,,,48004.3842,13325.4097,51259.76,12607.6,691.51,730.77,137028,135261.91,34435.56,89599.76,22683.39,34256.24,21223.17,1670.66,3564.08,1274.03,3825.46,21296.94,14143.17,104374.8,26232.77,3533.33,3618.25,tl_2025_01_sldu.zip,https://dev.planscore.org/plan.html?20260308T223333.417872075Z
AL,32,"SLDUST=""032""",18552.45,63359.09,1126.72,17504.05,53864.84,1086.47,13042.33,46448.08,2755.93,,,,20252.52,51784.9,150.77,,,,13297.27,47590.99,166.87,,,,,37671.34,25196.4,,,,,1708.61,1275.72,24651.28,17834.49,,,65058.7025,21670.3149,56191.98,16609.42,820.52,727.02,150428,139872.8,44709.86,101820.55,31168.67,37949.88,26593.61,1452.13,3205.98,1322.33,3207.28,8017.46,8642.64,119507.86,36277.92,4383.91,5387.53,tl_2025_01_sldu.zip,https://dev.planscore.org/plan.html?20260308T223333.417872075Z
AL,33,"SLDUST=""033""",36214.2,17291.25,878.15,41875.91,16537.93,782.68,42290.58,15936.99,1786.29,,,,43313.56,15376.85,88.39,,,,41479.59,17374.97,140.68,,,,,21587.15,18803.5,,,,,2019.57,2136.26,33371.36,20982.45,,,34581.1446,12476.278,54070.45,16415.29,1067.83,1411.17,136593,142036.18,52381.78,94354.29,31668.07,33537.36,24312.98,756.55,4092.46,1153.42,4667.49,64333.16,30598.12,102973.74,35872.48,1881.53,3542.46,tl_2025_01_sldu.zip,https://dev.planscore.org/plan.html?20260308T223333.417872075Z
AL,34,"SLDUST=""034""",18269.48,40954.41,769.57,19372.15,41053.23,779.5,15135.86,38253.92,1775.38,,,,21679.94,39315.93,120.0,,,,15163.26,38981.48,122.62,,,,,22655.71,17821.98,,,,,2566.99,1949.64,29071.06,16986.4,,,53910.2921,17248.3302,50802.5,14106.27,1092.93,1015.56,138149,133383.52,42541.44,88945.54,26453.76,32497.57,22937.87,1928.21,3688.93,1414.47,3838.46,25616.74,15794.41,104178.6,30703.52,2534.85,3600.31,tl_2025_01_sldu.zip,https://dev.planscore.org/plan.html?20260308T223333.417872075Z
AL,35,"SLDUST=""035""",17461.25,42483.97,753.09,17748.01,42508.76,890.63,14029.69,39869.11,1943.65,,,,20422.78,40610.46,105.04,,,,14222.81,40566.48,125.55,,,,,25015.53,19034.28,,,,,3247.49,2129.67,28811.88,17587.15,,,58775.1837,19834.4029,50993.95,14597.43,2354.87,1708.79,136944,135822.32,43886.42,93613.03,28452.54,34434.22,24859.61,1377.85,3562.3,3116.97,5355.06,18171.78,14351.62,101293.46,31321.61,2825.38,3821.19,tl_2025_01_sldu.zip,https://dev.planscore.org/plan.html?20260308T223333.417872075Z
AR,1,"SLDUST=""001""",8632.6,21991.29,0.0,10318.14,23266.23,808.31,10869.51,21592.44,1341.3,,,,8952.16,24405.66,0.0,,,,11733.84,20010.3,1053.13,,,,,9315.56,9351.39,,,,,2097.28,1722.82,25400.29,12629.4,,,44860.7602,15942.9985,33671.46,9504.45,659.51,688.28,83996,85862.32,25518.53,58269.01,16184.79,20180.11,14802.23,580.5,2512.97,200.86,2377.87,15813.89,9743.01,62513.13,18639.02,2025.45,2651.46,tl_2025_05_sldu.zip,https://dev.planscore.org/plan.html?20260308T223333.866211636Z
AR,2,"SLDUST=""002""",10406.2,22751.34,0.0,11868.99,23382.8,1158.0,12892.0,22530.93,1251.99,,,,10339.99,24999.8,0.0,,,,12132.97,21453.95,1292.02,,,,,10598.07,10664.79,,,,,956.54,854.82,22858.72,13160.54,,,46904.9402,15008.0378,34759.88,10352.22,242.81,334.35,84817,86976.92,27789.15,60012.01,18064.79,23346.54,17066.93,773.8,2753.74,294.3,2425.35,19172.2,12461.69,64203.84,19887.31,1378.99,2328.16,tl_2025_05_sldu.zip,https://dev.planscore.org/plan.html?20260308T223333.866211636Z
AR,3,"SLDUST=""003""",9074.21,20050.17,0.0,10636.59,20690.6,1153.02,11660.54,19999.58,1347.01,,,,9145.49,21959.7,0.0,,,,11880.37,18855.69,980.05,,,,,10676.9,10031.46,,,,,1202.59,711.07,22044.95,11826.89,,,44596.2983,15537.3774,33454.71,9580.63,364.16,352.37,85018,89208.34,25632.02,57023.37,16313.92,20566.24,14431.9,750.15,2346.52,453.91,2426.29,18000.2,10340.06,64328.14,17702.22,1899.47,2473.46,tl_2025_05_sldu.zip,https://dev.planscore.org/plan.html?20260308T223333.866211636Z
AR,4,"SLDUST=""004""",7174.57,23217.49,0.0,8284.39,23520.49,961.97,8475.43,21946.48,1157.98,,,,7387.48,24466.4,0.0,,,,8351.59,20912.37,1066.95,,,,,9650.95,9583.15,,,,,4359.37,1490.66,22198.68,12761.1,,,45310.647,17414.7813,33691.14,9300.61,1111.33,868.86,85801,88798.29,25438.24,59725.76,16732.0,24509.14,16000.73,1184.93,2687.47,378.0,2420.87,12790.11,8348.59,61406.16,18411.66,3005.93,3220.55,tl_2025_05_sldu.zip,https://dev.planscore.org/plan.html?20260308T223333.866211636Z
AR,5,"SLDUST=""005""",5536.88,29534.74,0.0,5924.08,29343.15,960.77,6195.27,26381.21,1735.76,,,,6156.07,29761.0,0.0,,,,8373.17,23999.17,1330.85,,,,,9540.56,8826.43,,,,,2933.54,1491.56,23664.41,11401.85,,,41573.7528,13708.3415,34210.81,8432.41,912.46,827.2,85322,87722.9,22269.64,62042.11,15232.82,23761.47,14740.74,2245.48,2991.08,569.05,2331.76,665.13,2274.21,64291.85,16610.57,2748.8,2561.48,tl_2025_05_sldu.zip,https://dev.planscore.org/plan.html?20260308T223333.866211636Z
AR,6,"SLDUST=""006""",12057.27,26161.25,0.0,12833.67,26536.88,991.12,11222.7,24009.57,2062.99,,,,11917.06,27988.8,0.0,,,,12969.09,22434.9,1479.68,,,,,15309.22,13096.48,,,,,1953.8,1270.55,19781.44,13032.13,,,48595.0008,20354.7085,37524.16,10859.5,544.89,494.54,87633,87940.29,28934.33,65137.03,19639.67,30375.95,20464.13,982.83,2554.63,526.81,2270.91,5829.82,6317.53,70753.0,21967.77,2478.97,3103.33,tl_2025_05_sldu.zip,https://dev.planscore.org/plan.html?20260308T223333.866211636Z
AR,7,"SLDUST=""007""",8529.23,27992.47,0.0,8825.61,27785.4,835.65,8201.2,24661.16,1843.45,,,,8598.42,28528.42,0.0,,,,10604.35,22100.55,1562.31,,,,,11315.89,10032.0,,,,,1202.31,1022.66,22461.61,12040.18,,,56850.3467,19545.2091,30226.85,8127.91,530.93,526.63,87139,83850.26,24391.13,59307.26,16247.03,22852.56,14688.12,937.87,2117.94,585.71,2165.57,5115.1,4867.73,65434.94,17707.82,2095.89,2803.13,tl_2025_05_sldu.zip,https://dev.planscore.org/plan.html?20260308T223333.866211636Z
AR,8,"SLDUST=""008""",15203.33,10321.38,0.0,17993.62,11327.81,1015.15,19228.26,10931.34,1068.62,,,,15443.03,13599.65,0.0,,,,18742.01,10421.24,885.08,,,,,9787.99,9430.92,,,,,1616.64,1292.89,24756.89,12798.92,,,44376.5834,11134.1803,32673.14,9540.95,441.39,662.23,84746,87221.38,25352.41,60608.08,16786.49,22506.75,15165.99,529.18,2459.02,361.41,2518.09,36131.21,15855.52,64886.34,18700.84,961.69,1855.91,tl_2025_05_sldu.zip,https://dev.planscore.org/plan.html?20260308T223333.866211636Z
AR,9,"SLDUST=""009""",15708.71,12737.82,0.0,15625.25,11650.88,989.8,16753.47,11296.28,937.41,,,,12806.07,13017.63,0.0,,,,14803.29,11187.76,919.56,,,,,8701.25,9085.2,,,,,1221.46,1222.53,20519.23,11427.67,,,36412.8768,13137.9606,33813.87,9820.79,284.87,485.0,86031,88877.48,25635.18,58840.45,16200.06,24483.95,16720.69,1371.21,3415.33,270.98,2442.53,33739.97,15260.1,61606.73,18046.68,942.33,1645.12,tl_2025_05_sldu.zip,https://dev.planscore.org/plan.html?20260308T223333.866211636Z
AR,10,"SLDUST=""010""",8362.5,22353.43,0.0,9450.89,22607.17,965.51,10785.85,20599.56,1482.49,,,,8176.51,23676.25,0.0,,,,12326.87,18758.5,904.72,,,,,8740.87,8887.03,,,,,475.64,716.74,26467.04,12261.98,,,42031.8379,11821.1547,36942.43,9129.29,184.69,469.88,86509,89029.02,22146.13,62685.09,14957.96,20379.88,13375.31,1797.15,3355.12,149.26,2394.5,14855.87,8684.02,66515.04,16613.59,1083.35,1823.15,tl_2025_05_sldu.zip,https://dev.planscore.org/plan.html?20260308T223333.866211636Z
AR,11,"SLDUST=""011""",8406.29,24152.41,0.0,8727.54,24935.64,1144.8,7215.14,22245.17,1727.13,,,,8751.2,25677.12,0.0,,,,9238.06,19805.03,1493.46,,,,,12896.28,9497.22,,,,,1982.51,1503.61,20839.51,10600.56,,,56171.0365,15122.9057,32439.24,7580.48,956.05,865.87,87691,87349.67,21117.67,58392.45,14020.48,22114.22,12839.38,725.32,1612.74,1049.38,2012.68,7838.27,6385.78,66541.49,16739.73,2489.7,2618.23,tl_2025_05_sldu.zip,https://dev.planscore.org/plan.html?20260308T223333.866211636Z
AR,12,"SLDUST=""012""",18568.59,6428.76,0.0,21916.23,7262.9,833.97,20898.73,7300.91,1278.47,,,,19816.08,8871.2,0.0,,,,20306.52,7607.5,982.83,,,,,11558.11,11551.34,,,,,1939.46,1751.97,19534.88,13291.65,,,38824.2182,14906.0603,35911.52,11657.83,734.71,867.93,88122,86427.07,31300.24,57585.94,20187.11,23037.6,17532.68,621.31,2314.69,563.9,2497.49,36966.05,20328.33,64867.81,23741.29,2455.73,3340.2,tl_2025_05_sldu.zip,https://dev.planscore.org/plan.html?20260308T223333.866211636Z
AR,13,"SLDUST=""013""",19813.34,20435.64,0.0,20219.93,22344.1,1072.61,16548.67,21620.99,2534.37,,,,18728.52,24221.64,0.0,,,,17336.07,21672.83,1413.15,,,,,20929.43,13802.55,,,,,2086.56,1714.11,14486.15,10037.3,,,63279.6457,21346.3978,34612.93,9697.51,1252.71,1381.1,87995,86351.88,27136.24,59908.21,17443.71,25861.62,17319.3,569.48,1756.29,1037.7,2482.55,15778.91,11439.96,65617.94,19814.7,1657.14,2550.9,tl_2025_05_sldu.zip,https://dev.planscore.org/plan.html?20260308T223333.866211636Z
AR,14,"SLDUST=""014""",25933.18,15236.62,0.0,28444.71,17245.85,1177.57,23911.45,16470.9,2971.04,,,,26347.39,19693.23,0.0,,,,23409.96,18584.39,1309.8,,,,,37079.05,21972.7,,,,,4215.08,2784.02,9069.34,8074.39,,,71916.4894,20169.0728,39556.63,10613.14,2061.16,1488.51,88142,88543.38,26705.82,62845.0,17919.17,20883.2,15782.8,594.26,1974.65,1985.11,3298.95,12144.42,10061.25,66642.93,20294.83,1700.03,2644.54,tl_2025_05_sldu.zip,https://dev.planscore.org/plan.html?20260308T223333.866211636Z
AR,15,"SLDUST=""015""",19960.43,4549.41,0.0,23466.86,5101.33,782.51,21827.68,4967.63,1156.51,,,,21582.43,6746.19,0.0,,,,20965.6,5881.2,722.01,,,,,14030.07,11393.59,,,,,6107.61,3263.4,17194.75,11478.57,,,39114.7124,14840.4643,33978.48,10231.66,1279.97,1070.34,88233,86588.37,28939.55,55673.42,17501.32,22225.58,16457.34,205.19,1547.0,679.62,2071.77,36910.56,17988.62,59512.42,19538.59,4488.97,4964.38,tl_2025_05_sldu.zip,https://dev.planscore.org/plan.html?20260308T223333.866211636Z
AR,16,"SLDUST=""016""",13282.07,24861.55,0.0,12892.03,25296.23,942.9,10268.12,23157.01,2267.51,,,,12146.74,26650.21,0.0,,,,11961.39,21829.23,1598.77,,,,,17871.47,12595.57,,,,,966.24,712.63,16807.6,9477.52,,,67702.5265,20866.4393,32818.31,8349.25,396.08,365.42,88036,86240.67,22731.73,58859.24,15515.32,23364.69,15168.38,620.7,1647.32,1185.52,2573.05,7498.16,6138.44,65814.9,17143.62,2609.2,3042.19,tl_2025_05_sldu.zip,https://dev.planscore.org/plan.html?20260308T223333.866211636Z
AR,17,"SLDUST=""017""",16354.62,21355.24,0.0,16861.39,21170.2,1214.29,13302.09,18629.95,2720.56,,,,16164.74,22319.94,0.0,,,,14118.71,18491.98,1564.63,,,,,22919.56,14811.73,,,,,2724.16,1878.45,14239.61,9756.72,,,54455.9816,18517.2197,34111.9,8749.88,1037.66,850.85,88291,90807.7,24914.99,55583.9,15427.78,19701.95,13109.98,858.91,1915.46,1069.14,2577.81,11286.09,8353.02,69335.77,17740.15,2701.65,3053.56,tl_2025_05_sldu.zip,https://dev.planscore.org/plan.html?20260308T223333.866211636Z
AR,18,"SLDUST=""018""",6338.78,28743.36,0.0,6690.08,28252.57,871.43,5927.28,24785.93,1948.55,,,,6613.78,29031.35,0.0,,,,8466.32,22623.65,1289.32,,,,,11872.7,10192.46,,,,,903.99,794.22,23629.13,12722.44,,,41179.6612,13161.3477,33034.03,8750.46,410.26,449.79,86919,89113.25,26067.39,58722.86,16905.13,17109.48,12622.82,880.29,1974.11,515.26,2064.5,2883.84,3454.62,66398.48,18526.37,1785.81,2446.06,tl_2025_05_sldu.zip,https://dev.planscore.org/plan.html?20260308T223333.866211636Z
AR,19,"SLDUST=""019""",6463.94,19563.97,0.0,7760.89,19970.79,867.41,9248.75,18359.09,1241.89,,,,6997.92,20742.84,0.0,,,,8889.32,17791.73,1038.57,,,,,9235.05,9771.0,,,,,842.8,852.28,24373.61,13283.68,,,41148.7413,14511.7573,35405.31,9507.39,261.03,376.77,87870,88255.83,25085.4,59151.7,16262.53,18951.95,13789.89,968.43,2682.33,231.8,2365.21,11619.85,8149.46,63251.2,18281.17,1334.4,1970.96,tl_2025_05_sldu.zip,https://dev.planscore.org/plan.html?20260308T223333.866211636Z
AR,20,"SLDUST=""020""",9523.21,18094.66,0.0,10103.72,18586.68,826.85,8773.09,16876.09,1705.36,,,,9772.92,19268.15,0.0,,,,8330.51,17406.69,1123.44,,,,,15784.92,12709.52,,,,,2092.03,1270.55,16768.48,10958.9,,,49453.1469,15599.8146,32698.5,9444.05,233.09,310.88,86347,85268.87,26492.18,53721.88,16377.16,18266.55,14347.2,505.95,1771.48,696.01,2117.9,12016.37,10819.04,63358.34,20569.34,2251.64,2716.46,tl_2025_05_sldu.zip,https://dev.planscore.org/plan.html?20260308T223333.866211636Z
AR,21,"SLDUST=""021""",5454.66,23873.11,0.0,5782.57,24026.91,845.64,6293.82,20643.93,1643.39,,,,5615.74,24511.14,0.0,,,,7217.22,18998.9,1476.01,,,,,9103.05,8382.28,,,,,653.34,596.37,23957.31,12553.36,,,42775.1418,13346.4243,34290.8,8458.22,199.08,340.23,86220,84956.86,22325.71,58123.37,15268.88,21640.96,13637.99,1021.56,2242.27,192.0,1872.73,1055.66,2652.9,65553.99,17379.62,1423.39,1954.16,tl_2025_05_sldu.zip,https://dev.planscore.org/plan.html?20260308T223333.866211636Z
AR,22,"SLDUST=""022""",6160.39,28180.01,0.0,6537.15,28116.75,1085.87,6869.09,25199.18,1820.01,,,,6236.81,28904.95,0.0,,,,8465.09,23147.85,1341.52,,,,,9454.17,9214.02,,,,,1098.88,652.52,23378.32,12249.1,,,40085.0688,9629.6756,34414.74,8828.74,341.03,362.06,85266,85355.72,23951.73,60130.48,15935.25,23497.6,15230.51,1211.02,2449.33,416.82,2315.71,882.35,2641.1,65735.41,17717.02,1674.87,2240.75,tl_2025_05_sldu.zip,https://dev.planscore.org/plan.html?20260308T223333.866211636Z
AR,23,"SLDUST=""023""",7623.95,32079.43,0.0,8089.28,30876.54,998.21,7683.4,28207.34,1797.13,,,,7595.0,31369.48,0.0,,,,7815.82,27031.04,1797.41,,,,,10304.88,9588.11,,,,,1001.84,750.19,22713.82,11415.81,,,41645.9764,12304.2749,36288.2,8850.82,641.13,541.43,85228,85825.75,22851.25,64888.37,16637.85,28214.87,16830.22,1438.81,2587.68,389.46,1969.78,685.78,2035.71,69826.97,18119.35,1449.43,1923.95,tl_2025_05_sldu.zip,https://dev.planscore.org/plan.html?20260308T223333.866211636Z
AR,24,"SLDUST=""024""",7646.36,33919.62,0.0,7873.63,33181.57,1003.14,7021.01,28134.76,2085.18,,,,8133.2,33292.29,0.0,,,,9454.75,25246.07,1774.38,,,,,11012.57,9177.31,,,,,1021.78,924.48,22511.39,11563.5,,,42813.4336,14526.9926,32918.19,8038.12,464.88,598.34,87083,87179.57,23427.24,60498.35,15216.16,23395.91,13706.25,1298.52,2372.1,324.88,2020.13,1204.65,2474.5,66786.63,17632.96,1301.38,1977.9,tl_2025_05_sldu.zip,https://dev.planscore.org/plan.html?20260308T223333.866211636Z
AR,25,"SLDUST=""025""",8139.51,24355.13,0.0,8631.42,24163.87,991.09,7932.63,21461.99,1773.88,,,,8583.54,24773.83,0.0,,,,9140.57,20091.08,1402.94,,,,,12935.11,10198.97,,,,,1728.74,1009.22,20908.47,11724.95,,,49268.7338,15623.3303,32718.92,8444.66,631.67,582.23,87991,88942.03,23644.44,58175.71,15555.2,18732.64,12793.99,1202.45,2126.55,669.14,2183.07,3546.2,4034.81,65705.67,16912.77,4032.33,3641.19,tl_2025_05_sldu.zip,https://dev.planscore.org/plan.html?20260308T223333.866211636Z
AR,26,"SLDUST=""026""",6916.51,25974.42,0.0,7431.52,26753.3,948.84,7418.92,24158.23,1971.1,,,,7925.69,26970.16,0.0,,,,8955.59,22959.09,1317.36,,,,,10449.39,8866.83,,,,,3127.57,1513.89,23092.16,11709.52,,,43655.166,11547.781,34260.57,8627.09,1294.51,944.31,85205,88103.69,23157.88,60127.6,15234.03,22721.65,13872.06,1622.48,2416.56,1133.52,2469.76,947.35,2234.87,64444.43,15880.02,2769.47,3076.51,tl_2025_05_sldu.zip,https://dev.planscore.org/plan.html?20260308T223333.866211636Z
AR,27,"SLDUST=""027""",9519.41,14338.09,0.0,10576.52,15264.13,945.83,8794.4,14417.29,2115.19,,,,10511.61,15994.8,0.0,,,,8835.25,15159.26,1296.24,,,,,12931.21,12288.72,,,,,9307.82,3083.54,15172.11,10779.9,,,39634.4493,13324.8152,34225.81,10666.75,3497.54,1606.21,84320,83608.15,29440.61,54743.68,17891.64,21473.01,17049.24,2222.17,3354.71,3207.99,4675.54,5908.12,7054.22,58852.19,20467.76,6426.79,6055.26,tl_2025_05_sldu.zip,https://dev.planscore.org/plan.html?20260308T223333.866211636Z
AR,28,"SLDUST=""028""",8577.29,28218.52,0.0,9132.47,27909.47,936.67,8415.62,25253.11,2080.67,,,,9105.7,28174.33,0.0,,,,8825.88,24873.16,1506.75,,,,,10981.73,9549.22,,,,,1410.43,1052.25,23002.12,11851.47,,,46183.7492,15366.9339,33071.46,8287.21,678.4,630.38,85216,84641.35,22957.18,59739.68,15743.75,23181.92,14862.21,1447.05,2564.91,709.45,2164.64,303.88,1790.89,63904.25,17695.24,2424.2,2550.06,tl_2025_05_sldu.zip,https://dev.planscore.org/plan.html?20260308T223333.866211636Z
AR,29,"SLDUST=""029""",9182.03,26913.51,0.0,9067.57,26276.26,871.9,7629.45,22891.09,2057.78,,,,9407.28,26590.19,0.0,,,,8725.37,21956.35,1390.8,,,,,12137.33,10139.87,,,,,2024.4,1042.1,21006.83,11293.64,,,50470.7925,16732.647,33211.58,8489.27,779.64,550.1,85067,87963.4,25113.99,59662.48,16202.23,21331.94,14284.7,2170.13,2919.93,1010.97,2327.62,1052.43,2700.02,64155.01,18636.06,3075.28,3166.73,tl_2025_05_sldu.zip,https://dev.planscore.org/plan.html?20260308T223333.866211636Z
AR,30,"SLDUST=""030""",20286.26,11749.5,0.0,21324.71,11700.72,1117.48,17084.09,11337.86,3170.54,,,,20764.49,12580.97,0.0,,,,17115.68,12830.91,1333.3,,,,,22942.05,15498.97,,,,,178.73,106.37,8427.2,7187.16,,,51368.4246,19557.4189,32539.7,8660.25,119.71,82.96,84149,80093.18,23301.02,44503.13,13720.78,14005.27,11074.75,1386.48,2403.8,1927.49,3008.68,3812.27,4336.38,69346.89,19664.98,3819.03,3725.08,tl_2025_05_sldu.zip,https://dev.planscore.org/plan.html?20260308T223333.866211636Z
AR,31,"SLDUST=""031""",9997.51,14169.53,0.0,10134.74,13627.34,763.73,7366.14,12341.39,1612.7,,,,9809.34,14240.21,0.0,,,,7357.58,12795.73,920.18,,,,,11596.63,8988.03,,,,,4678.96,1425.35,13486.29,9127.85,,,55824.2331,17311.8314,28838.57,8100.88,957.39,482.41,84647,83321.36,24572.69,50732.85,14707.92,16997.51,12641.45,1332.97,2126.52,1310.59,2450.64,1416.22,2492.54,47463.15,14798.9,10971.1,7720.35,tl_2025_05_sldu.zip,https://dev.planscore.org/plan.html?20260308T223333.866211636Z
AR,32,"SLDUST=""032""",11038.62,20157.03,0.0,10906.48,19114.92,986.75,8014.57,16357.69,2015.36,,,,10816.59,19550.46,0.0,,,,8025.37,16564.45,1407.95,,,,,12765.28,9188.24,,,,,12728.54,3504.12,18698.33,10183.44,,,62506.5465,16132.5758,29487.05,7741.1,3458.62,1540.11,83999,81524.47,21983.15,53739.7,14743.78,16573.04,10521.78,1246.31,2095.84,762.11,2016.72,640.19,1841.95,54926.83,15653.67,9740.69,6367.48,tl_2025_05_sldu.zip,https://dev.planscore.org/plan.html?20260308T223333.866211636Z
AR,33,"SLDUST=""033""",14739.25,23755.91,0.0,13257.17,21243.25,1089.69,7991.45,16446.34,2231.16,,,,12885.85,22006.83,0.0,,,,7393.13,17881.26,1080.63,,,,,22153.72,10468.89,,,,,6925.83,1986.12,11197.53,6856.89,,,82244.4996,18516.1698,28183.75,6256.46,2129.71,1229.89,84881,76824.81,18039.32,49297.62,11118.28,15725.77,9899.62,1043.89,1651.91,2018.09,2727.47,1466.48,2301.48,56152.26,13615.5,5265.77,3707.04,tl_2025_05_sldu.zip,https://dev.planscore.org/plan.html?20260308T223333.866211636Z
AR,34,"SLDUST=""034""",16989.6,26819.59,0.0,15696.52,25276.13,1237.09,10368.7,21654.88,2904.9,,,,15168.88,26111.32,0.0,,,,10237.18,22583.02,1644.53,,,,,22297.4,12745.83,,,,,3782.27,1847.02,14518.95,8835.71,,,77450.1677,23315.2842,31027.71,7162.81,1651.63,1077.44,83569,82257.64,21000.19,56478.38,13349.82,22084.51,12729.53,1648.38,2494.87,2092.01,3083.75,1901.59,2943.78,64080.98,16459.38,4316.84,3822.66,tl_2025_05_sldu.zip,https://dev.planscore.org/plan.html?20260308T223333.866211636Z
AR,35,"SLDUST=""035""",11515.91,25142.28,0.0,10644.72,22837.15,1094.35,7404.56,18003.56,2250.55,,,,10985.47,23173.77,0.0,,,,8096.64,18036.1,1235.6,,,,,13816.6,11186.18,,,,,2489.26,1186.92,17644.87,10724.31,,,61261.9683,18878.7097,29531.63,8487.25,750.29,511.09,84025,80841.13,23590.64,51785.84,15317.2,18859.95,13919.17,2303.85,2982.12,1113.74,2525.11,1104.83,2523.86,59909.88,17184.5,4260.29,4036.65,tl_2025_05_sldu.zip,https://dev.planscore.org/plan.html?20260308T223333.866211636Z
AZ,1,"SLDUST=""001""",49260.41,98931.79,1359.98,50485.46,91809.08,2104.79,36466.68,71851.88,7640.31,52632.38,92763.88,2567.94,52740.56,90466.25,0.0,41041.0,65700.78,3060.46,35375.5,68623.88,8871.39,,,,,48342.39,38147.27,,,,,4966.41,2681.73,47238.67,32002.93,,,52997.3911,19822.6383,102384.89,28563.9,2083.07,1500.02,237896,234356.31,71894.08,181371.18,53103.11,90413.27,57494.41,4249.0,8312.83,2783.99,7095.58,1915.79,6429.37,197686.52,56745.61,20072.95,15592.51,tl_2025_04_sldu.zip,https://dev.planscore.org/plan.html?20260308T223333.062109511Z
AZ,2,"SLDUST=""002""",50080.85,56024.57,1213.97,54490.41,56922.98,2032.95,36561.65,44784.2,7235.28,53440.77,49898.7,2764.96,56254.39,55654.03,0.0,38464.91,37343.94,2177.79,31544.18,48735.38,6225.12,,,,,53409.73,35806.19,,,,,33083.07,12033.24,39502.12,27682.69,,,74124.5505,21674.7609,98668.93,26437.53,13568.45,6883.76,246674,248583.25,76699.48,172237.88,50466.55,77662.94,49746.68,3529.65,7869.84,5977.17,9708.87,10418.3,14260.75,175886.95,53897.33,29665.41,21923.25,tl_2025_04_sldu.zip,https://dev.planscore.org/plan.html?20260308T223333.062109511Z
AZ,3,"SLDUST=""003""",61006.95,100964.16,1151.01,61362.86,95354.74,1441.68,42710.64,74550.07,6534.36,65733.02,93460.04,2271.91,61437.99,95993.45,0.0,45518.99,71744.5,1438.9,34855.29,80947.62,5500.54,,,,,104008.41,55869.66,,,,,17395.26,7091.81,23273.71,17862.4,,,109941.9419,35771.0755,99220.11,24762.04,10953.08,5126.28,236955,240288.23,66748.75,182787.13,47010.98,62406.45,39962.66,2172.89,5779.87,7371.3,10674.33,3421.29,7980.66,188960.48,50420.26,10280.22,10075.59,tl_2025_04_sldu.zip,https://dev.planscore.org/plan.html?20260308T223333.062109511Z
AZ,4,"SLDUST=""004""",72931.0,78326.0,1433.0,77851.81,76479.85,1857.39,57155.27,62709.54,8173.39,77771.0,70740.0,2540.0,77724.5,77402.36,0.0,59948.78,58478.51,1805.89,45954.37,74553.14,5207.28,,,,,107577.32,61348.47,,,,,28323.88,10677.17,24875.58,20119.09,,,102280.6219,29917.7151,110625.68,28579.84,14643.88,6778.13,244298,252429.4,71629.79,190464.81,52216.54,66495.16,45426.56,1857.39,6698.53,9578.62,13515.84,5088.58,10156.53,190918.06,54411.96,16683.22,15194.09,tl_2025_04_sldu.zip,https://dev.planscore.org/plan.html?20260308T223333.062109511Z
AZ,5,"SLDUST=""005""",70415.84,32429.88,1400.0,76058.18,32307.89,1724.1,53008.59,24886.63,6434.49,73126.84,27804.89,2684.99,76788.75,32467.17,0.0,55733.45,21968.51,1926.16,46183.03,32584.27,4255.19,,,,,61914.17,43111.54,,,,,38215.35,13231.79,34971.18,26614.93,,,57147.5039,20016.5216,104406.56,28398.15,12727.94,6611.81,239088,246755.22,77466.44,172050.54,51574.45,65868.89,44023.7,5483.69,10258.77,6251.02,11108.96,13696.09,16554.25,173378.24,52064.55,46232.4,28258.01,tl_2025_04_sldu.zip,https://dev.planscore.org/plan.html?20260308T223333.062109511Z
AZ,6,"SLDUST=""006""",61896.88,35191.13,1263.07,72761.64,35970.29,1802.64,52620.97,26537.28,8309.94,64693.91,30881.78,2343.21,74658.83,35450.43,0.0,51823.86,24566.46,3077.83,54431.21,28140.84,4861.9,,,,,27015.04,23033.82,,,,,3271.65,2297.56,43386.84,22081.97,,,35599.6785,9885.5776,72627.87,18728.0,1381.24,1343.05,225474,233096.3,61472.64,145949.85,37499.68,71141.79,37594.85,98026.84,35495.9,952.88,5742.24,1560.76,6136.87,161373.48,44355.3,13207.09,10079.55,tl_2025_04_sldu.zip,https://dev.planscore.org/plan.html?20260308T223333.062109511Z
AZ,7,"SLDUST=""007""",44767.04,83448.96,1193.02,44117.18,74407.33,1848.12,31958.54,56136.87,6784.64,48086.02,77197.0,2672.11,46612.63,72633.44,0.0,35281.47,49536.19,2635.4,31240.51,53665.06,7380.36,,,,,45375.3,34697.67,,,,,7522.36,4283.25,46041.95,27958.24,,,50564.3909,15890.3264,94706.65,26196.09,3785.73,2702.54,240214,248225.15,69509.62,175324.67,48359.02,82434.06,48510.28,8943.88,12380.36,3524.34,7994.88,4664.57,7995.73,200503.27,54291.32,31014.45,19315.76,tl_2025_04_sldu.zip,https://dev.planscore.org/plan.html?20260308T223333.062109511Z
AZ,8,"SLDUST=""008""",55595.0,37100.0,1336.0,65695.79,35841.1,2124.65,44467.84,27214.81,7607.25,58279.0,32183.0,2390.0,66575.71,35841.06,0.0,46206.6,23663.84,1934.53,38277.49,34572.18,4595.09,,,,,70845.03,48455.41,,,,,36197.28,12459.48,30980.0,25208.4,,,58698.465,20443.7769,108476.73,29421.25,11208.65,6399.13,244166,259787.31,82959.25,169064.82,54628.27,68591.49,49138.71,7226.21,10476.25,8169.86,11716.43,15235.73,18581.8,192926.95,61098.93,40109.28,26195.92,tl_2025_04_sldu.zip,https://dev.planscore.org/plan.html?20260308T223333.062109511Z
AZ,9,"SLDUST=""009""",43327.23,40755.24,1286.01,48222.15,42787.65,2211.65,31930.54,33588.48,7959.39,45897.24,36057.22,2603.01,50151.88,42017.9,0.0,33060.05,28932.99,2097.07,28190.24,38421.97,5114.41,,,,,37895.78,27818.11,,,,,36079.86,12067.64,40172.45,26250.7,,,55634.975,13303.0134,89844.85,23303.76,10013.22,5459.58,238117,252104.73,74543.55,159666.63,46090.53,74190.29,45618.59,5493.23,9229.25,4432.23,8111.29,10155.35,13679.21,159440.56,47999.36,39829.0,23739.7,tl_2025_04_sldu.zip,https://dev.planscore.org/plan.html?20260308T223333.062109511Z
AZ,10,"SLDUST=""010""",46992.0,72132.0,1200.0,47041.4,71640.05,1982.74,30477.54,54625.89,7598.48,50884.0,65351.0,2884.0,49116.71,70225.32,0.0,34038.25,48926.13,2278.15,27764.68,56355.21,6548.55,,,,,48969.91,31180.07,,,,,18405.83,8304.27,46532.76,25803.29,,,57237.778,14384.8644,95833.55,21787.52,8078.84,4598.96,235579,237017.82,62353.65,175326.06,44083.55,81592.29,42844.72,2509.83,6103.82,4816.69,8699.86,6627.16,10539.98,181295.5,47858.9,24130.82,16700.13,tl_2025_04_sldu.zip,https://dev.planscore.org/plan.html?20260308T223333.062109511Z
AZ,11,"SLDUST=""011""",52402.71,22225.57,1159.97,58504.55,18214.97,1259.75,40906.93,11228.69,3777.94,55025.61,18256.63,2238.0,59470.27,17740.11,0.0,37547.0,9864.3,1755.5,35891.69,16312.99,2740.8,,,,,26693.33,23682.58,,,,,36160.24,10325.52,42169.54,27783.34,,,59644.1095,17365.9207,70351.54,19796.98,11539.52,5099.52,237844,240623.52,77718.24,147467.91,46763.18,54341.13,37812.85,3934.46,7440.28,5207.23,8397.02,26192.04,21289.21,146300.75,46632.17,70408.63,33737.58,tl_2025_04_sldu.zip,https://dev.planscore.org/plan.html?20260308T223333.062109511Z
AZ,12,"SLDUST=""012""",72941.34,52728.37,1790.01,79695.69,54338.19,2292.2,56280.45,44334.23,9391.33,76800.36,46411.34,3129.01,80475.26,54687.95,0.0,59543.18,39787.12,2018.5,47646.32,54726.25,5500.12,,,,,83406.0,47124.0,,,,,29107.65,10319.35,26528.0,20906.0,,,91669.3185,24000.7697,96114.0,23459.0,13925.33,6146.98,238923,246422.0,69813.0,174081.0,47586.0,68310.0,45002.0,4070.0,8223.0,12415.0,14955.0,11421.0,14928.0,181194.0,53700.0,29994.0,20825.0,tl_2025_04_sldu.zip,https://dev.planscore.org/plan.html?20260308T223333.062109511Z
AZ,13,"SLDUST=""013""",59903.72,61355.9,1631.0,63875.48,60221.7,1860.29,41941.59,46586.66,7164.32,64019.72,54769.91,2835.99,64886.19,59913.76,0.0,44852.31,42883.9,1841.17,34969.91,54020.03,4674.32,,,,,68188.85,36954.82,,,,,31043.98,9025.17,27994.14,19410.38,,,97305.4811,23988.6836,82496.11,19859.55,15275.06,5554.88,237866,220121.86,58376.92,152202.59,39337.54,56889.23,34974.7,3262.49,7452.01,15965.53,15117.36,9783.0,12785.41,168466.92,47090.01,27366.18,18884.77,tl_2025_04_sldu.zip,https://dev.planscore.org/plan.html?20260308T223333.062109511Z
AZ,14,"SLDUST=""014""",53968.93,78464.65,1466.02,54284.44,73942.38,2095.57,33151.8,53415.48,8413.2,58197.02,71339.5,2713.05,55361.37,73757.11,0.0,36821.91,49514.68,1774.28,27681.66,60271.86,4766.97,,,,,61609.67,36264.76,,,,,10620.77,3833.48,23037.49,17286.34,,,107246.1174,28490.3098,70194.05,18123.15,7249.63,3103.28,241692,224538.12,68547.03,136689.0,37952.87,55223.05,34193.66,2199.51,5609.92,10352.47,11860.57,7048.96,10342.49,165211.46,46042.23,25116.58,16271.89,tl_2025_04_sldu.zip,https://dev.planscore.org/plan.html?20260308T223333.062109511Z
AZ,15,"SLDUST=""015""",49054.77,92776.84,1393.97,42863.89,75521.21,1946.6,22311.55,44579.8,6020.42,53341.65,85325.02,2863.93,44876.34,74349.13,0.0,26302.52,42064.98,1621.94,20015.08,46339.56,4775.69,,,,,43755.23,30020.77,,,,,5378.11,2281.45,36197.79,23420.75,,,91810.2763,22635.1213,72849.03,19250.13,3041.89,1567.45,240028,227544.44,67845.12,144073.46,41145.07,67543.14,41302.39,3114.01,6368.04,6188.95,8706.4,8438.67,10920.41,176531.77,48492.66,29472.69,19098.44,tl_2025_04_sldu.zip,https://dev.planscore.org/plan.html?20260308T223333.062109511Z
AZ,16,"SLDUST=""016""",48385.04,58556.34,1067.97,46067.69,49813.08,1465.51,31192.84,35570.35,4917.96,51227.08,52561.36,2810.96,47988.29,48375.41,0.0,31002.56,31210.2,2043.98,29158.23,36491.57,4996.46,,,,,32069.17,25720.37,,,,,14155.37,6131.46,51841.04,29932.64,,,53615.5656,15844.161,77487.2,20623.55,6518.23,3537.52,236940,246500.01,73011.88,166395.18,46470.36,70631.02,41612.27,15177.24,13651.4,3013.09,6557.9,12298.6,12756.44,181672.73,51498.33,54047.8,29245.98,tl_2025_04_sldu.zip,https://dev.planscore.org/plan.html?20260308T223333.062109511Z
AZ,17,"SLDUST=""017""",74742.46,80861.89,1568.91,70453.21,76918.66,2164.32,49432.24,62457.17,8410.11,77341.32,74464.61,3189.66,71125.81,77549.53,0.0,51487.37,61907.42,2104.41,45278.92,66506.0,5912.29,,,,,73918.75,40402.64,,,,,14202.93,6299.09,29586.65,18999.03,,,81896.7592,18703.3793,92314.97,20713.67,9601.5,4633.61,239669,231326.93,59489.0,167212.14,40492.48,68470.97,38760.32,2101.75,5734.22,6390.69,9365.03,5876.16,9354.95,189723.7,47821.75,33151.95,20796.65,tl_2025_04_sldu.zip,https://dev.planscore.org/plan.html?20260308T223333.062109511Z
AZ,18,"SLDUST=""018""",81571.41,49671.07,1694.99,84929.77,51740.37,1980.93,63846.37,44680.92,8206.39,82839.36,44818.8,3291.12,85385.9,52365.67,0.0,64161.27,42799.34,2079.03,57127.38,51691.48,5416.53,,,,,76102.61,47182.96,,,,,22445.25,9657.87,30048.64,22033.46,,,64249.0515,18292.8268,111217.43,28098.16,11628.0,5680.16,243411,237299.4,68051.02,175377.13,47361.18,72781.9,47002.12,3215.51,8237.29,7812.2,12037.27,8359.11,13127.66,194670.59,55621.98,37543.44,23894.61,tl_2025_04_sldu.zip,https://dev.planscore.org/plan.html?20260308T223333.062109511Z
AZ,19,"SLDUST=""019""",44748.09,71816.16,1190.06,44842.73,70331.37,1910.75,32274.42,55178.19,7351.99,47021.08,66479.06,2784.05,46838.38,69442.17,0.0,33319.71,52683.28,2314.0,32095.43,54131.65,6480.0,,,,,46389.41,33595.22,,,,,13047.51,5328.56,37352.18,23269.6,,,50865.4415,16246.8813,89855.0,23800.8,7564.64,3689.85,230476,226761.6,62874.64,160791.24,41582.53,74265.58,42827.0,2942.19,7015.28,3944.18,8542.67,6570.63,10323.81,176626.63,48120.38,42948.56,23323.62,tl_2025_04_sldu.zip,https://dev.planscore.org/plan.html?20260308T223333.062109511Z
AZ,20,"SLDUST=""020""",59800.1,23343.49,1211.1,68813.26,22107.24,1342.32,52540.66,16290.67,5040.77,60215.13,19734.02,3052.4,70027.21,21293.89,0.0,49759.62,14670.7,2089.79,46578.17,21560.01,3960.43,,,,,35043.64,28844.96,,,,,37601.63,11842.5,37326.4,24395.79,,,39186.0502,12780.8517,94833.0,25988.21,14140.19,6175.34,238486,250863.39,75455.8,149354.45,44820.88,64640.37,43026.57,6476.71,9280.04,6008.3,9835.63,6051.2,10306.65,173083.37,54193.0,77050.74,34359.05,tl_2025_04_sldu.zip,https://dev.planscore.org/plan.html?20260308T223333.062109511Z
AZ,21,"SLDUST=""021""",53605.2,36678.4,1111.07,59790.53,32902.85,1518.74,46078.32,24354.16,5512.11,55308.31,31589.17,3188.08,61575.0,31781.46,0.0,41042.9,22261.12,2117.49,40413.04,29581.79,4118.93,,,,,30700.22,26531.31,,,,,37495.41,9803.65,39897.71,25484.2,,,48005.9782,14235.7911,81551.27,22606.06,17758.47,5902.18,244412,242925.31,75899.43,151961.38,44826.64,65477.69,42413.39,3566.47,7519.1,3134.86,7382.02,8137.74,10423.61,161984.86,49114.64,81732.82,37076.35,tl_2025_04_sldu.zip,https://dev.planscore.org/plan.html?20260308T223333.062109511Z
AZ,22,"SLDUST=""022""",44411.03,28781.13,810.98,50223.82,23969.58,1165.21,35049.29,16354.53,3896.6,47342.97,23845.25,2312.94,51822.15,22796.16,0.0,31447.73,12993.51,1620.47,29831.83,21110.76,3122.37,,,,,22859.76,21333.82,,,,,39233.72,10901.11,42478.17,26634.15,,,68488.6143,15908.9519,68533.26,19197.36,17746.14,6581.5,238320,239918.0,74836.74,140958.96,44535.17,54499.79,35676.27,2845.2,6490.04,4235.74,7099.83,18607.68,17487.08,148880.94,47425.33,80094.82,36284.31,tl_2025_04_sldu.zip,https://dev.planscore.org/plan.html?20260308T223333.062109511Z
AZ,23,"SLDUST=""023""",41919.2,40446.01,789.91,45733.52,34664.31,1292.73,33844.13,22735.01,3913.28,44668.34,34930.2,2444.71,47497.6,33287.5,0.0,29296.91,20362.68,1741.39,27616.91,27071.45,3353.04,,,,,24586.62,23867.93,,,,,26648.66,7090.62,37120.47,24735.81,,,43757.863,13295.0976,72727.14,22115.24,12385.75,4344.96,232246,228633.7,75222.46,141446.16,44790.88,58525.93,38832.3,8043.43,8348.15,2648.88,6802.33,5880.61,8996.45,149966.51,49375.84,80899.08,37744.46,tl_2025_04_sldu.zip,https://dev.planscore.org/plan.html?20260308T223333.062109511Z
AZ,24,"SLDUST=""024""",33061.18,21703.58,695.06,40727.82,20718.17,1065.25,29655.26,14896.88,3681.81,35310.35,17783.29,1928.14,42286.05,19534.74,0.0,26677.83,11780.63,1606.66,25139.94,18916.44,3140.73,,,,,14403.08,17237.8,,,,,54084.19,14326.1,46988.33,30154.61,,,53345.6705,15941.4181,71450.58,20837.8,15756.57,7324.61,234992,253394.56,87205.32,146376.76,48841.38,50114.72,37111.01,3390.74,7217.89,3683.47,7424.87,11150.21,13204.36,129708.27,47457.33,68961.43,35986.16,tl_2025_04_sldu.zip,https://dev.planscore.org/plan.html?20260308T223333.062109511Z
AZ,25,"SLDUST=""025""",43349.38,79879.48,1098.01,39783.36,65480.41,1669.61,22537.67,42607.6,4455.55,47427.44,72634.39,2835.03,41759.22,64044.53,0.0,23917.63,38954.72,1687.64,20298.68,41916.16,4929.78,,,,,30406.33,25277.47,,,,,14872.79,4856.53,41215.51,24561.5,,,60858.7965,20142.5266,74874.57,21296.89,7871.92,3281.04,243005,233214.25,73316.11,151565.01,43583.74,76595.36,46951.49,3152.79,6784.55,3933.65,7962.37,10197.61,11996.08,183549.79,50309.65,55849.83,29220.02,tl_2025_04_sldu.zip,https://dev.planscore.org/plan.html?20260308T223333.062109511Z
AZ,26,"SLDUST=""026""",31903.98,17502.54,667.94,39143.11,16927.8,1003.65,28429.69,12749.95,3332.82,33648.81,14476.82,1673.86,40237.34,16204.96,0.0,26516.92,10022.11,1466.27,24159.01,16664.15,2822.76,,,,,16875.94,17790.81,,,,,66476.79,16252.81,41548.68,27584.81,,,46105.2611,12786.3812,76110.44,22913.93,17569.61,7644.27,237193,248890.97,84459.4,143398.29,47433.63,48398.55,36976.95,4436.45,8283.48,4812.34,8529.32,12237.94,14092.85,127665.6,45573.08,63877.46,33594.41,tl_2025_04_sldu.zip,https://dev.planscore.org/plan.html?20260308T223333.062109511Z
AZ,27,"SLDUST=""027""",47171.69,59358.44,1191.0,52015.53,60891.03,1932.04,35809.93,48763.89,7145.57,50748.65,52824.52,2888.96,54015.83,59361.16,0.0,37721.31,40438.35,2434.23,30877.66,52081.66,6576.03,,,,,43823.62,32731.4,,,,,26853.72,11272.16,41547.49,28318.61,,,73197.7457,20454.428,84816.86,23977.55,15668.27,7796.28,240634,235707.36,75428.29,159567.06,48756.22,69458.79,44883.33,4010.02,8283.18,7324.68,11324.81,8174.82,12134.61,179704.42,57772.11,36110.06,25456.25,tl_2025_04_sldu.zip,https://dev.planscore.org/plan.html?20260308T223333.062109511Z
AZ,28,"SLDUST=""028""",55348.56,88955.81,995.03,54056.5,87505.62,1370.4,36644.09,67297.87,5863.93,60099.63,81415.67,2551.09,55795.72,86116.03,0.0,42298.94,62701.4,2081.03,32652.88,68422.98,6552.05,,,,,61792.64,37345.24,,,,,12638.11,5394.1,38914.23,23150.49,,,84341.0588,20725.795,92218.43,21286.41,8066.53,4050.23,228803,215680.92,55706.76,168616.86,41293.65,71292.13,39345.4,1840.03,5462.06,7054.23,10038.58,4489.26,8339.97,183033.86,46443.04,13994.99,11449.28,tl_2025_04_sldu.zip,https://dev.planscore.org/plan.html?20260308T223333.062109511Z
AZ,29,"SLDUST=""029""",50836.34,73891.66,1062.99,50078.95,64410.99,1552.08,32180.64,46265.54,5533.06,54877.34,66755.68,2860.98,51887.43,62913.69,0.0,34551.56,41211.02,1933.29,28612.81,48060.25,5441.94,,,,,44888.94,30420.06,,,,,20586.34,7808.71,40037.26,26058.96,,,70631.2513,19282.8753,82420.13,22773.85,11511.1,5143.98,240102,230570.72,70191.65,158166.07,46340.26,69830.78,41686.93,2720.47,6776.61,5242.4,8691.7,12346.64,15413.46,183224.47,53693.47,40031.68,24427.82,tl_2025_04_sldu.zip,https://dev.planscore.org/plan.html?20260308T223333.062109511Z
AZ,30,"SLDUST=""030""",27461.64,95940.93,784.96,28172.29,87545.11,1446.33,19700.89,65167.76,4782.35,30330.67,89008.21,2726.89,31093.66,83994.63,0.0,21713.44,56226.68,2479.77,21382.95,56790.42,8706.94,,,,,25830.12,28795.9,,,,,7428.88,3790.84,63167.03,38816.88,,,43159.3947,15692.5722,104204.17,31806.59,3454.54,2036.12,237999,240437.21,77292.92,186076.8,58628.65,89494.24,57692.86,6103.93,9598.06,2286.01,7378.07,2504.5,7920.35,196990.36,60278.5,25907.44,19611.85,tl_2025_04_sldu.zip,https://dev.planscore.org/plan.html?20260308T223333.062109511Z
CA,1,"SLDUST=""001""",164329.34,254437.71,12567.01,187846.6,259945.36,11265.1,143581.75,218700.73,27940.09,159347.84,261869.42,0.0,,,,,,,,,,,,,,153276.32,121637.88,,,,,71238.64,26966.52,158043.49,101966.14,,,56868.9073,17697.4237,356217.16,92776.88,35292.88,17145.86,943108,937511.12,273064.83,648480.14,177773.12,317553.57,188304.43,20371.98,34171.23,33369.45,45635.56,15797.68,33606.1,694939.39,207934.63,104603.6,72216.49,tl_2025_06_sldu.zip,https://dev.planscore.org/plan.html?20260308T223333.543189272Z
CA,2,"SLDUST=""002""",345425.38,131983.01,16663.57,387374.69,132331.85,13070.12,312663.76,111075.41,34972.24,340084.8,143203.09,0.0,,,,,,,,,,,,,,277498.9,177732.9,,,,,99017.48,32688.22,133278.1,97084.7,,,62256.7892,21178.8985,386382.57,100276.96,45551.98,18755.55,996649,989960.84,289556.24,713377.65,199421.83,282543.06,186944.22,19445.68,35938.52,34705.41,48821.84,16225.23,36793.01,721497.19,223151.31,108218.58,79863.31,tl_2025_06_sldu.zip,https://dev.planscore.org/plan.html?20260308T223333.543189272Z
CA,3,"SLDUST=""003""",285567.06,161255.04,14102.17,323582.54,158764.0,11564.07,250901.04,120970.01,25152.63,281411.58,168175.1,0.0,,,,,,,,,,,,,,223711.29,145573.56,,,,,172213.92,44868.91,146242.1,97165.68,,,85933.9575,24320.5959,353786.65,87102.51,89440.27,28440.08,1039211,1028738.99,286339.15,688199.16,184927.01,295729.63,178260.0,7432.87,24418.44,100231.52,77120.84,67823.28,67931.12,730041.15,211588.28,171642.74,104530.34,tl_2025_06_sldu.zip,https://dev.planscore.org/plan.html?20260308T223333.543189272Z
CA,4,"SLDUST=""004""",197973.71,256177.16,11795.61,226537.88,252450.4,11315.75,168608.3,198563.21,25225.15,186278.29,244287.01,0.0,,,,,,,,,,,,,,164727.23,132804.58,,,,,101306.71,31613.99,187171.36,121192.03,,,65312.9995,24285.4866,359324.16,98485.76,45050.84,19013.66,1036270,1027192.93,313930.33,700417.44,204429.95,305944.79,192359.26,13899.31,30267.18,33860.5,46835.0,18310.28,37773.55,719328.28,225513.61,185852.41,109185.12,tl_2025_06_sldu.zip,https://dev.planscore.org/plan.html?20260308T223333.543189272Z
CA,5,"SLDUST=""005""",196557.04,165531.58,12244.04,242385.07,159192.38,8939.14,180884.59,119666.06,18886.8,193906.12,168972.6,0.0,,,,,,,,,,,,,,188352.77,123626.09,,,,,167512.59,38600.23,156043.51,98488.48,,,85134.7864,24664.2617,313489.04,80302.47,78101.74,23320.29,1024101,991770.89,296237.46,643504.74,182527.96,232479.95,155635.59,6049.84,21613.18,131233.36,89989.38,47748.5,54539.5,643628.87,201215.36,186278.61,112444.13,tl_2025_06_sldu.zip,https://dev.planscore.org/plan.html?20260308T223333.543189272Z
CA,6,"SLDUST=""006""",231026.4,236685.09,15236.42,247851.82,242785.88,13027.75,175980.32,186814.04,27274.18,221708.25,249406.76,0.0,,,,,,,,,,,,,,235020.59,139682.22,,,,,125743.24,39078.67,131785.44,84747.08,,,87215.7846,23673.1337,346505.0,78405.21,70187.2,25761.73,969751,942112.08,245041.54,652887.46,163167.01,282885.15,162169.76,8784.13,22729.43,68418.92,62847.85,41808.82,51525.34,698655.15,191628.15,102993.68,69796.5,tl_2025_06_sldu.zip,https://dev.planscore.org/plan.html?20260308T223333.543189272Z
CA,7,"SLDUST=""007""",330763.61,46702.66,18234.05,403108.06,42352.38,9118.3,345850.97,28110.57,22453.4,326044.56,49074.68,0.0,,,,,,,,,,,,,,320677.76,182913.04,,,,,243777.6,55114.37,100749.56,78912.75,,,91575.0803,28904.4066,344344.03,84633.82,120584.15,34231.32,958780,931885.84,266148.86,662529.37,185202.13,196308.33,140632.09,3889.02,22589.23,138607.79,97823.25,121297.31,96764.86,647631.71,202060.25,122942.48,84702.54,tl_2025_06_sldu.zip,https://dev.planscore.org/plan.html?20260308T223333.543189272Z
CA,8,"SLDUST=""008""",233907.35,115958.3,13209.07,277810.82,115876.86,9591.52,207573.17,79407.39,18844.16,232176.55,119979.35,0.0,,,,,,,,,,,,,,186984.01,125059.03,,,,,149166.3,36903.62,134360.26,89513.43,,,70267.2733,20797.2598,315616.87,78950.09,88723.06,24305.46,941931,910462.56,267636.28,607793.05,169997.9,248192.37,158677.93,6026.44,20938.95,145112.66,94572.77,90681.63,84655.07,645925.81,193956.21,142754.28,91059.62,tl_2025_06_sldu.zip,https://dev.planscore.org/plan.html?20260308T223333.543189272Z
CA,9,"SLDUST=""009""",300552.88,129963.67,15011.83,355304.35,130739.05,10556.35,275741.1,101179.75,23490.32,288054.89,139985.61,0.0,,,,,,,,,,,,,,308486.56,172485.24,,,,,196214.95,44203.25,118732.49,86177.73,,,109788.6197,32065.4154,342597.42,83609.72,110032.01,28793.48,991163,981828.17,278495.43,689337.59,187581.74,235971.59,157682.12,4923.32,20719.39,148050.75,101079.34,58001.14,60734.47,672042.65,202657.2,125524.95,84698.11,tl_2025_06_sldu.zip,https://dev.planscore.org/plan.html?20260308T223333.543189272Z
CA,10,"SLDUST=""010""",234121.16,102932.97,15169.33,297929.55,100002.17,7808.76,243846.83,62954.14,17740.71,231492.85,105038.02,0.0,,,,,,,,,,,,,,385099.97,198766.15,,,,,394311.22,54449.24,123891.06,83812.18,,,133690.5284,35864.2804,332563.24,75434.34,215463.89,38505.39,1035025,1033296.59,269840.92,739279.17,192025.19,188260.17,130523.3,3339.24,19121.88,280152.88,132842.96,31423.76,44321.7,594922.55,183522.41,114561.47,78707.44,tl_2025_06_sldu.zip,https://dev.planscore.org/plan.html?20260308T223333.543189272Z
CA,11,"SLDUST=""011""",359879.74,76607.61,18353.04,426944.91,70005.3,9810.89,383656.0,45799.21,22432.6,346951.77,80194.64,0.0,,,,,,,,,,,,,,454144.11,256844.04,,,,,267806.57,48225.63,102933.51,86649.86,,,128963.2879,45028.8139,408304.38,105454.76,178189.71,35502.44,1021115,1024719.22,301017.12,809410.52,236431.74,201158.63,155451.73,3749.05,23895.54,287826.96,158767.34,41374.57,53667.79,725425.41,231537.04,98071.04,76460.62,tl_2025_06_sldu.zip,https://dev.planscore.org/plan.html?20260308T223333.543189272Z
CA,12,"SLDUST=""012""",147631.45,254136.65,9872.33,170409.32,258496.87,9706.65,116402.52,205634.75,18635.21,143457.21,258199.35,0.0,,,,,,,,,,,,,,174997.99,129915.02,,,,,70182.98,25626.61,135806.0,94538.67,,,64977.9925,21337.3654,317892.83,88376.56,38463.31,16069.82,944035,908220.34,287912.13,594114.89,177573.81,262233.52,172792.72,10378.87,24380.29,52691.82,55139.5,29411.93,43154.37,653333.8,199950.01,191581.65,108144.7,tl_2025_06_sldu.zip,https://dev.planscore.org/plan.html?20260308T223333.543189272Z
CA,13,"SLDUST=""013""",342663.76,101551.79,16382.82,398858.48,102003.02,10551.62,331430.1,82120.46,23939.21,331708.48,117535.3,0.0,,,,,,,,,,,,,,443945.22,219804.86,,,,,280292.87,50461.23,78460.03,66418.72,,,162865.3341,46688.7232,357473.21,79423.29,155283.3,34260.06,1011185,996554.3,256316.85,706498.58,175716.35,161995.53,119527.36,2505.64,20449.83,181509.66,104361.34,17656.77,33821.27,635709.25,183393.3,97264.13,68029.99,tl_2025_06_sldu.zip,https://dev.planscore.org/plan.html?20260308T223333.543189272Z
CA,14,"SLDUST=""014""",131590.77,120978.39,6172.95,172022.86,111140.22,6041.6,131077.84,79976.28,12052.61,118626.38,104413.27,0.0,,,,,,,,,,,,,,75208.1,80115.27,,,,,160735.28,38839.8,145310.2,98581.42,,,51029.1305,18433.3794,284648.42,82533.12,55394.88,20566.69,1004564,984413.5,320614.87,584312.92,183273.22,226514.61,157854.47,5985.43,21895.26,52940.95,55248.72,34986.24,46618.05,572394.42,199452.82,322899.2,156040.32,tl_2025_06_sldu.zip,https://dev.planscore.org/plan.html?20260308T223333.543189272Z
CA,15,"SLDUST=""015""",261990.97,122435.68,14217.68,321880.12,124323.68,9751.44,263845.78,81398.02,21540.31,256433.53,126798.95,0.0,,,,,,,,,,,,,,300450.93,163763.36,,,,,315799.12,54253.98,123392.72,84977.96,,,125892.9222,35088.3647,324095.94,73647.23,180770.18,37165.43,1030043,1037938.79,279312.31,709448.27,183401.29,214558.57,138759.85,3918.33,19972.0,201450.05,108989.92,24005.58,38974.44,639936.5,188393.18,182028.15,101189.63,tl_2025_06_sldu.zip,https://dev.planscore.org/plan.html?20260308T223333.543189272Z
CA,16,"SLDUST=""016""",98537.57,118273.32,5659.29,128872.7,108524.07,5793.25,99212.99,79548.46,10564.78,98104.02,118306.98,0.0,,,,,,,,,,,,,,58793.25,71377.74,,,,,114290.56,26449.73,156168.18,102525.17,,,47022.4061,14571.2789,265535.09,80290.27,33680.6,12947.73,963518,962529.83,325356.68,555907.04,179109.74,195578.55,142465.18,5907.83,20615.64,24308.34,35936.43,29233.27,38259.38,526630.86,184151.25,325833.03,151514.15,tl_2025_06_sldu.zip,https://dev.planscore.org/plan.html?20260308T223333.543189272Z
CA,17,"SLDUST=""017""",276118.79,139229.0,14077.07,318609.14,136103.37,11094.27,252624.03,109451.77,26832.91,269733.76,147912.05,0.0,,,,,,,,,,,,,,211571.91,133409.66,,,,,155477.99,37330.36,123558.32,84613.95,,,81682.3829,26727.5969,328582.12,80216.88,49501.4,19150.01,1001026,993611.27,274920.44,647256.61,172935.37,241196.46,151198.99,7383.49,22266.02,41341.35,43736.39,16516.67,28377.87,654056.82,184027.64,202154.29,102232.82,tl_2025_06_sldu.zip,https://dev.planscore.org/plan.html?20260308T223333.543189272Z
CA,18,"SLDUST=""018""",184356.81,140629.94,8359.57,234182.15,124147.35,7444.56,196360.5,81319.86,14913.44,183031.34,141913.52,0.0,,,,,,,,,,,,,,129868.54,107842.09,,,,,213481.97,43546.56,171235.44,110187.66,,,49240.9506,18033.0321,292161.01,83985.03,101398.9,27910.25,970127,978877.31,319274.3,646049.92,203573.35,238418.18,159591.55,4540.85,19063.42,54648.89,51257.0,34538.28,43546.79,608145.33,198465.35,368854.39,159236.37,tl_2025_06_sldu.zip,https://dev.planscore.org/plan.html?20260308T223333.543189272Z
CA,19,"SLDUST=""019""",187617.6,200698.47,9435.74,207292.87,208608.46,8698.28,146071.35,170157.36,16960.34,183052.91,205919.26,0.0,,,,,,,,,,,,,,166838.51,125949.6,,,,,109459.68,34236.04,162981.6,102692.65,,,52263.9178,20481.2294,345333.89,90930.85,57168.78,22648.6,949159,934036.99,291863.24,643830.8,188115.82,286399.93,176533.38,9499.14,25859.43,34761.5,45637.23,41467.56,53001.23,680364.81,210363.24,215214.1,119461.95,tl_2025_06_sldu.zip,https://dev.planscore.org/plan.html?20260308T223333.543189272Z
CA,20,"SLDUST=""020""",188645.92,103782.15,9657.0,250358.88,97108.67,7872.13,204240.06,59196.67,15759.3,184494.92,101638.17,0.0,,,,,,,,,,,,,,152957.64,110271.8,,,,,344322.84,59314.83,151393.54,89471.89,,,76160.4642,25240.7586,287996.12,70112.34,173806.61,39559.17,942908,954781.86,280183.19,646667.68,184375.11,218586.08,141655.1,3827.47,20069.03,66056.28,61434.61,26232.62,38772.33,562934.31,183786.96,287903.55,131520.21,tl_2025_06_sldu.zip,https://dev.planscore.org/plan.html?20260308T223333.543189272Z
CA,21,"SLDUST=""021""",255442.51,158022.31,12861.59,295095.83,159493.43,10418.33,236190.22,130582.82,25029.82,248567.72,168762.56,0.0,,,,,,,,,,,,,,204891.12,132944.1,,,,,155043.24,37142.17,130171.18,88980.42,,,81636.8438,24500.0765,328377.23,82470.72,65283.63,21241.65,1024690,1024916.4,298259.07,662434.64,184212.73,253910.13,162559.63,6340.54,22274.72,42659.8,46699.03,17043.56,32803.82,667286.37,194740.8,262099.03,127378.19,tl_2025_06_sldu.zip,https://dev.planscore.org/plan.html?20260308T223333.543189272Z
CA,22,"SLDUST=""022""",188099.14,140497.85,10007.92,245533.19,130874.45,8072.72,189816.98,84569.65,16362.45,181438.42,142117.78,0.0,,,,,,,,,,,,,,142132.05,103330.84,,,,,262515.71,47661.87,172997.41,99981.86,,,75790.3014,22308.6102,280452.55,70058.13,136951.64,31347.91,1010820,1016401.66,288865.99,671341.88,186160.75,249873.96,149685.72,3645.45,19189.01,111471.44,75378.78,35148.76,45709.12,638824.15,195915.99,366286.21,156817.04,tl_2025_06_sldu.zip,https://dev.planscore.org/plan.html?20260308T223333.543189272Z
CA,23,"SLDUST=""023""",183159.05,189595.12,10749.72,221310.1,189306.42,9453.59,160549.83,146226.13,19140.78,177716.76,190690.91,0.0,,,,,,,,,,,,,,131311.85,93817.26,,,,,106115.33,27969.24,160911.27,96521.96,,,65186.8706,19488.6062,286805.3,72198.15,64104.98,19888.89,1036642,970347.76,285857.13,607309.53,167405.51,257842.41,152438.83,4932.14,18254.97,44220.72,45248.43,81783.21,72101.42,666191.02,197412.07,279137.95,133757.79,tl_2025_06_sldu.zip,https://dev.planscore.org/plan.html?20260308T223333.543189272Z
CA,24,"SLDUST=""024""",349290.62,157565.3,16498.07,404650.8,160030.56,11259.17,337040.81,121897.22,27663.67,333412.09,172695.45,0.0,,,,,,,,,,,,,,472462.43,255433.87,,,,,194969.23,45510.42,80851.97,71472.78,,,119682.3698,42377.7749,436671.63,107522.42,122083.6,33691.28,1033200,1012918.39,281063.43,752724.5,204107.16,206279.42,153508.13,4905.21,25553.86,127963.21,95604.76,39191.13,55231.92,748540.49,222807.21,105604.37,76188.35,tl_2025_06_sldu.zip,https://dev.planscore.org/plan.html?20260308T223333.543189272Z
CA,25,"SLDUST=""025""",265851.66,159008.66,14736.35,319185.32,165063.09,9716.59,247375.56,117351.75,22193.01,259360.57,161991.47,0.0,,,,,,,,,,,,,,335507.05,193843.55,,,,,363400.34,58123.66,138490.34,93699.62,,,90730.1567,30986.1077,361737.66,86835.78,229318.69,43327.14,1031657,1037122.88,289877.85,757391.48,206133.35,218337.22,147867.96,3612.88,22371.57,212346.05,116304.55,33737.92,48247.71,697914.14,212476.14,168381.62,100481.2,tl_2025_06_sldu.zip,https://dev.planscore.org/plan.html?20260308T223333.543189272Z
CA,26,"SLDUST=""026""",226890.99,62934.99,13376.48,285896.54,57966.3,7598.49,234910.2,30170.63,15544.25,222261.76,63176.5,0.0,,,,,,,,,,,,,,218733.33,133499.48,,,,,405387.63,66551.46,138357.42,86831.35,,,60123.7437,20200.5066,346842.73,77287.04,171257.53,40404.45,945855,991477.33,262499.31,701693.8,181236.35,190649.19,126348.97,2903.86,20293.02,109127.86,72535.57,33574.97,41212.28,561716.19,163063.34,271549.43,117203.84,tl_2025_06_sldu.zip,https://dev.planscore.org/plan.html?20260308T223333.543189272Z
CA,27,"SLDUST=""027""",292350.38,184813.59,14089.71,342524.2,185631.84,10413.06,269969.05,141011.08,23830.78,284680.03,191955.4,0.0,,,,,,,,,,,,,,341579.8,185580.84,,,,,223411.92,48832.64,113249.29,79517.58,,,105064.6352,30958.7215,374708.14,86945.84,149410.36,37320.17,991317,1001272.71,267080.77,727154.35,188525.76,255631.13,159442.37,4452.45,21208.73,86951.52,71646.63,40738.76,52667.46,720742.85,200390.7,141183.55,85982.74,tl_2025_06_sldu.zip,https://dev.planscore.org/plan.html?20260308T223333.543189272Z
CA,28,"SLDUST=""028""",267076.86,63294.7,10791.32,334230.69,54469.91,7523.05,282584.6,31286.79,15335.45,257146.0,68047.02,0.0,,,,,,,,,,,,,,235704.97,157878.39,,,,,266454.48,53403.93,118659.8,86810.79,,,67598.8207,25183.7237,352956.43,92448.2,102642.47,30853.95,980597,983772.73,301087.1,671752.61,202302.54,212537.21,155208.38,2491.26,22073.91,62650.82,58378.28,158292.6,108668.57,600520.27,198839.03,203032.0,111286.36,tl_2025_06_sldu.zip,https://dev.planscore.org/plan.html?20260308T223333.543189272Z
CA,29,"SLDUST=""029""",159190.64,129985.94,8620.84,208738.39,118204.56,7575.97,160980.06,79703.46,13773.03,157089.08,131081.5,0.0,,,,,,,,,,,,,,112794.78,95063.76,,,,,155067.73,35736.15,156752.58,97881.39,,,66468.2427,20351.3243,264947.63,72250.23,71102.69,21908.49,939869,944965.23,297494.44,582176.07,178106.01,225875.78,150714.05,3467.34,17896.69,42024.08,45503.95,69512.36,65034.15,586633.65,191842.45,332093.01,147136.54,tl_2025_06_sldu.zip,https://dev.planscore.org/plan.html?20260308T223333.543189272Z
CA,30,"SLDUST=""030""",211270.86,147100.18,11632.86,278871.97,140445.6,8743.88,223854.89,92655.19,18551.66,202306.13,149303.22,0.0,,,,,,,,,,,,,,184249.55,121459.72,,,,,273636.06,46969.45,169319.13,97739.51,,,82236.5568,24057.3943,284468.79,69461.19,166847.49,33796.56,987892,983143.78,278640.3,674335.04,187604.89,243532.63,153691.84,3415.85,20420.19,134842.72,80882.27,23236.76,36953.35,649408.24,203620.26,373319.45,158309.8,tl_2025_06_sldu.zip,https://dev.planscore.org/plan.html?20260308T223333.543189272Z
CA,31,"SLDUST=""031""",153514.38,131183.37,8979.86,202854.58,121907.48,7278.81,152180.92,82065.23,14450.16,153270.14,131765.34,0.0,,,,,,,,,,,,,,106511.02,89586.85,,,,,194525.73,43412.31,167968.37,99524.16,,,72906.3719,21586.9611,245131.23,64697.7,92412.43,26625.19,950789,964801.37,301117.91,584888.36,179454.85,224967.86,144181.82,3300.76,16709.92,49247.54,47210.43,63582.97,62764.23,601605.86,192943.41,332290.68,149172.84,tl_2025_06_sldu.zip,https://dev.planscore.org/plan.html?20260308T223333.543189272Z
CA,32,"SLDUST=""032""",188044.29,256752.15,13055.61,208416.22,253844.21,9085.54,138487.47,193636.16,18615.91,181570.31,266233.0,0.0,,,,,,,,,,,,,,206889.7,132559.24,,,,,118757.28,31161.66,138708.45,87922.53,,,93136.8988,24939.8844,284630.48,72194.66,74194.49,21767.04,941977,952302.93,278250.4,627508.92,178601.57,283070.18,169063.88,6248.29,18997.77,84338.78,67130.79,42831.61,50875.39,664857.71,198894.73,193227.53,109443.26,tl_2025_06_sldu.zip,https://dev.planscore.org/plan.html?20260308T223333.543189272Z
CA,33,"SLDUST=""033""",219935.78,99860.85,11448.04,285352.76,92639.41,9480.94,235579.12,60621.28,18673.97,211879.75,103483.93,0.0,,,,,,,,,,,,,,147545.94,113494.48,,,,,307023.51,52601.88,146843.51,90116.72,,,64883.3941,21873.7996,316355.23,78833.62,132529.27,34456.94,1031541,1042300.33,304636.26,676716.15,195150.87,246276.72,161646.44,3027.0,21718.81,60142.0,57805.81,62152.48,63467.92,611134.63,201850.6,334419.4,149535.13,tl_2025_06_sldu.zip,https://dev.planscore.org/plan.html?20260308T223333.543189272Z
CA,34,"SLDUST=""034""",160612.41,114229.74,8643.92,207986.46,112944.05,7112.51,163793.86,71609.13,14529.98,160400.46,115439.76,0.0,,,,,,,,,,,,,,139837.29,107752.09,,,,,355252.42,58283.54,151201.68,94669.67,,,76972.7096,23443.2615,263171.9,70979.22,156231.93,35796.8,945781,974572.25,303467.03,631727.75,191975.76,215767.98,144105.04,2070.06,17801.16,110490.01,79250.8,13492.93,29111.07,554239.14,191195.82,300330.31,145798.55,tl_2025_06_sldu.zip,https://dev.planscore.org/plan.html?20260308T223333.543189272Z
CA,35,"SLDUST=""035""",204650.6,73424.68,8702.89,273565.74,63284.64,7606.77,232647.75,35179.89,12621.35,196038.47,75816.72,0.0,,,,,,,,,,,,,,115440.93,96194.36,,,,,255234.09,49651.7,153659.1,95946.83,,,60242.9137,20720.2762,280591.97,72071.39,107758.79,30629.65,949050,954583.81,292574.2,615787.33,184045.12,226104.79,147969.23,2352.67,19025.43,51877.94,48175.04,156785.82,101046.33,549002.54,184382.03,267945.88,128833.74,tl_2025_06_sldu.zip,https://dev.planscore.org/plan.html?20260308T223333.543189272Z
CA,36,"SLDUST=""036""",224948.09,244370.48,13472.72,260690.62,256764.94,10226.93,204174.77,187142.29,23368.67,218213.38,254566.79,0.0,,,,,,,,,,,,,,299965.17,171949.63,,,,,275461.83,49211.15,124534.18,82933.34,,,101777.1214,31765.415,344080.46,81187.43,184310.64,38109.35,986596,986211.01,267872.89,716423.41,186755.37,252668.02,156637.49,4785.5,21406.7,195849.67,106039.98,15389.8,31980.19,700213.91,204013.86,129694.28,84885.02,tl_2025_06_sldu.zip,https://dev.planscore.org/plan.html?20260308T223333.543189272Z
CA,37,"SLDUST=""037""",245605.55,210501.33,17419.17,281997.6,215663.7,10894.47,201475.6,170490.07,23940.96,238527.4,225400.54,0.0,,,,,,,,,,,,,,358686.31,209743.48,,,,,211285.58,43673.72,87514.08,72282.27,,,120139.2579,32764.7799,345776.81,88508.41,118775.16,29985.1,1018565,979437.62,287661.88,672363.69,192249.02,217032.01,153739.19,4170.42,22207.84,164688.86,115157.01,17697.01,35819.84,694811.51,218804.17,133852.74,88181.97,tl_2025_06_sldu.zip,https://dev.planscore.org/plan.html?20260308T223333.543189272Z
CA,38,"SLDUST=""038""",271974.04,208373.74,14878.97,299429.81,213636.99,12036.17,219922.27,176231.18,26115.57,261273.02,225873.69,0.0,,,,,,,,,,,,,,332245.2,186550.22,,,,,128800.98,33956.85,92164.3,70495.41,,,108646.4588,33241.0492,342294.89,82160.65,77445.41,24062.96,973433,969011.85,270575.13,660652.03,178072.78,227011.3,152558.21,5278.58,20709.25,73912.88,67577.96,21101.59,34260.71,692761.41,193541.49,138666.13,82933.06,tl_2025_06_sldu.zip,https://dev.planscore.org/plan.html?20260308T223333.543189272Z
CA,39,"SLDUST=""039""",277396.73,154665.47,13625.47,323737.86,160029.86,11528.39,250690.76,127202.92,24947.78,270822.4,162101.27,0.0,,,,,,,,,,,,,,282945.13,182752.44,,,,,205340.26,52371.35,135272.37,97981.87,,,83053.8661,25036.3005,385348.55,97995.47,110771.81,35933.64,1033627,1058801.61,310513.35,738248.81,214414.88,294236.46,192793.92,5489.74,23443.86,92541.67,82539.76,67503.02,72782.57,762589.29,231502.09,191851.24,112889.09,tl_2025_06_sldu.zip,https://dev.planscore.org/plan.html?20260308T223333.543189272Z
CA,40,"SLDUST=""040""",228480.1,211410.34,13159.88,251261.51,219325.25,11092.04,179288.27,181623.99,22696.34,220588.05,222599.04,0.0,,,,,,,,,,,,,,274795.8,160368.25,,,,,155997.14,34273.08,112157.67,77723.79,,,99640.9612,26288.1642,314868.27,75569.66,84002.29,23137.79,950656,946769.92,267399.4,642946.64,176719.1,240372.97,151306.88,6653.05,19476.7,105339.42,75276.94,18585.62,33126.72,644069.35,187484.61,135699.82,84460.14,tl_2025_06_sldu.zip,https://dev.planscore.org/plan.html?20260308T223333.543189272Z
HI,1,"SLDUST=""001""",14803.09,6707.66,0.0,17162.41,6177.2,486.32,12928.62,4129.22,1583.0,,,,,,,13392.8,3416.98,0.0,14836.1,2610.91,742.95,,,,,11698.22,7404.84,,,,,4454.62,1802.94,10539.88,5674.42,,,60555.3597,20202.4783,18101.21,4262.82,2354.98,1120.8,50485,51527.43,14116.05,36017.63,9077.8,11956.85,7509.39,311.46,1100.16,15721.31,7921.26,594.1,1442.86,41041.68,10945.11,3445.88,2625.87,tl_2025_15_sldu.zip,https://dev.planscore.org/plan.html?20260308T223356.234283903Z
HI,2,"SLDUST=""002""",11957.71,6784.88,0.0,12922.68,5993.61,587.29,8733.73,3617.22,1617.9,,,,,,,9186.29,3049.64,0.0,10061.03,2510.58,917.34,,,,,7934.81,5732.14,,,,,2003.34,696.53,10712.5,6015.09,,,45142.5327,15016.2593,17370.41,4442.79,1168.97,442.9,50344,45548.42,13836.45,32882.12,9528.71,13527.08,7897.3,564.02,1116.67,7556.58,5793.12,429.57,1150.0,35369.26,11512.37,3820.08,2734.98,tl_2025_15_sldu.zip,https://dev.planscore.org/plan.html?20260308T223356.234283903Z
HI,3,"SLDUST=""003""",12234.58,7801.09,0.0,13807.98,7629.98,538.58,9451.98,5116.0,1355.58,,,,,,,9994.03,4360.71,0.0,10546.57,4027.67,853.0,,,,,12290.67,8925.76,,,,,2603.88,1305.03,11854.64,6717.96,,,53419.8651,21108.5586,19654.06,5309.16,1215.54,754.92,49943,57707.5,19064.82,41382.98,12610.55,16798.93,10338.9,381.96,1151.72,7650.1,5869.06,463.0,1302.63,39030.91,12844.78,2868.87,2511.79,tl_2025_15_sldu.zip,https://dev.planscore.org/plan.html?20260308T223356.234283903Z
HI,4,"SLDUST=""004""",13166.41,7453.69,0.0,14836.57,7095.4,573.75,10144.66,4638.55,1550.52,,,,,,,10772.68,4202.78,0.0,11559.29,3616.84,732.71,,,,,10508.3,6735.26,,,,,2405.16,861.51,10365.98,5551.53,,,73041.453,22012.1556,16621.32,4128.23,1247.51,566.39,49857,46566.65,13599.68,33475.27,9084.94,12780.13,7676.42,632.56,1140.45,7486.01,5452.56,472.33,1112.51,34793.15,10334.74,2833.16,2479.35,tl_2025_15_sldu.zip,https://dev.planscore.org/plan.html?20260308T223356.234283903Z
HI,5,"SLDUST=""005""",11861.16,7087.93,0.0,14038.47,6986.28,408.19,10447.94,3609.36,1250.29,,,,,,,11920.43,3094.99,0.0,11783.22,2488.31,640.11,,,,,9171.32,6800.84,,,,,6661.12,1894.59,13288.43,6951.43,,,84262.1598,29895.0,17167.62,4414.03,3897.37,1102.88,55218,57937.47,17324.87,39288.94,11632.73,15456.43,9800.92,66.43,745.94,18192.14,9067.31,562.18,1139.69,36965.43,11313.46,2450.3,2025.45,tl_2025_15_sldu.zip,https://dev.planscore.org/plan.html?20260308T223356.234283903Z
HI,6,"SLDUST=""006""",11979.53,7593.65,0.0,15096.33,8054.49,524.68,10070.39,5215.77,1455.77,,,,,,,11080.25,4300.19,0.0,10798.16,4178.79,887.92,,,,,12682.4,7693.02,,,,,8507.62,2913.58,12694.93,6894.03,,,91678.9107,22242.8503,19948.56,4579.69,4231.39,1515.84,54924,56881.75,15174.45,41559.22,10640.31,17414.23,9558.31,470.6,1117.29,9911.19,5838.49,534.01,1353.74,40762.18,10435.92,4157.73,2962.56,tl_2025_15_sldu.zip,https://dev.planscore.org/plan.html?20260308T223356.234283903Z
HI,7,"SLDUST=""007""",15064.39,7939.38,0.0,18170.43,7085.52,680.15,12961.66,4620.87,2312.95,,,,,,,14752.59,3986.06,0.0,14632.62,3535.9,969.98,,,,,12020.28,7559.14,,,,,3577.26,1285.83,11236.63,6056.54,,,74633.5816,22317.7157,18809.82,4745.28,1951.23,756.28,54694,52273.78,14488.68,38602.85,10561.96,15277.34,8388.77,457.97,1153.77,8307.67,5434.2,238.81,1014.57,40562.39,12068.61,3463.97,2829.0,tl_2025_15_sldu.zip,https://dev.planscore.org/plan.html?20260308T223356.234283903Z
HI,8,"SLDUST=""008""",17673.11,11801.76,0.0,21223.97,11580.8,689.96,16456.0,7574.0,2305.0,,,,,,,18509.33,6119.78,0.0,19015.0,4745.0,1216.0,,,,,14701.0,8835.0,,,,,4799.0,1571.0,15911.0,8067.0,,,78044.8936,20569.8314,23331.0,5540.0,2573.0,899.0,73298,71949.0,18540.0,51517.0,13117.0,18067.0,9797.0,524.0,1506.0,17819.0,10147.0,536.0,1639.0,53435.0,14545.0,4459.0,3354.0,tl_2025_15_sldu.zip,https://dev.planscore.org/plan.html?20260308T223356.234283903Z
HI,9,"SLDUST=""009""",17997.64,8196.24,0.0,20427.38,8775.87,439.14,15296.21,7218.24,1503.07,,,,,,,14839.33,6629.12,0.0,17108.57,5689.45,637.73,,,,,22173.21,12077.26,,,,,5860.77,1837.72,6449.92,4476.12,,,138534.5719,35706.4045,18362.22,4666.28,4132.99,1336.17,53830,50433.18,14306.92,39029.51,10408.43,10175.07,7469.4,134.43,1206.15,23312.36,9533.67,526.66,1756.16,40797.45,11465.13,1675.13,1845.79,tl_2025_15_sldu.zip,https://dev.planscore.org/plan.html?20260308T223356.234283903Z
HI,10,"SLDUST=""010""",14138.39,5586.78,0.0,17030.22,6115.29,382.85,12597.37,4319.59,1270.78,,,,,,,12400.59,3769.92,0.0,13723.38,3257.72,621.28,,,,,16506.03,10123.38,,,,,3922.71,1201.03,9909.52,6387.45,,,79986.2604,28083.8033,21518.74,5334.75,2540.17,869.72,54930,55519.68,15533.73,41707.36,10977.07,13356.01,9485.41,198.7,1238.81,24236.98,10137.24,635.43,1723.93,41745.26,12206.32,2630.86,2603.18,tl_2025_15_sldu.zip,https://dev.planscore.org/plan.html?20260308T223356.234283903Z
HI,11,"SLDUST=""011""",15714.57,5643.33,0.0,18260.89,6494.63,448.36,14406.5,5057.91,1472.71,,,,,,,13567.02,4421.67,0.0,15641.88,3945.1,671.11,,,,,21734.26,12264.42,,,,,5820.4,1617.91,8528.69,5517.5,,,92517.1525,24267.41,24114.99,5599.52,3109.81,1069.43,55147,58548.93,14698.86,43475.25,10924.49,12070.93,8416.46,177.73,1133.59,23425.71,9645.03,978.59,1973.01,44022.83,11024.98,2356.35,2055.68,tl_2025_15_sldu.zip,https://dev.planscore.org/plan.html?20260308T223356.234283903Z
HI,12,"SLDUST=""012""",13052.23,6188.04,0.0,14190.69,6804.84,366.99,8747.85,4104.28,868.82,,,,,,,8630.65,3700.57,0.0,9278.78,3235.3,601.16,,,,,18063.55,13073.12,,,,,8906.2,2002.14,8206.61,6797.73,,,60007.1142,21822.3467,26630.36,7984.16,4383.08,1430.16,56390,48975.5,16288.59,40868.43,13108.91,12941.09,10363.51,185.22,1573.31,21317.64,11380.37,1365.78,2841.9,40155.65,13063.38,2242.1,2474.57,tl_2025_15_sldu.zip,https://dev.planscore.org/plan.html?20260308T223356.234283903Z
HI,13,"SLDUST=""013""",11727.46,5593.76,0.0,13705.55,6362.9,360.98,10473.51,4469.41,1101.79,,,,,,,10179.3,3763.55,0.0,11674.28,3185.99,631.11,,,,,13478.9,9054.01,,,,,11206.93,2177.74,10464.47,6370.76,,,65020.9036,28405.6655,20887.82,5284.42,6413.73,1648.47,55447,53799.45,15322.2,40683.06,11004.43,12188.51,9186.95,106.61,1197.57,22929.94,9864.96,795.1,1881.09,38216.1,11056.07,2190.29,2308.31,tl_2025_15_sldu.zip,https://dev.planscore.org/plan.html?20260308T223356.234283903Z
HI,14,"SLDUST=""014""",8230.76,5663.88,0.0,10696.02,6414.13,262.44,8763.15,3751.9,830.23,,,,,,,8462.78,2990.47,0.0,10101.09,2416.3,514.29,,,,,9425.9,6464.45,,,,,10411.0,2575.0,11791.59,6032.41,,,102542.8687,45621.7368,13467.41,3631.16,5499.0,1403.0,58220,54335.17,16518.28,38471.52,11486.86,11225.24,7724.0,135.5,958.22,24732.56,10199.79,593.55,1363.09,37671.17,11122.86,1926.1,1803.89,tl_2025_15_sldu.zip,https://dev.planscore.org/plan.html?20260308T223356.234283903Z
HI,15,"SLDUST=""015""",9002.32,6751.82,0.0,11548.7,7548.01,341.12,8558.42,4387.71,839.45,,,,,,,8379.29,3519.64,0.0,9937.42,2937.02,558.9,,,,,15301.86,9949.73,,,,,9518.42,2261.03,13044.94,7356.73,,,87734.5428,23905.309,25008.44,6047.36,5375.46,1559.88,81543,87330.7,22300.77,54663.83,14260.29,21337.29,13606.36,347.82,1724.7,25094.7,11049.09,3640.24,4129.17,57569.96,14946.84,6164.35,4015.58,tl_2025_15_sldu.zip,https://dev.planscore.org/plan.html?20260308T223356.234283903Z
HI,16,"SLDUST=""016""",14632.58,8344.66,0.0,16730.31,8623.3,364.73,12853.6,6190.53,1191.66,,,,,,,12959.24,5359.29,0.0,15116.44,4170.42,564.49,,,,,15436.66,9198.65,,,,,4542.52,1567.94,10240.17,5599.73,,,112858.1712,31567.2528,18279.64,4317.64,2869.4,1139.34,57229,55487.96,16143.53,41746.6,11187.99,14657.42,9018.18,193.49,1180.17,28487.64,12304.41,1060.66,2150.36,44008.11,13553.99,2313.86,2412.26,tl_2025_15_sldu.zip,https://dev.planscore.org/plan.html?20260308T223356.234283903Z
HI,17,"SLDUST=""017""",12559.82,9127.84,0.0,14217.71,8806.19,424.84,10264.73,6173.18,1177.14,,,,,,,10471.16,5389.12,0.0,12318.88,4364.95,601.61,,,,,13867.18,7881.62,,,,,4022.82,1079.36,9384.22,5544.86,,,97517.3795,21118.8421,17560.05,4067.46,3094.44,924.19,57701,53496.59,14027.55,37268.78,9509.01,12987.51,8086.48,150.0,1131.59,22574.82,10298.84,936.32,1946.89,40764.53,11566.4,3992.93,3278.46,tl_2025_15_sldu.zip,https://dev.planscore.org/plan.html?20260308T223356.234283903Z
HI,18,"SLDUST=""018""",12483.85,9187.18,0.0,14148.52,9370.04,419.76,10609.68,6279.74,1143.65,,,,,,,10825.64,5429.51,0.0,12896.18,4244.82,588.65,,,,,12660.77,7888.6,,,,,2595.11,713.98,9615.37,6329.41,,,105672.6895,30937.6797,16403.92,3940.19,1904.43,594.29,54571,50728.51,14171.5,37793.27,10553.84,15122.52,9103.4,232.0,1095.92,25691.62,10933.61,916.41,1809.46,40705.83,11516.58,3009.88,2904.32,tl_2025_15_sldu.zip,https://dev.planscore.org/plan.html?20260308T223356.234283903Z
HI,19,"SLDUST=""019""",7468.67,6567.96,0.0,8981.11,6473.22,254.5,7207.04,3233.66,550.49,,,,,,,7054.86,2568.78,0.0,8358.49,1936.13,444.11,,,,,7213.15,5264.36,,,,,4524.63,1046.79,12169.92,6268.66,,,85590.9931,23065.7024,12461.45,3239.03,2458.51,688.43,56059,50420.35,15743.2,35352.96,10685.91,12911.77,8277.69,65.51,821.48,24344.84,10227.95,351.06,1163.2,36383.46,11133.35,2568.93,2301.74,tl_2025_15_sldu.zip,https://dev.planscore.org/plan.html?20260308T223356.234283903Z
HI,20,"SLDUST=""020""",8755.59,9667.0,0.0,10108.79,9639.76,367.41,6330.44,5027.14,820.03,,,,,,,6915.38,4709.92,0.0,8021.78,3469.19,484.73,,,,,11819.9,6726.35,,,,,7181.62,2276.54,10131.4,6001.85,,,111998.5579,26712.5961,16166.01,3926.62,4665.75,1508.45,61401,59976.71,16522.99,39493.68,10931.33,16003.85,9493.86,324.0,993.37,20978.51,10024.01,1740.0,2337.37,42585.14,11545.0,4385.57,3304.75,tl_2025_15_sldu.zip,https://dev.planscore.org/plan.html?20260308T223356.234283903Z
HI,21,"SLDUST=""021""",9233.01,10053.87,0.0,10999.64,9684.63,429.28,7376.91,5706.44,1051.91,,,,,,,7704.82,4985.06,0.0,9068.67,4076.14,675.97,,,,,10981.28,7330.71,,,,,2174.38,753.46,10806.85,6763.28,,,83620.3916,28362.6231,16485.77,4186.96,1512.25,532.55,59486,57467.54,17960.2,36097.04,10431.72,13950.52,9261.29,247.0,1042.55,16502.06,9337.13,1826.31,2563.38,42506.6,12588.26,4735.84,3290.15,tl_2025_15_sldu.zip,https://dev.planscore.org/plan.html?20260308T223356.234283903Z
HI,22,"SLDUST=""022""",5523.88,7071.99,0.0,7056.21,7050.14,364.69,5332.93,3960.61,979.53,,,,,,,6229.25,3412.21,0.0,6890.12,2525.56,642.4,,,,,5518.0,4993.0,,,,,1346.0,590.0,13475.0,6409.0,,,77461.7308,15848.5036,12760.0,3534.0,642.0,282.0,53267,51476.0,16283.0,31391.0,9504.0,11306.0,7673.0,289.0,1017.0,4835.0,3897.0,988.0,1900.0,33270.0,11158.0,3614.0,2766.0,tl_2025_15_sldu.zip,https://dev.planscore.org/plan.html?20260308T223356.234283903Z
HI,23,"SLDUST=""023""",11120.28,9231.41,0.0,13365.06,9562.41,566.4,9623.55,6442.02,1700.51,,,,,,,10188.29,5808.01,0.0,11538.42,4917.32,803.75,,,,,14568.96,9582.22,,,,,3477.34,1143.06,11999.21,7465.75,,,83300.2587,19380.6822,21873.03,5514.6,1832.99,827.26,78951,76996.04,21355.48,44394.04,12960.53,19605.79,12202.16,555.21,1891.2,12277.93,7319.61,3748.06,3730.96,54336.38,14782.44,5953.51,4049.19,tl_2025_15_sldu.zip,https://dev.planscore.org/plan.html?20260308T223356.234283903Z
HI,24,"SLDUST=""024""",15564.65,8554.68,0.0,18278.74,9020.1,631.65,13111.11,6736.3,1651.65,,,,,,,13567.91,6378.45,0.0,15396.68,4946.65,692.3,,,,,16608.19,9507.49,,,,,4026.97,1662.56,11291.63,6460.68,,,108789.5469,24048.8249,18870.57,4193.72,2857.06,1320.12,66736,62644.14,16622.36,42306.87,11160.41,13587.97,8214.47,418.92,1424.76,18147.45,9411.91,859.94,1676.06,51649.71,13543.98,5391.13,3575.57,tl_2025_15_sldu.zip,https://dev.planscore.org/plan.html?20260308T223356.234283903Z
HI,25,"SLDUST=""025""",17098.33,9060.51,0.0,19125.6,9515.25,560.94,14143.01,7267.35,1614.57,,,,,,,14332.09,6668.57,0.0,16300.95,5620.93,611.41,,,,,18124.19,9606.65,,,,,3776.18,1451.75,7917.49,4748.07,,,133842.2764,34082.6901,16077.58,3904.15,2624.92,1191.55,55600,52045.55,14298.83,36953.81,9729.79,10818.51,7054.38,181.87,1170.62,15417.24,7124.4,332.89,1403.97,42220.79,11307.44,2601.17,2282.57,tl_2025_15_sldu.zip,https://dev.planscore.org/plan.html?20260308T223356.234283903Z
KS,1,"SLDUST=""001""",8566.81,26234.5,0.0,8986.85,26392.66,794.99,7331.89,22660.74,2117.97,,,,9560.84,24316.67,2097.98,,,,6874.89,23698.74,1447.97,,,,,10567.91,7202.87,,,,,655.98,526.15,18817.75,7223.94,,,60263.6117,12904.1766,28462.19,5514.92,365.0,367.04,71739,72814.36,14617.43,48468.38,9506.56,18709.86,9484.85,2026.23,1984.44,266.06,1643.14,1292.09,2212.03,54641.87,11262.28,1075.81,1298.75,tl_2025_20_sldu.zip,https://dev.planscore.org/plan.html?20260308T223414.753343127Z
KS,2,"SLDUST=""002""",24375.14,6438.51,0.0,25761.88,6673.37,764.76,20342.44,5894.38,2471.85,,,,25419.79,6379.16,1417.18,,,,20309.4,7250.12,1305.13,,,,,21160.4,13055.38,,,,,3883.54,2056.99,7627.2,5954.39,,,59667.2943,15608.3843,30654.79,7832.15,1425.25,923.0,73585,76577.14,20703.42,41338.02,11504.76,13136.05,9991.1,2416.54,3314.91,2230.36,3579.59,3590.79,4295.11,59581.94,16627.93,4004.56,3648.99,tl_2025_20_sldu.zip,https://dev.planscore.org/plan.html?20260308T223414.753343127Z
KS,3,"SLDUST=""003""",16473.52,21662.73,0.0,16708.49,21256.49,909.24,12372.9,18265.68,2563.49,,,,16743.08,19919.49,2047.53,,,,11303.4,20075.66,1724.93,,,,,16618.42,9619.65,,,,,1432.61,890.2,14205.75,6512.03,,,68751.6482,13297.3069,28450.77,5809.69,592.63,525.35,70949,71409.31,15663.08,48704.12,9711.07,19009.37,10733.1,785.66,1521.26,670.05,1644.22,1584.59,2479.6,54917.59,12253.26,2259.96,2347.54,tl_2025_20_sldu.zip,https://dev.planscore.org/plan.html?20260308T223414.753343127Z
KS,4,"SLDUST=""004""",13099.0,4853.0,0.0,16750.81,4822.29,318.05,15067.26,3991.33,1023.58,,,,16098.32,4178.15,1325.93,,,,13973.08,4223.33,972.23,,,,,5915.68,6729.76,,,,,11410.51,4679.23,15219.84,9408.57,,,44878.586,13781.7878,26083.57,7647.67,2268.83,1852.4,73501,71287.83,23179.67,44578.98,13757.38,16162.42,11495.44,449.71,1832.09,2711.83,4087.38,16935.61,10327.8,42060.0,15364.38,8036.2,6357.33,tl_2025_20_sldu.zip,https://dev.planscore.org/plan.html?20260308T223414.753343127Z
KS,5,"SLDUST=""005""",14307.31,17046.17,0.0,14559.71,16977.24,890.76,10521.37,13902.59,2212.28,,,,14435.29,15749.28,2083.51,,,,10272.68,14593.76,1527.61,,,,,17630.31,11674.64,,,,,1823.32,1056.52,13038.94,7620.73,,,74280.9755,16921.0628,25099.36,6487.77,819.59,651.95,76345,74215.35,20133.1,49545.47,12866.37,18324.09,11583.17,788.92,1713.27,1183.78,2223.2,8514.18,7480.91,57047.25,15541.03,3601.99,3546.71,tl_2025_20_sldu.zip,https://dev.planscore.org/plan.html?20260308T223414.753343127Z
KS,6,"SLDUST=""006""",12808.17,8058.71,0.0,14793.45,8319.35,520.94,11494.06,7098.31,1670.3,,,,14378.91,7358.53,1729.04,,,,10963.32,7082.21,1471.73,,,,,8673.04,8249.53,,,,,13206.79,3986.17,14741.25,8903.5,,,48069.2868,14529.5027,26463.65,7118.8,2680.24,1844.68,72548,71255.85,21165.21,45954.88,13015.61,15573.66,11531.38,665.25,2042.99,1171.43,2764.22,4961.65,5325.68,43577.13,14732.19,10660.14,7283.5,tl_2025_20_sldu.zip,https://dev.planscore.org/plan.html?20260308T223414.753343127Z
KS,7,"SLDUST=""007""",30086.06,15267.6,0.0,30890.97,15813.67,885.03,23370.89,14563.64,3816.15,,,,30549.98,15529.61,1648.09,,,,20061.82,19108.71,1905.09,,,,,32687.02,16973.73,,,,,3531.04,1865.56,5865.23,5343.7,,,88034.1031,24780.6627,32318.76,7635.33,1831.25,1210.77,75349,72036.72,19498.59,51906.32,12912.94,15627.32,11852.83,409.29,1828.47,1270.69,2663.41,1358.91,2950.99,57570.35,15993.62,3038.89,3315.49,tl_2025_20_sldu.zip,https://dev.planscore.org/plan.html?20260308T223414.753343127Z
KS,8,"SLDUST=""008""",24766.24,16152.41,0.0,25491.59,17312.67,871.99,18771.72,16449.7,3386.96,,,,24784.6,16928.67,1962.98,,,,16439.77,19679.65,1734.98,,,,,32246.71,17162.37,,,,,6400.71,2706.11,6381.03,5235.91,,,80754.9134,19784.5262,33804.54,8185.28,2417.86,1315.07,73777,74226.34,20080.57,53416.78,13529.67,17244.79,12836.74,424.38,1620.13,2402.26,3468.18,3674.81,4827.11,57842.1,17058.14,3219.71,3541.71,tl_2025_20_sldu.zip,https://dev.planscore.org/plan.html?20260308T223414.753343127Z
KS,9,"SLDUST=""009""",17061.79,23102.65,0.0,16866.1,21899.34,960.19,11834.02,18141.34,2864.6,,,,16531.59,20671.31,2431.4,,,,11404.77,19025.07,2023.35,,,,,18637.0,11472.63,,,,,2818.64,1176.74,12643.8,7803.53,,,78134.2997,22324.3292,26126.94,6766.87,1154.62,709.51,74290,75322.17,21599.48,48789.31,12855.15,16364.51,10821.96,635.84,1677.95,1126.8,2245.94,1552.43,2635.91,54906.33,15090.09,3864.61,3665.52,tl_2025_20_sldu.zip,https://dev.planscore.org/plan.html?20260308T223414.753343127Z
KS,10,"SLDUST=""010""",23305.96,22027.6,0.0,22312.85,21674.81,1017.22,15397.13,18552.18,3505.46,,,,21712.71,21162.78,2099.4,,,,13796.81,20912.33,2158.31,,,,,25483.08,14136.07,,,,,1248.02,747.14,6979.76,5055.37,,,104114.5619,23844.0388,25755.66,6384.09,781.37,561.45,75066,71513.53,20193.21,47493.75,12297.64,15135.07,10728.38,403.43,1328.04,2201.61,3224.25,2153.01,3141.79,55144.19,14761.03,3141.66,3041.43,tl_2025_20_sldu.zip,https://dev.planscore.org/plan.html?20260308T223414.753343127Z
KS,11,"SLDUST=""011""",22340.27,21201.58,0.0,22581.95,22088.32,732.05,15950.73,19827.13,2931.14,,,,21995.93,22081.26,1412.12,,,,12719.62,23938.22,1445.09,,,,,36948.01,16093.8,,,,,7501.31,2614.96,4126.47,3670.81,,,152855.5976,39835.3201,28276.5,6018.02,3225.97,1517.07,73908,74591.64,17467.32,51747.41,11687.49,12492.02,9103.06,280.46,1054.06,3972.1,3774.77,1432.19,2296.83,53284.33,13859.46,1725.3,2048.82,tl_2025_20_sldu.zip,https://dev.planscore.org/plan.html?20260308T223414.753343127Z
KS,12,"SLDUST=""012""",8048.44,26626.7,0.0,8442.22,26760.28,739.13,7046.96,22816.76,2142.34,,,,9114.28,24492.95,2142.34,,,,6619.95,23164.85,1866.21,,,,,10506.53,8403.73,,,,,627.88,581.65,18896.6,8527.74,,,55646.8467,12046.1283,30578.13,6837.54,332.66,371.11,72409,72869.8,17317.57,50917.39,11303.02,21651.52,12606.38,1201.8,2217.89,313.78,1835.91,872.53,2262.36,56183.16,13475.29,1488.64,1925.8,tl_2025_20_sldu.zip,https://dev.planscore.org/plan.html?20260308T223414.753343127Z
KS,13,"SLDUST=""013""",9370.0,21671.0,0.0,9914.0,21834.0,701.0,8540.0,19230.0,1834.0,,,,10556.0,19927.0,1768.0,,,,8538.0,19322.0,1576.0,,,,,11708.0,8877.0,,,,,1490.0,1183.0,14914.0,8059.0,,,47195.6933,13136.8786,29478.0,7054.0,667.0,731.0,72694,73430.0,18000.0,46941.0,11382.0,19539.0,11684.0,1912.0,2634.0,716.0,2154.0,1170.0,2450.0,55075.0,13814.0,1917.0,2338.0,tl_2025_20_sldu.zip,https://dev.planscore.org/plan.html?20260308T223414.753343127Z
KS,14,"SLDUST=""014""",9199.09,25137.34,0.0,9563.56,25831.3,774.97,7562.95,22351.22,2308.74,,,,10166.58,24196.96,1708.14,,,,6261.11,24144.08,1794.64,,,,,13258.86,8548.29,,,,,976.0,716.0,15569.38,7393.7,,,57355.5128,13626.6041,30880.14,6379.19,562.0,542.0,75369,74716.75,15812.82,51327.71,10320.98,20918.87,10985.94,986.49,1831.51,491.68,1693.18,1413.11,1821.04,57603.98,11883.65,2123.2,2169.53,tl_2025_20_sldu.zip,https://dev.planscore.org/plan.html?20260308T223414.753343127Z
KS,15,"SLDUST=""015""",7417.0,22080.0,0.0,8086.0,23178.0,602.0,6786.0,20729.0,1650.0,,,,8433.0,21690.0,1510.0,,,,6800.0,20020.0,2035.0,,,,,10208.0,8189.0,,,,,1262.0,1112.0,16023.0,7923.0,,,48528.7734,10105.8573,31067.0,6914.0,569.0,618.0,73436,73842.0,17746.0,50616.0,11202.0,21692.0,12011.0,2340.0,2846.0,434.0,1969.0,2037.0,3144.0,54290.0,13218.0,2370.0,2509.0,tl_2025_20_sldu.zip,https://dev.planscore.org/plan.html?20260308T223414.753343127Z
KS,16,"SLDUST=""016""",15283.03,23859.62,0.0,15311.38,23551.14,877.97,10458.39,19950.76,2897.27,,,,15346.02,23009.07,1401.82,,,,8851.4,22430.36,1690.04,,,,,23604.66,11664.82,,,,,4284.54,1865.67,7516.43,5045.93,,,91125.8454,18272.414,26156.87,5287.74,2799.87,1284.69,74139,70735.33,17076.04,45681.86,9841.05,15964.18,9738.48,575.66,1327.78,2156.58,2751.38,3723.13,3589.85,52614.58,12386.33,2404.63,2286.23,tl_2025_20_sldu.zip,https://dev.planscore.org/plan.html?20260308T223414.753343127Z
KS,17,"SLDUST=""017""",9910.52,14772.84,0.0,10766.99,14996.99,726.0,7971.91,12645.67,1797.99,,,,10971.99,13752.99,1615.0,,,,6366.94,14929.63,1084.99,,,,,10527.0,8913.0,,,,,3564.0,1292.0,11847.0,7326.0,,,62914.9849,14669.9759,28771.0,7883.0,1384.0,778.0,74304,72097.0,19439.0,41987.0,11079.0,18157.0,11826.0,927.0,2028.0,1532.0,2839.0,5119.0,4812.0,50895.0,13826.0,6748.0,4916.0,tl_2025_20_sldu.zip,https://dev.planscore.org/plan.html?20260308T223414.753343127Z
KS,18,"SLDUST=""018""",12756.27,25757.93,0.0,13145.49,25013.58,975.92,9923.82,20834.79,2759.21,,,,13628.8,23523.65,1943.89,,,,8967.11,22905.81,1514.12,,,,,14791.98,8740.98,,,,,654.94,487.12,16189.25,7793.65,,,70576.221,16780.6831,28036.52,5942.66,408.42,376.83,73947,72225.63,15342.19,49078.02,10070.93,17691.62,9534.18,1175.73,1745.23,425.0,1446.4,1174.13,2141.12,54256.49,11643.5,2354.26,2419.34,tl_2025_20_sldu.zip,https://dev.planscore.org/plan.html?20260308T223414.753343127Z
KS,19,"SLDUST=""019""",16778.59,9516.04,0.0,18399.5,9623.97,765.88,14683.77,8431.15,2487.36,,,,18184.96,8826.5,1702.94,,,,13976.27,10053.39,1322.78,,,,,12397.77,9133.55,,,,,4472.17,2539.66,15943.94,9959.85,,,45363.9689,15745.7124,29678.36,8334.22,1307.52,1044.99,73960,72057.24,22421.2,46844.4,13813.22,16641.94,12003.68,1084.23,2325.93,557.76,2031.48,7151.52,6776.94,51642.19,15770.57,7128.84,5632.9,tl_2025_20_sldu.zip,https://dev.planscore.org/plan.html?20260308T223414.753343127Z
KS,20,"SLDUST=""020""",17943.94,19663.95,0.0,18498.32,20145.18,991.05,14350.14,17993.61,3281.73,,,,18652.96,19160.21,1827.04,,,,12591.9,21093.51,1574.85,,,,,19858.33,11089.15,,,,,2312.51,1403.6,13675.26,7346.61,,,76595.7633,14336.4534,31331.45,6957.17,1104.2,720.36,73301,73331.07,17344.38,50993.43,11503.6,19099.56,11441.17,765.85,1669.27,1306.61,2335.59,3348.39,3879.74,56323.08,13987.17,3454.65,3452.52,tl_2025_20_sldu.zip,https://dev.planscore.org/plan.html?20260308T223414.753343127Z
KS,21,"SLDUST=""021""",22265.0,14669.63,0.0,23619.75,15434.96,930.71,16851.32,14111.62,3329.22,,,,22901.35,14916.53,2182.74,,,,14982.05,16629.9,2027.33,,,,,24728.41,13772.93,,,,,5026.77,2257.5,8735.62,6278.91,,,77048.3552,14705.4766,32917.98,7543.81,2273.52,1383.09,74509,74802.71,19136.63,52290.27,12947.22,17957.56,11822.85,448.12,1530.79,2218.72,3363.16,5163.15,5577.48,55731.51,15329.82,4753.65,4240.48,tl_2025_20_sldu.zip,https://dev.planscore.org/plan.html?20260308T223414.753343127Z
KS,22,"SLDUST=""022""",12062.22,11627.59,0.0,12765.32,11611.0,796.04,9341.2,10107.7,2084.07,,,,12767.35,11323.92,1149.09,,,,7170.15,13438.79,1027.03,,,,,17762.0,12632.0,,,,,3315.0,1607.0,6177.0,5132.0,,,56355.3019,15278.6235,26878.0,7580.0,1100.0,696.0,71959,74059.0,19999.0,37619.0,11385.0,15288.0,11382.0,575.0,1769.0,1891.0,3155.0,4032.0,5127.0,57285.0,15979.0,4473.0,4097.0,tl_2025_20_sldu.zip,https://dev.planscore.org/plan.html?20260308T223414.753343127Z
KS,23,"SLDUST=""023""",17095.37,18091.83,0.0,16842.13,17884.56,911.26,11427.38,15969.47,3066.67,,,,16260.67,17141.01,2164.77,,,,10132.59,17368.93,2299.51,,,,,19895.08,12088.14,,,,,6385.9,2348.3,8894.1,6057.61,,,90220.9235,19478.8343,25030.15,6394.36,2490.37,1284.09,72806,70784.18,18713.05,45352.35,12241.32,16197.91,10957.92,513.07,1549.67,2376.59,3530.75,2533.54,3236.76,50701.97,14515.57,4000.54,3862.87,tl_2025_20_sldu.zip,https://dev.planscore.org/plan.html?20260308T223414.753343127Z
KS,24,"SLDUST=""024""",9815.76,22438.21,0.0,10274.0,22848.0,758.0,7926.0,19857.0,2491.0,,,,10906.0,21219.0,1617.0,,,,6390.0,21491.0,2207.0,,,,,13224.0,9257.0,,,,,3407.0,1810.0,15033.0,8440.0,,,57761.9155,14827.1376,30184.0,7230.0,1608.0,1205.0,72705,72998.0,19035.0,49986.0,12188.0,21955.0,13614.0,607.0,1558.0,1059.0,2235.0,1523.0,2785.0,54590.0,14689.0,4202.0,3877.0,tl_2025_20_sldu.zip,https://dev.planscore.org/plan.html?20260308T223414.753343127Z
KS,25,"SLDUST=""025""",11908.7,9158.97,0.0,13230.15,9963.4,673.39,9950.85,8902.29,2231.62,,,,13152.93,9028.73,1461.75,,,,9151.4,9531.92,1649.78,,,,,9994.61,8835.0,,,,,8779.82,3681.01,15668.09,10468.47,,,42627.456,14271.2159,31335.26,8841.05,2803.54,1736.9,73707,75011.9,24658.57,49802.4,15392.27,18937.02,13099.66,1061.06,2322.66,1942.39,3520.74,5643.64,6400.99,50840.33,16725.91,7111.21,5880.26,tl_2025_20_sldu.zip,https://dev.planscore.org/plan.html?20260308T223414.753343127Z
KS,26,"SLDUST=""026""",10571.83,25103.61,0.0,10265.78,24271.79,819.73,7048.09,20314.21,2604.22,,,,10634.45,22895.18,1615.1,,,,6524.18,21000.94,1850.57,,,,,14205.49,8802.28,,,,,2199.12,1152.33,12687.65,7203.65,,,86063.8264,16607.3468,24317.03,5436.59,1114.54,726.35,73190,71542.68,17979.22,45112.98,10831.4,17614.94,9765.14,978.23,1728.97,1211.84,2152.05,1157.02,2207.56,51208.9,12247.17,2992.34,2573.92,tl_2025_20_sldu.zip,https://dev.planscore.org/plan.html?20260308T223414.753343127Z
KS,27,"SLDUST=""027""",14082.51,21691.37,0.0,14397.37,22396.45,815.55,10022.65,19471.52,2833.24,,,,14558.03,21289.8,1537.5,,,,8876.22,20978.46,1760.14,,,,,17988.53,9630.4,,,,,2490.78,1248.33,11456.57,7336.54,,,76157.3536,18667.5638,27877.19,6134.44,1477.14,911.26,72864,71092.25,18651.25,47599.47,11394.19,19395.85,12284.25,665.43,1441.47,1556.1,2601.57,2020.75,2986.83,52809.16,13693.1,4437.17,3707.68,tl_2025_20_sldu.zip,https://dev.planscore.org/plan.html?20260308T223414.753343127Z
KS,28,"SLDUST=""028""",9288.69,13227.4,0.0,10142.7,14176.52,718.55,7467.09,12187.91,2139.57,,,,10320.32,12872.98,1567.74,,,,7240.12,12312.7,1615.41,,,,,7894.81,7711.01,,,,,5031.32,2291.81,15943.89,10581.98,,,49514.0115,15750.9922,27761.76,8499.25,2136.08,1132.64,72346,71398.68,25786.09,45673.26,15086.63,18193.04,13661.72,992.7,2019.97,2093.76,3161.89,3831.53,5248.72,51464.25,18075.11,6359.23,6206.86,tl_2025_20_sldu.zip,https://dev.planscore.org/plan.html?20260308T223414.753343127Z
KS,29,"SLDUST=""029""",13286.23,6000.93,0.0,15945.93,6200.82,550.88,12641.16,5207.7,1840.44,,,,15475.52,5866.62,1088.22,,,,11434.97,6251.39,1171.84,,,,,10888.1,9013.68,,,,,8178.95,3323.06,11695.49,8173.57,,,35938.2343,11728.2502,28932.09,8202.77,2662.52,1481.17,75016,71835.65,22900.52,43980.35,13439.34,17487.47,12292.94,866.18,2103.88,1553.48,3014.97,12023.45,8430.08,48417.31,15821.62,8581.72,6555.24,tl_2025_20_sldu.zip,https://dev.planscore.org/plan.html?20260308T223414.753343127Z
KS,30,"SLDUST=""030""",13847.46,18647.81,0.0,14358.13,19417.88,799.37,10177.51,16367.29,2689.83,,,,14435.51,18465.72,1474.23,,,,9081.64,17795.2,1750.37,,,,,19255.75,11582.21,,,,,2833.93,1198.56,9914.18,6172.35,,,73636.7185,20979.7026,27693.64,6504.1,1707.25,782.28,72079,71303.37,18201.34,47889.47,11908.67,18451.17,11384.25,848.96,1711.52,5089.88,4351.89,4424.6,4382.89,52965.09,13925.06,3904.22,3568.37,tl_2025_20_sldu.zip,https://dev.planscore.org/plan.html?20260308T223414.753343127Z
KS,31,"SLDUST=""031""",13043.67,22439.76,0.0,13459.69,22946.37,881.57,9873.37,19207.62,2734.84,,,,13829.38,21483.25,1810.68,,,,8535.17,20956.34,1912.88,,,,,16049.99,10946.43,,,,,2826.17,1643.06,12346.2,7868.18,,,69332.8828,19297.6956,28472.6,7429.06,1069.67,819.91,74249,74880.99,21001.6,49885.28,13327.8,21289.16,13408.32,872.12,1884.98,757.84,1871.57,1988.84,3267.24,56062.33,16299.38,5065.87,4418.03,tl_2025_20_sldu.zip,https://dev.planscore.org/plan.html?20260308T223414.753343127Z
KS,32,"SLDUST=""032""",8568.78,23627.18,0.0,9012.3,24401.31,715.02,7316.94,21064.47,2006.24,,,,9742.26,22443.69,1895.83,,,,6963.78,21261.6,1963.33,,,,,11606.2,8173.89,,,,,1743.37,1227.17,16549.13,8088.63,,,52711.072,11766.9454,30845.42,6557.78,955.38,826.8,75319,76782.4,17589.56,51312.22,10743.67,22233.29,11615.3,1488.17,2205.24,610.45,2034.76,1208.93,2345.81,56569.07,12802.67,3310.41,3166.88,tl_2025_20_sldu.zip,https://dev.planscore.org/plan.html?20260308T223414.753343127Z
KS,33,"SLDUST=""033""",6460.0,25191.0,0.0,6883.0,26388.0,643.0,5532.0,24003.0,1837.0,,,,7378.0,24896.0,1510.0,,,,4192.0,25520.0,1581.0,,,,,11662.0,7511.0,,,,,2583.0,1436.0,15631.0,7066.0,,,55666.9758,11635.1313,30681.0,6079.0,747.0,627.0,73477,74760.0,15002.0,51504.0,10107.0,22086.0,10992.0,1018.0,2003.0,327.0,1768.0,1345.0,2408.0,55325.0,11025.0,4590.0,3557.0,tl_2025_20_sldu.zip,https://dev.planscore.org/plan.html?20260308T223414.753343127Z
KS,34,"SLDUST=""034""",9595.0,22820.0,0.0,9929.0,23587.0,716.0,7722.0,19893.0,2181.0,,,,10425.0,22143.0,1617.0,,,,6297.0,21715.0,1847.0,,,,,10453.0,7831.0,,,,,1944.0,1201.0,15328.0,8079.0,,,53670.2513,11674.1475,30154.0,6939.0,601.0,582.0,73596,74087.0,18756.0,51309.0,11981.0,23821.0,13298.0,929.0,1858.0,390.0,1867.0,1589.0,2304.0,55905.0,14085.0,4051.0,4005.0,tl_2025_20_sldu.zip,https://dev.planscore.org/plan.html?20260308T223414.753343127Z
KS,35,"SLDUST=""035""",21494.48,22227.01,0.0,21027.61,21994.3,779.1,13892.11,18638.94,3030.47,,,,20176.1,21985.79,1694.9,,,,11601.64,21783.7,1538.4,,,,,31372.58,13490.27,,,,,5388.14,1987.19,3943.43,3437.2,,,138137.9407,26787.1691,25108.41,5265.42,3264.31,1326.74,73789,70009.81,15660.36,45444.96,9680.06,11026.48,8117.92,428.58,1254.97,3262.28,3489.42,1827.73,2825.85,51296.19,12356.91,2022.71,2164.59,tl_2025_20_sldu.zip,https://dev.planscore.org/plan.html?20260308T223414.753343127Z
KS,36,"SLDUST=""036""",6185.8,29493.81,0.0,6638.9,30587.98,754.01,5522.9,27819.28,1994.96,,,,7146.83,28735.13,1900.92,,,,4126.85,29313.35,1703.94,,,,,12149.19,7862.71,,,,,1030.56,733.68,17040.05,6836.16,,,51039.4163,9598.7597,31848.79,6130.74,445.36,466.04,71799,71609.5,14607.5,50561.86,9247.49,20063.96,9907.25,860.88,1964.42,265.25,1833.38,579.82,2184.87,54394.75,10452.5,1182.82,1534.93,tl_2025_20_sldu.zip,https://dev.planscore.org/plan.html?20260308T223414.753343127Z
KS,37,"SLDUST=""037""",15001.32,21500.59,0.0,14443.09,20489.16,965.69,9500.03,16607.41,2721.18,,,,14220.57,19393.72,2197.13,,,,8359.9,17131.87,2821.37,,,,,16765.71,9366.27,,,,,2264.35,1226.04,9924.88,6115.08,,,86290.5971,21857.4527,23416.57,5311.9,981.54,712.21,71781,68872.44,16678.31,44093.49,10382.8,17003.09,10822.2,558.89,1463.64,999.57,2081.48,2451.94,3115.01,49092.58,12556.66,2975.63,2923.88,tl_2025_20_sldu.zip,https://dev.planscore.org/plan.html?20260308T223414.753343127Z
KS,38,"SLDUST=""038""",4872.0,14742.0,0.0,5949.0,15510.0,385.0,4739.0,14106.0,1073.0,,,,6047.0,14483.0,1095.0,,,,3592.0,14811.0,1025.0,,,,,7624.0,6481.0,,,,,13967.0,2850.0,11699.0,7771.0,,,56022.5035,12768.6588,25366.0,6742.0,4304.0,1507.0,73453,73628.0,20423.0,44696.0,12297.0,15758.0,10451.0,574.0,1601.0,498.0,1841.0,1305.0,2591.0,41165.0,12879.0,14579.0,9047.0,tl_2025_20_sldu.zip,https://dev.planscore.org/plan.html?20260308T223414.753343127Z
KS,39,"SLDUST=""039""",5140.0,17555.0,0.0,6427.0,18575.0,476.0,4978.0,16906.0,1255.0,,,,6495.0,17474.0,1265.0,,,,3695.0,18067.0,1144.0,,,,,7935.0,6874.0,,,,,12897.0,3805.0,11633.0,7005.0,,,57405.853,16486.0526,25024.0,6316.0,4511.0,2120.0,72519,70058.0,18379.0,42828.0,10879.0,16083.0,10225.0,704.0,1836.0,887.0,2200.0,844.0,2074.0,42455.0,12342.0,12960.0,7224.0,tl_2025_20_sldu.zip,https://dev.planscore.org/plan.html?20260308T223414.753343127Z
KS,40,"SLDUST=""040""",6464.01,27772.4,0.0,6880.04,28556.84,665.99,5297.04,25945.56,1796.04,,,,7392.1,27050.7,1544.06,,,,4301.1,27365.48,1308.05,,,,,13714.84,9479.84,,,,,1387.33,791.49,13530.82,6749.7,,,58395.6662,14886.4722,30666.92,6762.58,515.5,544.25,72101,72132.37,16366.73,48312.4,10456.69,19665.21,11318.45,746.15,1762.57,335.48,1770.16,794.0,2080.12,54948.99,12581.61,2390.44,2341.91,tl_2025_20_sldu.zip,https://dev.planscore.org/plan.html?20260308T223414.753343127Z
ID,1,"SLDUST=""001""",8336.34,23678.18,811.07,9028.64,20574.96,738.48,6420.86,15369.44,2070.1,,,,8809.93,20118.17,1087.07,,,,6342.09,16146.45,1152.98,,,,,9911.64,8306.32,,,,,803.0,441.0,11929.39,6952.81,,,53484.3279,16812.9817,20607.92,5593.19,388.0,250.0,53610,51916.62,15120.2,38024.53,10933.54,16001.36,10647.55,875.26,1753.14,432.8,1363.86,176.0,1178.36,44219.06,13201.6,1211.51,1593.09,tl_2025_16_sldu.zip,https://dev.planscore.org/plan.html?20260308T223407.289404728Z
ID,2,"SLDUST=""002""",5286.35,23994.99,638.51,5829.32,21508.64,592.61,4629.27,16509.1,1636.13,,,,5920.74,20490.44,1073.69,,,,4678.09,16736.39,1189.24,,,,,6990.86,6054.1,,,,,367.67,250.31,13346.48,6720.62,,,42668.4872,15212.1783,20620.78,5147.27,200.62,141.82,52071,50520.95,13025.99,37497.29,9482.41,17264.84,9636.5,1651.34,2019.22,160.72,1352.83,206.39,1378.21,41683.38,10818.62,1661.42,1792.66,tl_2025_16_sldu.zip,https://dev.planscore.org/plan.html?20260308T223407.289404728Z
ID,3,"SLDUST=""003""",6343.38,25841.88,671.72,6821.47,21915.35,717.48,4435.36,15114.95,1659.58,,,,6305.37,21511.57,1206.25,,,,4094.44,16056.94,951.32,,,,,10437.26,7825.53,,,,,438.08,276.4,9504.89,5887.1,,,69349.7477,22351.8601,20009.98,5065.81,288.28,202.16,51953,50696.5,13898.49,36559.45,9423.84,18541.24,9741.0,671.19,1218.09,395.89,956.62,217.94,902.09,42574.94,10814.39,1429.12,1586.69,tl_2025_16_sldu.zip,https://dev.planscore.org/plan.html?20260308T223407.289404728Z
ID,4,"SLDUST=""004""",8271.46,16046.39,685.0,9460.78,15503.22,736.46,6528.01,11427.11,1929.89,,,,9000.04,15244.6,1079.38,,,,6235.05,12709.18,825.41,,,,,9053.99,6614.12,,,,,499.4,352.16,8324.09,5344.32,,,56399.9784,16721.6856,20562.04,5081.7,256.93,226.28,52384,47954.78,12988.43,32921.55,8776.17,16326.48,10458.12,966.07,1510.35,538.79,1224.67,358.18,1020.0,40845.21,10674.04,1683.48,1730.88,tl_2025_16_sldu.zip,https://dev.planscore.org/plan.html?20260308T223407.289404728Z
ID,5,"SLDUST=""005""",5851.47,21787.56,637.7,6248.79,18187.82,691.96,3860.5,12412.4,1519.3,,,,5910.93,17533.23,1123.61,,,,3636.33,13287.04,785.03,,,,,7265.25,5421.92,,,,,718.85,455.12,8740.15,5586.14,,,54540.5979,13711.5324,17815.29,4593.02,534.17,386.74,51943,48097.15,13798.88,31745.19,8502.04,17780.09,10463.83,918.15,1336.21,696.8,1273.02,164.5,792.34,41022.41,10865.35,2059.48,1882.68,tl_2025_16_sldu.zip,https://dev.planscore.org/plan.html?20260308T223407.289404728Z
ID,6,"SLDUST=""006""",11141.44,16231.16,926.09,13027.0,14543.0,1017.0,9660.0,11375.0,3299.0,,,,13232.0,14420.0,943.0,,,,9528.0,14125.0,890.0,,,,,12113.75,7729.12,,,,,1212.92,600.86,7659.32,4330.66,,,56981.8369,10563.6904,21176.09,4777.73,601.95,410.86,53431,53784.17,12313.97,32781.84,7377.17,14793.86,8224.49,1836.85,1738.09,731.3,1623.41,469.67,1448.73,42148.73,8985.13,1696.75,1543.86,tl_2025_16_sldu.zip,https://dev.planscore.org/plan.html?20260308T223407.289404728Z
ID,7,"SLDUST=""007""",6117.39,19579.48,690.89,6395.86,19922.64,688.98,5141.89,15787.72,2115.94,,,,6164.86,19444.66,1113.98,,,,5105.89,16662.69,1212.98,,,,,8593.25,6875.88,,,,,769.08,577.14,11937.68,6139.34,,,49812.5279,13202.4954,20945.91,5109.27,553.05,453.14,52629,51296.83,13231.03,36798.16,9276.83,15742.14,9155.51,1533.15,2002.91,454.7,1484.59,174.33,1225.27,42946.27,11128.87,1411.25,1541.14,tl_2025_16_sldu.zip,https://dev.planscore.org/plan.html?20260308T223407.289404728Z
ID,8,"SLDUST=""008""",7131.8,17729.84,611.03,7383.96,16766.75,676.01,4931.03,13171.87,1996.0,,,,7647.95,15959.77,1046.0,,,,4924.01,13450.92,1493.97,,,,,8775.0,6699.0,,,,,999.0,459.0,9568.0,5682.0,,,44581.3419,14662.2386,20045.0,5214.0,394.0,242.0,52297,49946.0,12601.0,34745.0,8926.0,15885.0,9647.0,686.0,1417.0,776.0,1579.0,661.0,1334.0,41039.0,10276.0,3115.0,2459.0,tl_2025_16_sldu.zip,https://dev.planscore.org/plan.html?20260308T223407.289404728Z
ID,9,"SLDUST=""009""",4475.17,20551.57,544.01,4716.35,19016.48,562.65,3354.85,14374.8,1644.35,,,,5014.34,18254.92,880.27,,,,3453.63,14410.4,1371.87,,,,,5682.35,4732.32,,,,,3188.11,1375.17,11737.06,6094.51,,,52852.5428,15075.0796,19443.07,4596.47,784.6,490.74,52960,52084.76,12895.33,34328.13,8207.39,13979.62,7831.33,888.84,1423.73,546.52,1396.51,105.67,976.61,38655.9,9763.25,4968.67,3521.62,tl_2025_16_sldu.zip,https://dev.planscore.org/plan.html?20260308T223407.289404728Z
ID,10,"SLDUST=""010""",6516.4,26626.64,745.44,5855.23,18082.22,685.34,3355.23,12828.35,2347.4,,,,5909.99,17643.22,923.94,,,,3491.54,13218.19,1369.54,,,,,7959.29,6844.99,,,,,281.39,152.55,7718.16,5929.05,,,64027.0983,18658.8908,15957.43,4829.35,198.19,94.95,53498,47811.97,15916.88,29589.8,9318.96,16100.09,11369.18,537.15,1240.78,582.66,1250.98,480.35,1227.04,41122.5,12591.31,4278.87,3481.22,tl_2025_16_sldu.zip,https://dev.planscore.org/plan.html?20260308T223407.289404728Z
ID,11,"SLDUST=""011""",5588.64,11410.68,515.93,6008.53,10670.15,609.28,4245.11,8162.22,1673.17,,,,6249.93,10069.98,770.09,,,,3990.84,8997.37,997.62,,,,,4068.56,4279.01,,,,,1071.5,499.28,10286.67,6653.95,,,48049.6904,15214.5161,16098.23,4424.0,252.21,177.32,53483,51085.32,17005.93,29510.99,9190.29,12443.11,9291.73,702.76,1162.95,538.82,1175.81,229.01,900.17,34634.78,10581.31,10545.98,6498.49,tl_2025_16_sldu.zip,https://dev.planscore.org/plan.html?20260308T223407.289404728Z
ID,12,"SLDUST=""012""",6519.02,15617.73,563.16,6608.99,13682.61,644.46,4096.64,10234.85,2032.67,,,,6716.94,13057.07,951.67,,,,4150.21,10990.64,1100.58,,,,,7091.32,6724.28,,,,,876.09,345.21,11132.83,7384.03,,,59434.2566,11707.839,18700.73,5817.53,414.02,225.71,53363,53793.29,17402.28,34705.82,11326.46,15288.79,9709.72,457.22,962.33,681.12,1325.63,168.91,880.72,39666.56,11930.97,7319.6,4604.56,tl_2025_16_sldu.zip,https://dev.planscore.org/plan.html?20260308T223407.289404728Z
ID,13,"SLDUST=""013""",6323.51,15167.42,654.55,6429.9,13868.12,690.89,4215.86,10971.14,2163.19,,,,6628.12,13210.34,999.96,,,,4360.82,11685.34,1184.59,,,,,7210.74,6775.61,,,,,940.47,477.82,9297.86,6484.52,,,53660.5919,17986.5224,18263.99,5072.92,341.23,229.32,53581,51582.2,16027.03,32410.0,10035.37,14609.1,10290.28,681.87,1345.15,543.69,1350.88,489.57,1419.94,40904.17,11913.16,6605.74,5106.54,tl_2025_16_sldu.zip,https://dev.planscore.org/plan.html?20260308T223407.289404728Z
ID,14,"SLDUST=""014""",8516.67,25572.68,702.72,8875.64,22285.99,642.3,5293.46,14882.03,2413.09,,,,8496.11,22234.28,1003.5,,,,5055.91,15411.2,1347.71,,,,,12869.72,8983.55,,,,,415.72,238.96,7896.56,5266.67,,,65663.3824,18132.3416,18629.37,4784.95,197.67,170.12,53577,48872.78,13670.99,34413.38,9181.85,14024.26,9265.75,408.07,1094.23,841.21,1557.31,181.88,966.88,41270.79,10207.39,2374.87,2353.27,tl_2025_16_sldu.zip,https://dev.planscore.org/plan.html?20260308T223407.289404728Z
ID,15,"SLDUST=""015""",11600.56,12891.82,764.87,12122.7,13439.02,936.13,7663.25,10762.93,3142.57,,,,12041.22,13352.54,978.56,,,,7478.77,12044.77,1202.16,,,,,12254.0,9041.0,,,,,588.0,214.0,7792.0,5930.0,,,69098.9635,18078.3321,19488.0,5291.0,345.0,184.0,52475,51630.0,15819.0,34268.0,10049.0,14626.0,11234.0,418.0,1192.0,1187.0,2043.0,402.0,1246.0,38675.0,12245.0,2495.0,2301.0,tl_2025_16_sldu.zip,https://dev.planscore.org/plan.html?20260308T223407.289404728Z
ID,16,"SLDUST=""016""",14127.21,9500.82,760.21,15430.19,10087.55,924.52,10062.61,8443.83,2909.86,,,,15394.12,9966.61,958.78,,,,9887.56,9559.45,1039.52,,,,,12900.51,8948.55,,,,,958.13,594.28,7943.75,6076.42,,,57895.2998,19757.1393,21305.53,5493.03,445.95,328.25,51206,48919.95,14530.51,35210.08,9911.98,14829.83,10050.52,565.21,1316.75,856.27,1730.1,440.02,1462.54,40217.46,11309.87,3472.08,3143.25,tl_2025_16_sldu.zip,https://dev.planscore.org/plan.html?20260308T223407.289404728Z
ID,17,"SLDUST=""017""",13255.76,10103.49,844.74,14523.86,10196.15,977.34,9223.93,8296.23,3166.3,,,,14651.87,9964.81,931.03,,,,9348.7,9544.27,1040.42,,,,,11189.13,7462.34,,,,,1383.16,704.23,9763.56,6609.81,,,60457.0681,16581.8394,21036.88,5136.31,610.29,407.76,52195,51603.5,14779.96,35954.75,9942.85,14984.71,9561.76,351.15,1066.07,1118.56,1862.36,931.53,1876.9,39970.73,11243.97,3652.25,3252.73,tl_2025_16_sldu.zip,https://dev.planscore.org/plan.html?20260308T223407.289404728Z
ID,18,"SLDUST=""018""",14986.49,9280.58,765.3,16214.33,9449.38,870.59,10832.82,7487.22,2766.68,,,,15794.78,9845.29,760.18,,,,9900.88,9424.19,814.58,,,,,17231.93,10222.1,,,,,1421.45,523.72,5542.19,4343.81,,,85155.3439,22204.2205,19793.56,5189.55,672.87,320.51,51948,50461.24,13422.16,33608.18,9582.69,12427.13,8591.28,669.01,1336.41,2029.93,2595.72,397.23,1269.59,43169.76,10638.67,3181.38,2490.37,tl_2025_16_sldu.zip,https://dev.planscore.org/plan.html?20260308T223407.289404728Z
ID,19,"SLDUST=""019""",21192.12,11136.61,1023.21,22211.03,9804.12,843.63,15789.1,6954.22,2868.87,,,,21553.46,10318.13,842.54,,,,15103.03,8876.52,742.15,,,,,20283.23,11241.43,,,,,508.09,257.73,4287.37,4183.22,,,78679.3347,24145.8783,21972.28,5365.38,271.35,200.61,52334,49326.78,12953.2,36010.93,9350.14,12786.87,9101.23,362.1,1174.51,1139.41,1872.92,353.84,1244.66,42169.1,10933.32,2370.8,2290.61,tl_2025_16_sldu.zip,https://dev.planscore.org/plan.html?20260308T223407.289404728Z
ID,20,"SLDUST=""020""",9217.26,18454.09,720.05,9391.98,16390.96,791.89,4980.75,10914.06,2731.07,,,,9092.98,16369.97,985.12,,,,4690.48,12101.44,970.73,,,,,13766.01,11739.62,,,,,,,5085.88,5030.21,,,89743.31,31608.813,16570.68,5865.34,,,52542,49819.14,18828.59,31028.0,11337.13,12853.8,11218.65,260.99,876.74,1265.35,1917.53,419.16,1218.67,39258.21,13207.73,3298.47,3258.43,tl_2025_16_sldu.zip,https://dev.planscore.org/plan.html?20260308T223407.289404728Z
ID,21,"SLDUST=""021""",9200.38,17366.0,718.92,9104.07,16559.46,887.55,5200.56,12497.2,2743.65,,,,9108.5,16167.65,1060.0,,,,5095.64,13107.48,1249.75,,,,,10817.99,10487.38,,,,,,,8402.12,7231.79,,,72885.3036,24081.9324,19452.32,6803.66,,,53066,51250.86,20382.41,33631.0,12799.87,14342.2,11979.35,270.01,1047.25,1187.65,2149.47,1096.84,1919.33,42766.79,14051.27,3229.53,3084.57,tl_2025_16_sldu.zip,https://dev.planscore.org/plan.html?20260308T223407.289404728Z
ID,22,"SLDUST=""022""",10607.7,19248.7,877.98,9891.67,16349.66,891.13,5319.02,10621.41,2587.43,,,,9789.19,16092.47,1058.1,,,,5145.51,11502.94,1044.0,,,,,12512.47,9080.18,,,,,3.93,1.44,7213.4,6051.73,,,83927.7028,30006.0248,16569.55,5338.13,1.29,0.62,53342,48651.59,17229.53,32664.45,11168.58,13375.96,10704.29,360.46,1063.59,1165.86,2078.19,546.32,1398.0,37083.11,11704.27,2227.21,2107.4,tl_2025_16_sldu.zip,https://dev.planscore.org/plan.html?20260308T223407.289404728Z
ID,23,"SLDUST=""023""",4430.48,16281.7,517.91,4888.71,17362.74,661.31,3029.9,12347.94,1860.77,,,,5201.64,16686.29,868.26,,,,3050.57,12168.17,1381.84,,,,,6811.75,6529.63,,,,,1654.96,603.62,10278.6,6064.27,,,53416.5357,14306.9179,16520.38,4831.37,492.33,323.11,53424,49797.64,14641.22,32556.48,9392.45,13304.52,8792.93,1113.17,1209.49,318.97,938.59,200.68,844.93,38940.14,9612.51,3954.54,2764.94,tl_2025_16_sldu.zip,https://dev.planscore.org/plan.html?20260308T223407.289404728Z
ID,24,"SLDUST=""024""",4308.33,19050.51,584.05,4509.71,17532.3,589.05,3172.51,13745.2,2132.36,,,,4839.47,16569.32,1050.98,,,,3484.44,13856.25,1639.48,,,,,7102.03,6009.01,,,,,1290.58,597.24,9834.43,5477.47,,,51989.5134,13049.1782,18380.95,4592.18,544.03,386.45,53121,51587.61,13341.61,33132.14,8157.31,12200.09,7404.28,603.81,1352.44,177.12,1040.63,157.23,1138.08,35785.15,9978.94,4863.83,3590.45,tl_2025_16_sldu.zip,https://dev.planscore.org/plan.html?20260308T223407.289404728Z
ID,25,"SLDUST=""025""",6008.66,13476.49,600.95,6286.29,13530.7,776.95,4100.49,10235.8,2268.64,,,,6427.53,12715.68,1151.02,,,,4158.56,11092.75,1247.52,,,,,7550.97,6165.99,,,,,1722.42,1049.76,8841.57,6076.53,,,53165.6816,14956.9062,19383.05,5347.82,556.97,399.55,53600,50959.39,14867.39,32491.86,9183.69,14766.91,9781.72,470.19,1007.56,834.88,1305.37,367.77,1075.92,39129.85,10692.06,4472.17,3358.55,tl_2025_16_sldu.zip,https://dev.planscore.org/plan.html?20260308T223407.289404728Z
ID,26,"SLDUST=""026""",10558.0,11755.0,635.0,11226.0,11235.0,580.0,8105.0,9168.0,1950.0,,,,11187.0,11047.0,792.0,,,,7568.0,10756.0,923.0,,,,,8929.0,7384.0,,,,,3753.0,903.0,9274.0,6172.0,,,54180.7937,16040.9611,18126.0,5419.0,571.0,320.0,53636,52145.0,15402.0,34316.0,10174.0,12402.0,8544.0,718.0,1564.0,255.0,1213.0,142.0,1088.0,35280.0,10886.0,5339.0,3994.0,tl_2025_16_sldu.zip,https://dev.planscore.org/plan.html?20260308T223407.289404728Z
ID,27,"SLDUST=""027""",2985.0,16479.0,499.0,3263.0,16320.0,490.0,2387.0,12367.0,2363.0,,,,3348.0,15533.0,1042.0,,,,2325.0,13204.0,1445.0,,,,,5211.0,4222.0,,,,,5636.0,2023.0,9109.0,5195.0,,,53601.6692,12889.3776,17003.0,4092.0,1722.0,1025.0,50832,49093.0,12784.0,30182.0,7405.0,12624.0,7357.0,709.0,1404.0,175.0,1018.0,47.0,925.0,33300.0,8346.0,7180.0,4533.0,tl_2025_16_sldu.zip,https://dev.planscore.org/plan.html?20260308T223407.289404728Z
ID,28,"SLDUST=""028""",5781.58,18493.79,788.39,5893.64,17260.04,750.0,4033.15,12239.91,3700.75,,,,6117.15,16604.68,1110.83,,,,4400.16,14374.33,1269.15,,,,,6978.36,5011.93,,,,,1901.72,760.16,9440.91,4901.16,,,55823.4774,17923.8016,16988.02,4178.45,705.68,517.21,51270,49747.24,13024.2,30272.43,7210.05,14401.52,8441.12,1405.16,1679.53,262.57,1044.0,259.42,1041.55,35835.42,8781.6,3415.49,2843.85,tl_2025_16_sldu.zip,https://dev.planscore.org/plan.html?20260308T223407.289404728Z
ID,29,"SLDUST=""029""",9544.29,12371.29,791.76,9771.71,11861.82,974.58,6957.29,8962.05,3411.95,,,,10174.35,11101.86,1147.09,,,,7643.17,10544.75,1272.56,,,,,9305.66,6529.34,,,,,2048.68,1333.71,9742.12,5596.27,,,40654.1407,11568.9352,20071.7,4862.83,677.66,632.35,53264,53414.86,13205.56,34505.99,8446.1,15144.21,8902.44,1002.58,1657.71,744.68,1687.77,561.22,1520.34,40095.95,10113.9,3165.4,2709.6,tl_2025_16_sldu.zip,https://dev.planscore.org/plan.html?20260308T223407.289404728Z
ID,30,"SLDUST=""030""",4063.0,17456.0,626.0,4312.0,16497.0,602.0,3084.0,11821.0,2950.0,,,,4535.0,15764.0,946.0,,,,3182.0,13062.0,1501.0,,,,,6049.0,5259.0,,,,,1520.0,727.0,9860.0,5628.0,,,51175.6725,22072.3136,16578.0,4367.0,662.0,410.0,50566,48849.0,13430.0,29842.0,7787.0,12795.0,7758.0,1980.0,1681.0,274.0,1060.0,134.0,954.0,34980.0,8825.0,4255.0,2855.0,tl_2025_16_sldu.zip,https://dev.planscore.org/plan.html?20260308T223407.289404728Z
ID,31,"SLDUST=""031""",3933.0,23122.0,775.0,3732.0,21503.0,706.0,2404.0,15740.0,3425.0,,,,3710.0,20844.0,1231.0,,,,2643.0,16878.99,1897.0,,,,,7438.0,5369.0,,,,,1257.0,616.0,8546.0,4654.0,,,48632.8793,12458.8916,17338.0,4115.0,315.0,246.0,53043,51163.0,12473.0,32058.0,7588.0,14430.0,8904.0,696.0,1267.0,230.0,1061.0,114.0,946.0,37910.0,9172.0,2297.0,1944.0,tl_2025_16_sldu.zip,https://dev.planscore.org/plan.html?20260308T223407.289404728Z
ID,32,"SLDUST=""032""",5623.88,17407.92,782.05,5482.27,16259.52,723.04,3299.41,11127.68,3609.66,,,,5174.22,15856.58,990.75,,,,3289.17,13133.76,1291.09,,,,,9857.37,5753.95,,,,,850.22,437.51,6674.65,4280.83,,,70636.2997,18683.8215,15456.65,3569.58,364.36,231.87,50982,47691.49,13135.68,27803.07,6810.57,10960.05,6467.3,224.6,748.01,659.55,1240.16,166.87,769.65,35083.93,8891.1,3514.32,2748.94,tl_2025_16_sldu.zip,https://dev.planscore.org/plan.html?20260308T223407.289404728Z
ID,33,"SLDUST=""033""",6939.65,12842.38,796.79,7095.8,12878.11,892.24,4699.5,9711.37,3475.3,,,,7063.77,12288.0,1154.56,,,,4800.15,11482.87,1316.89,,,,,8224.84,5744.65,,,,,2776.22,1136.21,8558.98,5544.27,,,48972.6671,10913.4938,19455.26,4867.11,1290.92,843.13,51585,49539.78,14022.04,31498.54,8145.26,14876.44,9516.01,748.33,1524.79,438.17,1343.38,414.18,1385.68,36945.49,10812.79,4507.72,4247.78,tl_2025_16_sldu.zip,https://dev.planscore.org/plan.html?20260308T223407.289404728Z
ID,34,"SLDUST=""034""",2767.0,13925.0,671.0,2666.0,13559.0,887.0,1201.0,8941.0,5546.0,,,,2288.0,13517.0,1136.0,,,,1473.0,12826.0,1117.0,,,,,6474.0,5033.0,,,,,373.0,194.0,2428.0,2127.0,,,66074.3485,14797.9323,11858.0,3415.0,126.0,95.0,52913,39725.0,12324.0,16760.0,5368.0,8077.0,5665.0,415.0,1232.0,658.0,1357.0,357.0,1159.0,40585.0,14062.0,3059.0,2486.0,tl_2025_16_sldu.zip,https://dev.planscore.org/plan.html?20260308T223407.289404728Z
ID,35,"SLDUST=""035""",6608.6,20446.62,802.01,6313.58,19515.52,692.14,4051.65,14049.99,3503.33,,,,6364.51,18648.87,1119.77,,,,4534.35,15588.29,1399.31,,,,,9436.76,7065.13,,,,,928.16,468.41,8019.34,4622.47,,,57958.5144,15029.9986,17075.38,4713.04,447.37,310.44,50982,49547.63,13688.52,31518.96,8543.03,15176.79,8871.13,377.33,1328.97,129.02,1147.7,112.31,1219.78,36314.21,9759.62,2055.07,1966.83,tl_2025_16_sldu.zip,https://dev.planscore.org/plan.html?20260308T223407.289404728Z
IN,1,"SLDUST=""001""",31345.36,36273.57,0.0,33986.6,34733.17,980.9,28312.38,29020.79,3242.06,,,,,,,27297.92,21466.29,1103.91,29925.87,26558.31,2255.78,,,,,27834.7,18693.26,,,,,6058.99,2839.74,29805.38,15756.86,,,83814.8757,21678.7076,52803.15,12953.93,3883.29,1944.78,136405,131777.16,34969.63,93678.88,23163.41,35163.43,21975.6,459.46,2358.22,2044.48,4146.69,12573.0,10313.65,106725.36,28886.11,13691.83,9997.88,tl_2025_18_sldu.zip,https://dev.planscore.org/plan.html?20260308T223410.297564423Z
IN,2,"SLDUST=""002""",27591.73,16302.96,0.0,33105.88,15737.51,747.86,32626.33,13947.29,2624.04,,,,,,,27567.36,9745.23,849.01,33193.31,12454.31,2026.03,,,,,16786.12,14967.67,,,,,15384.94,5621.76,32211.21,19957.34,,,50544.9792,17353.8659,50246.87,14945.72,7342.4,3621.13,134201,133000.94,44833.87,86464.65,27543.44,27823.04,21551.87,452.15,3348.29,1568.37,4396.09,21677.35,15953.33,93780.58,32755.54,30563.78,19061.74,tl_2025_18_sldu.zip,https://dev.planscore.org/plan.html?20260308T223410.297564423Z
IN,3,"SLDUST=""003""",33070.36,13729.73,0.0,40137.59,12946.44,738.13,42040.05,10736.07,2061.91,,,,,,,35592.17,7158.4,724.98,43249.95,8932.2,1720.93,,,,,15814.47,17061.68,,,,,3402.99,2436.23,35856.84,22063.33,,,38685.3123,14139.9424,55886.43,17873.79,1886.95,1633.5,136389,138096.73,50207.5,92511.73,31042.5,36029.37,28133.37,485.0,3859.9,524.33,4203.07,48988.04,25466.89,98099.85,36696.13,11592.99,11391.67,tl_2025_18_sldu.zip,https://dev.planscore.org/plan.html?20260308T223410.297564423Z
IN,4,"SLDUST=""004""",28141.91,29127.31,0.0,31075.16,28717.19,1176.0,27157.18,24770.19,3980.04,,,,,,,26450.12,17844.11,1560.01,29815.22,21728.14,3306.03,,,,,20036.04,14480.33,,,,,3098.64,1966.49,35183.65,16091.05,,,65886.5515,19981.8631,50575.28,11978.05,1743.98,1324.4,136130,133053.12,33849.97,93653.74,22172.56,36576.63,23269.73,692.48,2631.41,1116.58,3444.72,12368.43,9207.48,106050.03,26973.92,10130.66,7736.78,tl_2025_18_sldu.zip,https://dev.planscore.org/plan.html?20260308T223410.297564423Z
IN,5,"SLDUST=""005""",23765.38,41779.5,0.0,25111.26,40553.42,1173.02,21218.19,34965.34,4073.05,,,,,,,21727.21,26428.28,1838.01,24045.22,32018.33,3265.04,,,,,24199.68,16910.82,,,,,2623.27,1542.79,32587.93,15603.87,,,61874.0941,17275.1692,50977.83,11240.72,1263.24,958.68,133853,131069.34,29600.33,89908.51,19810.36,30356.62,19616.18,647.87,2719.47,944.81,3242.97,2312.84,4526.92,102526.19,24105.35,6430.15,6020.17,tl_2025_18_sldu.zip,https://dev.planscore.org/plan.html?20260308T223410.297564423Z
IN,6,"SLDUST=""006""",21751.64,46621.43,0.0,22693.77,43630.69,1160.1,18438.06,34709.65,3463.96,,,,,,,18270.43,25735.97,1274.08,21248.66,31350.03,2557.23,,,,,20387.03,15714.57,,,,,2168.82,1482.48,32445.63,16004.61,,,62541.4841,15943.2242,47366.71,11194.85,1235.11,1005.91,136191,128339.84,33108.67,88051.23,21156.3,34216.53,20955.99,652.52,2424.12,1301.01,3447.17,3457.77,4658.2,102698.02,26033.88,6868.25,6093.54,tl_2025_18_sldu.zip,https://dev.planscore.org/plan.html?20260308T223410.297564423Z
IN,7,"SLDUST=""007""",20349.0,43682.0,0.0,19563.0,44395.0,1397.0,14161.0,39439.0,3790.0,,,,,,,15002.0,29667.0,2103.0,16938.0,36341.0,3379.0,,,,,27329.59,17426.16,,,,,4356.59,2433.5,29078.6,14319.14,,,66635.8602,17013.1697,51893.39,11666.63,1182.16,1058.94,137472,134707.01,32067.96,90078.83,20378.41,29576.1,18511.02,639.92,2773.31,1095.47,3464.79,2152.75,4418.35,99947.75,24736.75,4076.01,4414.85,tl_2025_18_sldu.zip,https://dev.planscore.org/plan.html?20260308T223410.297564423Z
IN,8,"SLDUST=""008""",19097.0,41637.0,0.0,20643.0,40232.0,1198.0,17940.0,35305.0,3728.0,,,,,,,20178.0,24516.0,1685.0,22283.0,29939.0,3748.0,,,,,17478.54,14492.53,,,,,4286.31,2757.31,36861.08,18318.74,,,58830.0032,16234.7294,52211.38,12363.09,2190.48,1893.07,134114,134154.89,33847.55,92009.98,22256.6,31432.12,20140.65,769.6,2991.87,297.42,3030.74,2002.76,4456.98,100494.19,26596.77,4417.69,4857.3,tl_2025_18_sldu.zip,https://dev.planscore.org/plan.html?20260308T223410.297564423Z
IN,9,"SLDUST=""009""",16471.34,36969.0,0.0,17423.69,37554.09,1214.63,13782.44,34484.29,3539.71,,,,,,,15034.84,25649.85,1564.23,16748.12,31491.52,3205.19,,,,,20303.95,16870.77,,,,,4570.19,2916.96,29345.67,16823.95,,,59843.4167,18545.7194,50562.39,13397.79,1256.68,1179.22,133862,130689.61,38459.83,86127.22,24280.38,27753.94,21024.59,660.04,3107.38,1156.26,3918.49,3658.48,6287.62,96296.57,27751.32,5283.15,5878.29,tl_2025_18_sldu.zip,https://dev.planscore.org/plan.html?20260308T223410.297564423Z
IN,10,"SLDUST=""010""",27669.0,20065.0,0.0,30915.69,19721.79,823.99,28334.74,19326.78,3470.96,,,,,,,27382.73,13461.85,1365.99,29971.73,17465.8,3204.96,,,,,23345.15,18445.33,,,,,8327.0,4273.0,26179.29,16267.9,,,43144.5912,14620.7542,49409.48,13857.41,3006.0,2251.0,134034,133161.35,40687.89,84434.94,24686.06,28057.65,20514.5,643.56,3605.97,1682.58,4539.93,17492.86,14088.8,96274.24,27601.89,9021.54,7754.1,tl_2025_18_sldu.zip,https://dev.planscore.org/plan.html?20260308T223410.297564423Z
IN,11,"SLDUST=""011""",23832.0,31584.0,0.0,25701.08,32170.85,933.0,20712.08,30415.89,3289.0,,,,,,,22382.08,22129.9,1356.0,22566.07,28669.88,2925.0,,,,,29362.85,19630.25,,,,,7066.54,3358.5,24594.22,14058.56,,,63221.0813,17768.0103,51207.99,12610.1,3460.69,2115.06,133085,130546.63,34231.35,87251.1,21997.54,28831.86,19787.4,583.28,2601.15,2645.59,4550.74,7013.72,8097.71,96601.69,26546.33,4876.21,5276.7,tl_2025_18_sldu.zip,https://dev.planscore.org/plan.html?20260308T223410.297564423Z
IN,12,"SLDUST=""012""",15643.0,27128.0,0.0,17698.23,27939.36,808.01,14327.18,25158.33,2381.04,,,,,,,14259.19,18769.25,1112.01,15944.2,23764.32,2133.03,,,,,16507.98,14630.14,,,,,7909.21,3066.75,28589.69,16806.52,,,55307.8752,18930.4938,46523.18,12769.88,2653.68,1563.23,135463,135518.65,41253.51,84445.31,24287.97,27426.44,20977.08,719.32,2930.35,1020.51,3624.49,5787.97,7056.55,88873.34,28161.59,11908.22,10226.62,tl_2025_18_sldu.zip,https://dev.planscore.org/plan.html?20260308T223410.297564423Z
IN,13,"SLDUST=""013""",12639.0,37679.0,0.0,12921.0,37478.0,937.0,10853.91,32629.65,2662.98,,,,,,,11391.9,24367.75,1473.98,13773.89,28505.68,3288.97,,,,,14358.76,12962.47,,,,,3659.88,1832.54,33010.44,15829.51,,,61973.276,15109.1181,49961.14,11568.75,1244.35,1021.58,134526,133721.41,32014.4,87425.51,20381.1,25692.33,17202.66,564.49,2632.05,340.73,2977.29,1122.62,3618.78,98567.14,24697.62,3863.12,4138.47,tl_2025_18_sldu.zip,https://dev.planscore.org/plan.html?20260308T223410.297564423Z
IN,14,"SLDUST=""014""",17617.0,30177.0,0.0,19663.0,30291.0,982.0,16754.09,26642.35,2280.02,,,,,,,15836.1,20728.25,1196.02,18523.11,24061.32,2628.03,,,,,14936.5,13300.51,,,,,8919.35,3809.9,30128.5,16259.93,,,57673.3121,13077.1368,49648.16,12890.08,3319.42,2224.61,134535,135072.79,39776.75,84072.62,23266.61,28613.57,19815.43,483.66,2965.21,2625.7,4991.98,15150.91,11347.36,90752.56,26340.81,5600.6,5905.9,tl_2025_18_sldu.zip,https://dev.planscore.org/plan.html?20260308T223410.297564423Z
IN,15,"SLDUST=""015""",26834.0,37930.0,0.0,27385.0,39031.0,1515.0,19637.0,35934.0,3806.0,,,,,,,20560.0,28335.0,1620.0,21581.0,34238.0,3319.0,,,,,30056.83,17574.57,,,,,8116.09,4061.36,21983.95,13205.59,,,66047.0596,14453.5127,52123.77,11724.54,4845.85,2845.87,138252,132271.88,32755.29,87091.21,20383.22,33429.53,19746.5,539.08,2163.72,3931.06,5581.99,7879.89,8661.64,102109.94,24811.6,3498.97,4111.73,tl_2025_18_sldu.zip,https://dev.planscore.org/plan.html?20260308T223410.297564423Z
IN,16,"SLDUST=""016""",25547.0,38414.0,0.0,25480.0,38256.0,1579.0,18714.0,34226.0,3912.0,,,,,,,19862.0,27269.0,1688.0,20861.0,31881.0,3746.0,,,,,28196.74,18433.1,,,,,6062.65,3334.85,26984.39,15192.68,,,62965.8023,16642.149,54373.7,12895.87,2920.52,2213.38,137559,132485.76,35382.06,91545.19,23055.76,30924.42,20882.18,940.76,3097.08,2063.65,4483.0,6153.82,7852.84,103496.51,26576.14,4354.78,5113.76,tl_2025_18_sldu.zip,https://dev.planscore.org/plan.html?20260308T223410.297564423Z
IN,17,"SLDUST=""017""",14834.0,40995.0,0.0,15764.0,42452.0,1309.0,13534.0,38476.0,3293.0,,,,,,,13603.0,28930.0,2042.0,16815.0,33816.0,3786.0,,,,,17329.0,14837.0,,,,,2098.0,1752.0,36528.0,17997.0,,,55327.7364,16941.5299,54391.0,13205.0,938.0,962.0,134312,133604.0,33405.0,90402.0,21875.0,31206.0,21007.0,2144.0,4709.0,551.0,3502.0,3047.0,5146.0,103910.0,26252.0,2952.0,3898.0,tl_2025_18_sldu.zip,https://dev.planscore.org/plan.html?20260308T223410.297564423Z
IN,18,"SLDUST=""018""",12891.4,42847.38,0.0,14173.28,43671.38,1267.36,11932.62,39800.14,3176.18,,,,,,,13430.29,28578.9,2186.71,16414.92,34438.89,3695.75,,,,,15223.59,13778.33,,,,,5425.0,2912.34,36347.4,17283.26,,,56333.7002,16690.5874,51919.74,12637.52,1670.76,1377.14,133344,133009.17,34102.0,92299.11,22590.53,33997.9,21924.29,1181.38,3760.89,377.05,3573.01,2502.07,4678.17,99881.73,27168.68,5062.6,5526.92,tl_2025_18_sldu.zip,https://dev.planscore.org/plan.html?20260308T223410.297564423Z
IN,19,"SLDUST=""019""",16886.0,38910.0,0.0,17934.0,39501.0,1257.0,14991.0,35903.0,3241.0,,,,,,,15536.0,27051.0,2062.0,18765.0,31105.0,3759.0,,,,,16487.18,15117.35,,,,,3936.03,2590.34,35755.71,17314.29,,,53854.7507,14495.3863,53823.22,12936.76,1795.86,1526.56,136911,137005.16,36394.49,89309.47,22082.31,29950.15,21036.23,703.0,3444.95,748.86,3874.73,4643.77,6654.37,98313.84,26563.82,4794.54,5541.14,tl_2025_18_sldu.zip,https://dev.planscore.org/plan.html?20260308T223410.297564423Z
IN,20,"SLDUST=""020""",33447.6,41364.05,0.0,33175.22,41954.2,1567.0,22076.94,36964.79,4681.98,,,,,,,23593.77,30396.25,1959.0,21792.94,38577.79,3050.98,,,,,47352.2,23433.0,,,,,3813.01,1872.6,14085.79,10064.02,,,89367.9681,23600.7865,49032.42,11668.69,2185.52,1288.49,135503,129633.36,33624.42,86324.88,21555.36,26654.11,19417.85,498.35,2091.64,3723.14,4922.2,3978.48,5446.04,99833.33,26037.4,3553.6,4033.46,tl_2025_18_sldu.zip,https://dev.planscore.org/plan.html?20260308T223410.297564423Z
IN,21,"SLDUST=""021""",27229.48,44726.48,0.0,25272.23,42331.45,1498.96,17908.99,35757.79,4017.13,,,,,,,18878.22,26959.66,2122.94,20934.02,33001.79,3442.08,,,,,27507.02,18617.45,,,,,2007.11,1510.66,29254.84,16683.04,,,61660.1948,22177.7252,54062.01,14217.18,942.73,868.88,137404,132020.06,37496.08,89112.55,23489.09,30485.54,22058.58,720.74,2975.56,1995.0,4304.54,7038.33,8177.07,105005.45,28239.55,4223.34,4581.65,tl_2025_18_sldu.zip,https://dev.planscore.org/plan.html?20260308T223410.297564423Z
IN,22,"SLDUST=""022""",23240.62,31183.5,0.0,24483.75,32738.58,1471.98,18801.81,28979.66,4022.95,,,,,,,18360.79,20942.72,2053.99,21134.78,26844.67,3608.96,,,,,25663.21,17591.44,,,,,6967.18,3644.86,29810.89,16668.34,,,54943.2791,16786.7628,54796.46,12621.68,2090.31,1612.24,134937,135661.36,34180.14,89841.19,21747.29,29774.28,19699.18,599.82,2598.17,1602.89,3763.97,5392.23,6722.63,96471.44,24371.58,5451.13,5342.86,tl_2025_18_sldu.zip,https://dev.planscore.org/plan.html?20260308T223410.297564423Z
IN,23,"SLDUST=""023""",17733.0,30748.0,0.0,19443.0,31333.0,1143.0,16581.0,27918.0,3246.0,,,,,,,16584.0,20458.0,1981.0,19590.0,25145.0,2817.0,,,,,25713.69,18738.09,,,,,7963.89,3028.91,23737.12,12347.73,,,59818.8908,16313.6459,50148.37,13045.26,1965.58,1198.48,133730,140232.42,36951.65,75747.96,19218.68,22337.29,15635.59,842.47,2982.76,4957.11,5828.84,3011.62,5419.04,101725.41,26787.06,3698.3,3922.5,tl_2025_18_sldu.zip,https://dev.planscore.org/plan.html?20260308T223410.297564423Z
IN,24,"SLDUST=""024""",24116.0,38707.0,0.0,24925.7,40889.7,1574.99,17754.75,36657.72,3936.96,,,,,,,18431.78,27494.81,1842.98,19451.76,34979.73,3080.97,,,,,30545.73,22492.67,,,,,1296.45,814.83,23319.38,14455.99,,,77943.4496,22490.7533,46638.91,12850.16,450.62,415.07,135845,129241.47,37946.8,83969.1,23482.41,28867.11,21433.58,571.56,2476.53,2819.87,4576.39,8371.17,9075.96,101586.46,29388.07,3872.95,5105.94,tl_2025_18_sldu.zip,https://dev.planscore.org/plan.html?20260308T223410.297564423Z
IN,25,"SLDUST=""025""",20444.31,37015.03,0.0,20147.33,33348.02,1075.02,19094.0,34220.0,3546.0,,,,,,,19225.26,24195.77,2626.07,22802.0,29734.0,3864.0,,,,,17281.2,14417.86,,,,,2108.31,1833.56,37541.65,19063.77,,,55300.4234,11353.1546,53187.45,13102.06,586.39,820.39,135197,134640.47,35295.94,93720.28,23586.65,33268.69,21934.41,1798.71,4414.64,642.97,3489.12,7847.31,7888.52,106118.1,28727.59,3528.99,4439.06,tl_2025_18_sldu.zip,https://dev.planscore.org/plan.html?20260308T223410.297564423Z
IN,26,"SLDUST=""026""",21196.0,34075.0,0.0,22987.0,35139.0,1133.0,20599.0,31780.0,3654.0,,,,,,,20626.0,22584.0,2604.0,23808.0,27968.0,3377.0,,,,,20507.0,18129.0,,,,,2010.0,1747.0,31614.0,17221.0,,,50159.7285,15684.2595,56990.0,14896.0,598.0,810.0,136405,139155.0,38598.0,88279.0,23853.0,32192.0,23626.0,1648.0,4637.0,847.0,4084.0,5714.0,7029.0,108880.0,30784.0,2722.0,3883.0,tl_2025_18_sldu.zip,https://dev.planscore.org/plan.html?20260308T223410.297564423Z
IN,27,"SLDUST=""027""",15774.0,40606.0,0.0,16859.0,40570.0,1142.0,15146.0,37010.0,2876.0,,,,,,,14261.0,25942.0,2177.0,18463.0,32798.0,3597.0,,,,,17194.86,14589.22,,,,,1949.04,1518.6,37154.14,17246.56,,,54177.3329,14263.8101,53286.3,12490.51,792.96,975.93,134364,132704.56,32701.66,92823.83,21690.42,31675.91,19610.68,794.41,2954.24,659.0,3504.34,3987.62,6025.84,103664.44,26225.01,1413.93,2428.97,tl_2025_18_sldu.zip,https://dev.planscore.org/plan.html?20260308T223410.297564423Z
IN,28,"SLDUST=""028""",23530.67,42000.8,0.0,22765.19,42391.16,1478.95,17289.34,37286.57,3833.87,,,,,,,17707.28,27973.96,2170.89,20129.19,34208.74,3821.87,,,,,24397.29,18540.18,,,,,2837.83,1650.46,31883.54,18140.59,,,65953.1349,21296.8462,52363.14,13484.04,958.32,972.2,137103,131997.83,36622.95,91381.03,24381.4,31858.23,23615.79,650.71,2610.0,1548.08,3785.77,9718.71,8854.19,102894.48,28785.43,2990.67,3817.01,tl_2025_18_sldu.zip,https://dev.planscore.org/plan.html?20260308T223410.297564423Z
IN,29,"SLDUST=""029""",36086.0,26879.0,0.0,38605.0,28384.0,1294.0,29216.0,26557.0,4160.0,,,,,,,28928.0,21966.0,1421.0,28021.0,29205.0,2580.0,,,,,46817.54,25907.5,,,,,6251.68,2962.79,14592.94,10177.3,,,105814.5832,24932.1736,49339.73,12323.63,2836.58,1561.47,137827,128079.6,35593.5,84773.25,22270.12,22696.13,16381.81,351.99,2213.84,6049.88,6445.78,14802.97,11650.17,92113.98,25599.45,4565.25,5109.69,tl_2025_18_sldu.zip,https://dev.planscore.org/plan.html?20260308T223410.297564423Z
IN,30,"SLDUST=""030""",43047.0,16750.0,0.0,47906.0,18966.0,1251.0,40093.0,19446.0,4482.0,,,,,,,38717.0,15882.0,1757.0,38689.0,22174.0,3130.0,,,,,47723.64,28516.31,,,,,11198.23,5949.51,16441.82,13396.07,,,71203.6641,17256.3345,60186.11,16670.76,4714.66,2801.18,134962,135708.46,44093.16,95183.93,28942.01,31816.98,25241.27,360.27,2822.52,2561.33,5173.54,28340.01,20187.5,98932.6,31341.47,5303.18,6482.64,tl_2025_18_sldu.zip,https://dev.planscore.org/plan.html?20260308T223410.297564423Z
IN,31,"SLDUST=""031""",37870.88,35900.06,0.0,38867.25,37894.86,1523.04,26671.0,34246.0,4761.0,,,,,,,28011.63,27913.58,1812.05,25932.0,36827.0,2729.0,,,,,55859.96,29294.21,,,,,4047.69,1743.6,10854.09,9243.33,,,104205.8027,27237.0298,49512.85,12568.68,2119.88,1193.72,136860,133771.87,37276.0,88362.84,23120.84,22517.98,17692.91,297.0,1826.01,4370.26,5501.02,7911.81,8218.75,96439.7,27347.42,2869.47,3865.4,tl_2025_18_sldu.zip,https://dev.planscore.org/plan.html?20260308T223410.297564423Z
IN,32,"SLDUST=""032""",23755.79,33436.18,0.0,24540.76,34471.24,1227.04,17924.72,31894.28,3664.12,,,,,,,17904.6,23658.91,1628.07,19586.82,30435.1,3230.17,,,,,26614.99,19242.11,,,,,2519.47,1507.17,24655.37,15376.27,,,67756.2325,18411.5602,47309.44,13126.27,1043.73,767.01,137659,128489.02,39398.31,83083.29,24422.47,28118.0,20797.28,847.54,2608.17,4102.36,5859.35,10042.55,9715.4,95661.07,28306.74,4975.56,5850.53,tl_2025_18_sldu.zip,https://dev.planscore.org/plan.html?20260308T223410.297564423Z
IN,33,"SLDUST=""033""",38973.0,7983.0,0.0,44860.0,8204.0,878.0,41974.0,7483.0,2947.0,,,,,,,37230.0,5972.0,1394.0,40783.0,9091.0,2371.0,,,,,30326.16,21909.59,,,,,13343.56,6652.73,21426.91,16502.21,,,48010.479,15932.0503,50933.88,15675.28,3468.83,2591.72,135603,138592.02,49650.51,85799.12,29071.06,27871.92,22518.98,365.91,3247.91,1902.02,4950.1,38494.07,23896.79,91673.76,32586.85,6666.61,7729.06,tl_2025_18_sldu.zip,https://dev.planscore.org/plan.html?20260308T223410.297564423Z
IN,34,"SLDUST=""034""",33122.0,8288.0,0.0,39697.0,8785.0,701.0,38200.0,8694.0,2032.0,,,,,,,31897.0,6390.0,1095.0,37686.0,8905.0,2117.0,,,,,18511.02,18316.15,,,,,6260.38,3843.83,29391.7,21104.97,,,39436.64,14342.6488,55764.08,19049.58,1580.91,1487.38,138411,139073.89,53799.12,88585.06,32392.0,28803.8,24658.72,286.24,3185.75,1657.04,4790.43,53531.63,30869.41,92654.28,36734.49,6605.63,7492.07,tl_2025_18_sldu.zip,https://dev.planscore.org/plan.html?20260308T223410.297564423Z
IN,35,"SLDUST=""035""",18165.0,25132.0,0.0,20155.3,27469.3,1116.01,15949.25,25343.28,3054.04,,,,,,,15238.22,18050.19,1502.02,17623.25,23263.27,2985.03,,,,,18906.08,15961.61,,,,,10503.04,4411.65,28794.54,17184.81,,,56784.5747,14973.934,48675.1,13556.73,2763.21,1963.31,137589,133529.89,41254.84,86777.97,25508.34,30276.83,21712.34,418.81,2587.96,1390.61,3779.37,13904.2,12699.25,89941.09,27849.22,5967.09,6533.57,tl_2025_18_sldu.zip,https://dev.planscore.org/plan.html?20260308T223410.297564423Z
IN,36,"SLDUST=""036""",19262.21,29367.82,0.0,20933.24,30859.76,1097.96,16250.28,29494.72,3373.88,,,,,,,16219.4,21726.09,1557.93,17934.18,28000.9,3003.83,,,,,26016.55,19006.85,,,,,9606.62,4032.21,25692.34,15992.08,,,60023.2406,18037.5819,50069.9,14414.01,3145.29,1938.21,136641,130476.57,42144.33,85964.73,26443.45,26941.94,21413.24,555.38,2512.0,5664.62,6136.26,7774.11,9072.06,94281.52,29682.44,4446.07,5715.64,tl_2025_18_sldu.zip,https://dev.planscore.org/plan.html?20260308T223410.297564423Z
IN,37,"SLDUST=""037""",17357.0,50720.0,0.0,17020.91,50973.97,1516.55,12693.71,43686.99,3442.0,,,,,,,13530.44,32537.24,1984.42,15670.25,40151.44,3501.39,,,,,22416.81,17176.37,,,,,928.61,726.93,33425.67,16683.15,,,65302.4058,20982.2312,48880.35,11996.33,478.23,472.19,137607,131060.32,33316.77,90828.98,21921.64,30543.59,20429.39,671.49,2753.99,1160.17,3697.51,1901.78,3694.59,104459.16,26705.62,1164.25,2240.93,tl_2025_18_sldu.zip,https://dev.planscore.org/plan.html?20260308T223410.297564423Z
IN,38,"SLDUST=""038""",19348.0,34848.0,0.0,21238.0,35781.0,1146.0,18761.0,32080.0,2851.0,,,,,,,18408.0,22157.0,2248.0,25949.0,24155.0,3063.0,,,,,20786.63,17282.4,,,,,2126.92,1686.63,31788.27,18087.4,,,49317.9696,15304.822,55623.84,14842.14,831.74,909.67,137739,139259.84,37753.56,91738.04,24368.27,34055.23,23982.73,778.47,3423.13,1453.0,4623.18,6527.41,7927.19,107541.26,30812.72,2419.15,3546.83,tl_2025_18_sldu.zip,https://dev.planscore.org/plan.html?20260308T223410.297564423Z
IN,39,"SLDUST=""039""",12263.0,43698.0,0.0,13246.09,44317.03,1065.44,11791.15,40715.52,2640.97,,,,,,,13277.4,29487.4,2206.55,20320.46,31014.24,2765.57,,,,,13391.0,14417.0,,,,,1865.53,1296.36,35971.74,18364.56,,,57841.5367,17539.3458,52366.36,13623.45,680.63,836.18,134804,135742.92,37718.39,92113.53,23864.09,29143.74,20706.8,1292.05,4292.28,476.71,3849.03,1814.74,4510.81,101349.87,27732.88,1704.63,3122.28,tl_2025_18_sldu.zip,https://dev.planscore.org/plan.html?20260308T223410.297564423Z
IN,40,"SLDUST=""040""",34734.0,19225.0,0.0,37741.0,20250.0,1045.0,32457.0,19027.0,3456.0,,,,,,,32342.0,14234.0,2056.0,32425.0,19507.0,3300.0,,,,,36594.62,22471.31,,,,,10789.23,4273.01,17485.86,12230.35,,,60043.0797,16733.9759,53408.2,12935.1,2956.27,1984.88,133173,139996.78,34086.09,79660.28,20922.88,24253.46,17951.17,664.65,2627.97,4591.54,5705.06,4494.12,6099.33,105341.51,27522.36,3742.34,3878.58,tl_2025_18_sldu.zip,https://dev.planscore.org/plan.html?20260308T223410.297564423Z
IN,41,"SLDUST=""041""",20042.0,39944.0,0.0,20205.0,39684.0,1454.0,14900.0,35658.0,3694.0,,,,,,,15379.0,25814.0,1952.0,17566.0,32890.0,3249.0,,,,,27903.12,18423.67,,,,,8667.38,3428.8,32056.08,17782.75,,,64760.6285,16796.451,52287.61,12895.08,1762.32,1277.18,138199,140447.49,37335.78,94582.24,24306.94,27564.51,19449.15,663.83,2726.32,2637.45,4877.7,2246.91,4478.99,98637.18,27742.43,3361.98,4013.2,tl_2025_18_sldu.zip,https://dev.planscore.org/plan.html?20260308T223410.297564423Z
IN,42,"SLDUST=""042""",12654.33,49083.2,0.0,13192.81,49472.84,1134.05,11983.66,43522.43,3139.13,,,,,,,12492.72,31370.04,2259.11,16763.81,38179.26,2937.13,,,,,16201.6,14538.69,,,,,1708.87,1508.11,40950.03,19273.64,,,60974.7997,15465.7963,53900.06,12998.74,802.27,942.3,137028,136326.03,34621.37,93562.78,22539.41,28766.84,19766.6,956.4,3527.84,547.0,3568.94,983.41,3892.93,104688.18,27647.7,1332.46,2794.02,tl_2025_18_sldu.zip,https://dev.planscore.org/plan.html?20260308T223410.297564423Z
IN,43,"SLDUST=""043""",14621.0,47769.0,0.0,15558.0,45951.0,989.0,14369.0,40894.0,2940.0,,,,,,,14589.0,29882.0,1799.0,17996.0,37039.0,2159.0,,,,,17203.79,15405.65,,,,,1378.0,1349.46,37860.02,18931.46,,,58487.5259,18751.1533,52182.17,13372.52,648.83,840.14,133673,132415.8,36161.68,91905.17,24072.19,28737.47,20722.79,1114.2,3324.96,364.0,2944.75,965.96,3337.27,104171.36,28490.87,1436.62,2687.53,tl_2025_18_sldu.zip,https://dev.planscore.org/plan.html?20260308T223410.297564423Z
IN,44,"SLDUST=""044""",15925.0,44020.0,0.0,16643.0,44186.0,1246.0,14398.0,39286.0,3040.0,,,,,,,15387.0,29469.0,2294.0,18656.0,34896.0,2675.0,,,,,18661.38,16407.69,,,,,2686.77,1661.99,36605.14,18767.65,,,56142.0081,17106.8895,53241.79,13284.9,1034.73,976.12,133326,131595.22,34785.91,93181.72,23973.12,30713.54,21399.83,932.35,3379.03,736.46,3736.94,1343.88,4244.67,100563.49,27315.64,2388.66,3682.42,tl_2025_18_sldu.zip,https://dev.planscore.org/plan.html?20260308T223410.297564423Z
IN,45,"SLDUST=""045""",26298.0,39214.0,0.0,26604.0,38180.0,1270.0,21536.0,34355.0,3398.0,,,,,,,21284.0,26180.0,2156.0,24356.0,31965.0,2242.0,,,,,20650.8,16302.99,,,,,4392.19,3139.15,31875.03,18226.98,,,57399.0017,16213.6806,50406.05,13134.83,1883.93,1784.31,135873,132130.46,36145.36,91682.89,24772.57,35325.5,23414.85,703.58,3039.69,1253.5,3801.72,8877.74,9671.78,104302.64,29650.63,3240.42,4542.29,tl_2025_18_sldu.zip,https://dev.planscore.org/plan.html?20260308T223410.297564423Z
IN,46,"SLDUST=""046""",30691.0,12428.0,0.0,32274.0,13650.0,983.0,25843.0,13107.0,3346.0,,,,,,,24959.0,8979.0,1511.0,26025.0,12824.0,3058.0,,,,,25664.21,20079.13,,,,,7100.74,4184.91,28762.51,19969.88,,,41056.7884,14129.9396,56287.61,16601.74,1729.02,1628.6,136228,134078.32,46989.98,93357.01,30526.82,25250.22,21495.08,867.09,3873.47,1582.04,4687.98,18826.93,15924.94,98885.31,33400.75,8582.04,8999.58,tl_2025_18_sldu.zip,https://dev.planscore.org/plan.html?20260308T223410.297564423Z
IN,47,"SLDUST=""047""",21529.0,43496.0,0.0,22127.0,42567.0,1244.0,18636.0,38264.0,3382.0,,,,,,,19274.0,29148.0,2065.0,22916.0,35093.0,2131.0,,,,,20055.2,14822.01,,,,,1954.81,1746.85,33506.97,16352.02,,,58743.2314,15898.7669,49235.95,11162.17,1157.07,1177.69,133540,131264.54,31720.64,91328.11,21444.43,32298.5,20072.15,750.42,2577.31,753.5,3056.28,3049.26,4668.22,101792.36,24320.37,1780.58,2808.71,tl_2025_18_sldu.zip,https://dev.planscore.org/plan.html?20260308T223410.297564423Z
IN,48,"SLDUST=""048""",18040.0,48071.0,0.0,19501.0,47727.0,1345.0,17653.14,42988.48,3744.04,,,,,,,19028.16,33380.36,2373.03,25279.29,35231.31,3085.04,,,,,18448.0,15375.0,,,,,2367.0,1368.0,40203.0,17820.0,,,55854.1278,15618.6912,55687.0,12844.0,874.0,881.0,138404,138646.0,34000.0,95992.0,21781.0,28749.0,19119.0,1019.0,3465.0,272.0,3207.0,1685.0,4260.0,104465.0,25606.0,2230.0,3292.0,tl_2025_18_sldu.zip,https://dev.planscore.org/plan.html?20260308T223410.297564423Z
IN,49,"SLDUST=""049""",21619.46,33921.44,0.0,23573.0,34187.0,987.0,20059.0,32048.0,3211.0,,,,,,,19594.0,23333.0,1633.0,23697.0,28267.0,2908.0,,,,,23149.69,17987.47,,,,,1732.3,1506.71,31733.84,17363.84,,,53342.6581,15518.2952,55680.85,13589.65,666.39,792.36,134229,138386.45,37943.73,93657.09,24615.76,33483.42,22874.74,794.12,3264.15,1006.77,3976.35,8279.25,8496.07,103820.53,27699.21,1619.63,3077.99,tl_2025_18_sldu.zip,https://dev.planscore.org/plan.html?20260308T223410.297564423Z
IN,50,"SLDUST=""050""",24941.54,37620.56,0.0,26576.0,38189.0,1106.0,21078.0,35985.0,3545.0,,,,,,,21064.0,26376.0,1526.0,24329.0,32881.0,2815.0,,,,,28754.31,20612.53,,,,,1898.7,1364.29,26443.16,15876.16,,,68213.0053,20424.6972,55381.15,13984.35,802.61,728.64,135027,131249.55,36648.27,92098.91,24788.24,31954.58,23780.26,896.88,3544.85,1528.23,4308.65,6603.75,8253.93,101774.47,29430.79,1740.37,3078.01,tl_2025_18_sldu.zip,https://dev.planscore.org/plan.html?20260308T223410.297564423Z
IA,1,"SLDUST=""001""",9432.0,11908.0,0.0,11383.22,12058.24,496.02,10196.19,11657.25,1581.04,,,,11324.22,11147.21,947.03,,,,8822.16,13086.27,1107.03,,,,,7937.71,7540.59,,,,,6494.92,2494.39,12570.65,8593.42,,,54594.3454,17814.745,23395.24,7199.48,3512.25,1668.84,63991,62526.93,21619.38,38843.36,12756.25,13087.78,10820.1,1101.27,2442.92,1378.83,2639.83,2079.91,3473.18,42832.16,14608.02,6494.74,5468.0,tl_2025_19_sldu.zip,https://dev.planscore.org/plan.html?20260308T223414.788169681Z
IA,2,"SLDUST=""002""",5655.0,28000.0,0.0,6284.33,27330.73,573.4,5012.72,25404.29,1765.84,,,,6154.37,27043.21,624.58,,,,3878.04,27082.87,690.94,,,,,9869.19,6577.8,,,,,1601.84,851.8,12391.01,5392.07,,,72265.0724,14466.2685,23101.87,4659.23,536.58,395.45,63661,61701.85,13866.05,38430.59,7887.6,12720.73,7611.79,239.87,1090.47,277.27,1280.83,528.24,1474.29,44341.19,9586.5,2023.08,2000.67,tl_2025_19_sldu.zip,https://dev.planscore.org/plan.html?20260308T223414.788169681Z
IA,3,"SLDUST=""003""",7645.0,21773.0,0.0,8933.65,21815.08,520.2,7943.23,20935.24,1701.85,,,,9331.7,20561.07,885.07,,,,6543.51,22519.68,958.07,,,,,9010.99,6397.13,,,,,5067.45,1238.08,14052.0,6202.79,,,62733.4268,15301.1369,26416.53,5484.66,1686.31,720.09,63782,61781.93,13083.26,41625.11,8387.01,14650.09,8246.42,327.08,1386.1,866.17,1880.52,512.11,1669.23,44388.55,9772.08,3249.91,2703.84,tl_2025_19_sldu.zip,https://dev.planscore.org/plan.html?20260308T223414.788169681Z
IA,4,"SLDUST=""004""",9054.0,21385.0,0.0,10405.0,21514.0,519.0,9936.0,19929.0,1801.0,,,,10819.0,20198.0,1095.0,,,,8349.0,21699.0,1184.0,,,,,8525.0,6258.0,,,,,1400.0,928.0,15211.0,6745.0,,,56274.6546,12407.2414,27179.0,5778.0,585.0,543.0,63818,62440.0,13808.0,43117.0,9021.0,16603.0,9080.0,331.0,1535.0,273.0,1653.0,1737.0,2724.0,48525.0,10533.0,1433.0,1544.0,tl_2025_19_sldu.zip,https://dev.planscore.org/plan.html?20260308T223414.788169681Z
IA,5,"SLDUST=""005""",10451.0,25374.0,0.0,11852.22,25069.58,549.91,10580.74,23032.28,1930.11,,,,12636.86,23452.55,1100.91,,,,8788.3,25171.49,1284.15,,,,,10747.21,7269.19,,,,,1421.96,909.9,14159.33,6093.75,,,65203.2451,14336.7206,28304.75,5707.72,536.54,450.34,63895,63042.21,12854.52,44576.91,8695.11,16932.58,9092.59,253.76,1438.85,412.49,1687.49,502.05,1715.76,49201.76,10289.01,1259.04,1598.69,tl_2025_19_sldu.zip,https://dev.planscore.org/plan.html?20260308T223414.788169681Z
IA,6,"SLDUST=""006""",8944.0,22810.0,0.0,10007.0,23213.0,489.0,9149.0,21079.0,1698.0,,,,10341.0,21816.0,1039.0,,,,7598.0,22313.0,1143.0,,,,,8458.59,5694.87,,,,,899.2,676.7,15365.18,5879.06,,,59004.2492,12480.8796,26566.48,5067.1,368.05,360.66,63807,62810.74,12582.29,42866.35,8194.83,15022.89,8175.25,352.79,1341.15,402.43,1506.97,652.34,1817.44,46733.89,9659.17,2786.75,2392.96,tl_2025_19_sldu.zip,https://dev.planscore.org/plan.html?20260308T223414.788169681Z
IA,7,"SLDUST=""007""",9517.0,23278.0,0.0,10497.58,22883.37,592.47,8765.13,21787.95,1733.15,,,,10616.85,21850.95,1074.41,,,,7355.99,23336.69,1168.81,,,,,10597.89,7381.3,,,,,1416.82,985.83,14133.01,7117.97,,,64296.251,15310.0473,25786.61,6059.91,602.32,617.28,63700,62192.08,15811.79,42887.02,10322.02,16279.82,9988.1,575.02,1652.66,522.24,1747.34,1258.69,2474.54,46896.34,11697.4,1794.23,2092.8,tl_2025_19_sldu.zip,https://dev.planscore.org/plan.html?20260308T223414.788169681Z
IA,8,"SLDUST=""008""",11252.61,25782.61,0.0,11755.44,25609.03,673.21,9664.79,23055.44,2108.89,,,,11920.96,24318.56,1308.64,,,,7940.45,24187.58,1782.27,,,,,11538.01,6357.92,,,,,906.42,758.99,14528.78,5790.95,,,73239.5956,14789.1513,25144.06,4453.23,498.37,514.28,63575,64391.11,12643.03,44699.31,8043.32,17421.09,8369.19,386.45,1250.28,308.57,1362.79,409.45,1526.97,48440.12,9180.22,1036.26,1268.55,tl_2025_19_sldu.zip,https://dev.planscore.org/plan.html?20260308T223414.788169681Z
IA,9,"SLDUST=""009""",9217.0,23012.0,0.0,9745.95,23335.53,529.34,8866.05,21451.04,1813.84,,,,9738.3,22500.02,1035.14,,,,7201.44,23059.9,1255.8,,,,,9164.02,6458.22,,,,,1368.15,998.82,15896.47,6562.85,,,59963.4703,15270.7772,27445.39,5320.13,457.97,496.42,63507,63728.21,13051.04,45019.68,8910.84,17203.02,9249.78,679.25,1686.6,199.17,1559.83,501.7,1665.11,48874.01,10161.93,880.37,1267.55,tl_2025_19_sldu.zip,https://dev.planscore.org/plan.html?20260308T223414.788169681Z
IA,10,"SLDUST=""010""",11567.39,13740.39,0.0,12461.56,13752.98,615.79,10559.2,13096.56,1900.12,,,,12436.04,12657.44,1265.36,,,,8998.55,13804.42,1951.73,,,,,7665.4,7152.21,,,,,3511.38,2207.32,15154.04,8647.0,,,53719.624,14493.7985,25420.45,6673.67,1559.58,1217.06,63666,63319.15,18302.67,42943.34,11986.85,15926.01,10852.56,412.77,1509.57,379.0,1713.24,1229.22,2383.58,47410.98,14126.61,3480.99,3478.5,tl_2025_19_sldu.zip,https://dev.planscore.org/plan.html?20260308T223414.788169681Z
IA,11,"SLDUST=""011""",14780.0,23291.0,0.0,14818.75,21413.96,810.26,12495.66,17853.07,2460.9,,,,14835.13,20615.89,1189.44,,,,10502.75,20469.22,1343.84,,,,,12205.84,6790.07,,,,,773.53,612.69,13170.89,5718.21,,,81696.7612,17128.584,24009.85,4405.88,510.77,418.91,63559,61684.29,12172.73,41179.49,7730.52,14834.07,8142.7,249.19,841.25,524.23,1270.12,581.18,1375.21,48397.41,9805.7,1117.4,1245.12,tl_2025_19_sldu.zip,https://dev.planscore.org/plan.html?20260308T223414.788169681Z
IA,12,"SLDUST=""012""",9330.0,24386.0,0.0,10266.49,23521.79,548.71,9487.06,19937.55,1959.08,,,,10493.03,22288.05,1115.87,,,,8035.24,21629.51,1315.18,,,,,9037.1,6009.14,,,,,1455.58,854.41,16037.9,6126.22,,,61341.5152,11764.6323,25972.14,4959.7,481.67,489.58,63604,62094.27,12232.46,42396.49,7836.17,14852.93,7962.29,553.43,1348.39,392.23,1423.98,330.12,1288.28,47784.79,9577.62,1507.21,1705.06,tl_2025_19_sldu.zip,https://dev.planscore.org/plan.html?20260308T223414.788169681Z
IA,13,"SLDUST=""013""",8352.0,19974.0,0.0,9674.63,19713.96,493.38,9324.53,17829.73,1470.66,,,,10479.65,17823.57,1033.11,,,,9202.78,17743.11,1139.85,,,,,8377.65,6834.52,,,,,2978.0,1562.2,15321.81,7169.24,,,56705.7929,12476.6155,25725.69,5867.42,1151.0,955.2,63740,63573.31,16008.98,43377.21,10074.59,14658.7,9559.95,421.69,1533.92,581.88,1850.57,947.62,2129.09,46271.28,11941.21,2029.0,2234.76,tl_2025_19_sldu.zip,https://dev.planscore.org/plan.html?20260308T223414.788169681Z
IA,14,"SLDUST=""014""",20626.0,20773.0,0.0,18217.83,17587.9,780.58,9770.83,11658.95,2074.63,,,,17099.94,18297.53,880.89,,,,7241.75,15067.13,879.94,,,,,21726.58,9396.5,,,,,2342.71,993.26,5355.43,3577.02,,,96158.6864,22465.4346,22816.61,4297.73,1580.98,867.95,63822,57523.66,11693.7,37721.15,7365.1,9184.5,5647.96,332.1,778.34,1675.03,2181.01,1378.78,1907.64,47194.35,9597.95,1924.89,2041.1,tl_2025_19_sldu.zip,https://dev.planscore.org/plan.html?20260308T223414.788169681Z
IA,15,"SLDUST=""015""",14143.0,10021.0,0.0,16110.36,10088.67,579.77,13996.33,8918.69,1749.76,,,,16038.13,9379.81,993.85,,,,12090.64,10948.31,1251.87,,,,,7742.84,6598.26,,,,,5359.44,2163.72,13870.26,8088.22,,,53242.1799,16501.91,23583.91,5903.38,1968.99,1088.61,63743,63280.86,18860.28,40765.99,11654.52,14565.11,10047.07,255.46,1062.88,2664.84,3318.43,3527.5,4054.35,43580.05,13644.36,4737.69,3949.16,tl_2025_19_sldu.zip,https://dev.planscore.org/plan.html?20260308T223414.788169681Z
IA,16,"SLDUST=""016""",20887.0,14644.0,0.0,22192.88,14908.81,741.76,18289.62,14580.9,2840.01,,,,21027.2,15662.67,884.63,,,,14804.78,19197.28,1321.59,,,,,23105.68,12190.95,,,,,6741.11,2837.77,7736.66,5301.56,,,87224.0731,19416.8038,28194.43,6562.78,3091.04,1750.37,64223,64898.92,16305.33,45679.67,10881.75,13608.06,9004.21,183.35,964.7,1950.37,2694.09,2379.52,3226.7,46757.44,12427.39,2269.3,2375.53,tl_2025_19_sldu.zip,https://dev.planscore.org/plan.html?20260308T223414.788169681Z
IA,17,"SLDUST=""017""",14630.0,6787.0,0.0,17116.75,6629.47,607.22,16026.95,5771.61,1768.72,,,,16859.6,6113.52,981.26,,,,14114.98,7704.41,1246.0,,,,,8186.75,7215.36,,,,,11360.82,4228.42,12014.82,7668.85,,,47575.19,15166.5991,23290.41,6624.42,3476.03,1874.0,63990,64900.29,21092.93,39782.3,12251.74,13409.72,10208.72,369.93,1439.72,1988.55,3015.96,6748.8,6080.21,42028.84,13280.64,4721.53,4467.71,tl_2025_19_sldu.zip,https://dev.planscore.org/plan.html?20260308T223414.788169681Z
IA,18,"SLDUST=""018""",24380.0,9061.0,0.0,26026.68,9412.25,796.83,22011.15,8760.85,2695.8,,,,25312.89,9659.14,961.8,,,,19009.14,12530.48,1477.38,,,,,20957.07,11985.19,,,,,5728.56,3106.45,9629.97,6542.3,,,65597.1096,15194.6494,30109.06,6928.41,2392.28,1786.8,63978,64199.11,16762.83,45361.68,11519.46,14339.58,9852.35,156.52,1160.64,1910.24,3116.3,4244.66,4928.23,48170.41,13015.29,1906.27,2192.31,tl_2025_19_sldu.zip,https://dev.planscore.org/plan.html?20260308T223414.788169681Z
IA,19,"SLDUST=""019""",11312.0,23914.0,0.0,12014.88,22819.43,657.97,10820.57,19967.86,2453.25,,,,12166.29,21936.71,1107.83,,,,9221.53,22261.94,1449.97,,,,,10622.11,7288.45,,,,,747.64,506.27,16537.32,7438.28,,,70275.5705,17853.4795,24863.33,5332.83,412.03,369.75,63733,63055.84,14402.66,43162.77,9241.68,13645.61,8613.32,302.82,1160.71,358.58,1404.59,812.06,1697.62,48659.58,11267.96,850.76,1169.81,tl_2025_19_sldu.zip,https://dev.planscore.org/plan.html?20260308T223414.788169681Z
IA,20,"SLDUST=""020""",15440.0,16905.0,0.0,15677.31,15594.97,742.19,13004.44,13251.8,2264.45,,,,15564.14,14931.37,1174.4,,,,11018.35,15677.69,1340.01,,,,,10094.47,6942.78,,,,,2495.51,1326.73,15175.13,8175.5,,,67014.3693,18271.0203,23568.28,5322.33,995.58,689.71,64031,63440.59,16902.38,41674.33,10062.41,14058.34,8488.19,192.94,898.56,1660.16,2416.44,2268.04,2585.75,46784.77,12202.2,2818.97,3006.31,tl_2025_19_sldu.zip,https://dev.planscore.org/plan.html?20260308T223414.788169681Z
IA,21,"SLDUST=""021""",19567.0,20445.0,0.0,18440.19,18232.02,868.03,12618.82,14329.4,2628.35,,,,17846.64,18399.3,953.53,,,,10068.01,17963.52,1177.65,,,,,20334.33,10407.63,,,,,1939.86,1099.34,6149.43,3995.87,,,91945.7721,20769.8345,23294.77,5027.84,920.18,625.11,63965,61836.41,14719.35,38955.36,8672.45,12248.7,7864.78,84.09,610.05,943.24,1547.28,622.39,1303.78,46678.44,10437.1,949.01,1189.36,tl_2025_19_sldu.zip,https://dev.planscore.org/plan.html?20260308T223414.788169681Z
IA,22,"SLDUST=""022""",19413.0,16883.0,0.0,20109.95,16903.25,762.54,16452.84,15767.92,2655.49,,,,19242.52,17386.86,838.38,,,,13212.0,20093.27,1234.13,,,,,19692.54,10669.54,,,,,2541.75,1152.5,8007.4,5459.47,,,77241.5579,18916.3562,24314.84,5514.19,1443.04,746.7,63809,61108.24,15150.31,42786.59,10261.12,15265.39,10204.97,164.49,867.4,2072.71,2836.76,2534.35,3204.97,45342.03,11369.67,1311.3,1586.81,tl_2025_19_sldu.zip,https://dev.planscore.org/plan.html?20260308T223414.788169681Z
IA,23,"SLDUST=""023""",17193.0,24074.0,0.0,15711.89,20715.45,825.66,10424.33,16050.65,2277.19,,,,15251.84,20817.25,948.14,,,,8242.86,19040.49,1142.59,,,,,16855.07,8430.79,,,,,909.3,558.21,8885.75,5573.59,,,104027.164,18306.2433,20716.31,4494.35,649.13,476.23,63308,58047.63,12741.81,37732.2,8355.17,11255.88,6321.39,117.57,553.4,524.8,995.04,1181.76,1798.06,45189.76,9552.7,1377.22,1552.0,tl_2025_19_sldu.zip,https://dev.planscore.org/plan.html?20260308T223414.788169681Z
IA,24,"SLDUST=""024""",13330.0,21429.0,0.0,14278.95,20501.34,762.92,12448.89,17461.86,2580.98,,,,14272.07,19679.0,1247.64,,,,10474.52,20051.51,1577.08,,,,,10487.4,5658.83,,,,,2747.49,1159.41,14958.44,5348.01,,,60009.8501,12117.4438,26494.3,4090.37,1080.01,708.36,63865,63394.7,10293.75,43995.46,6750.02,15951.63,6873.32,355.78,859.16,299.6,983.58,716.51,1330.18,49191.47,7958.38,1898.53,1751.66,tl_2025_19_sldu.zip,https://dev.planscore.org/plan.html?20260308T223414.788169681Z
IA,25,"SLDUST=""025""",17935.0,10096.0,0.0,20101.91,9248.34,921.75,18384.47,10120.08,3587.63,,,,19265.87,9790.5,819.47,,,,15345.95,14153.92,1480.82,,,,,17796.47,10823.65,,,,,4950.72,1834.38,3716.12,3486.32,,,58882.6614,24003.1849,24001.44,5956.83,1010.75,609.34,63738,63998.93,15426.44,29033.72,7791.58,7463.57,6421.73,208.28,1027.92,3601.19,4257.94,1811.89,2780.21,51538.08,13251.32,1994.24,2058.1,tl_2025_19_sldu.zip,https://dev.planscore.org/plan.html?20260308T223414.788169681Z
IA,26,"SLDUST=""026""",12957.0,17869.0,0.0,14071.43,17321.69,776.34,12397.85,15582.34,2418.43,,,,14051.36,16640.84,1134.92,,,,10559.72,18116.89,1335.13,,,,,11729.43,7662.53,,,,,4698.0,1777.4,12372.67,6605.66,,,69543.3838,14599.8647,24668.48,5673.86,1461.36,870.63,63918,62505.97,15579.43,41741.98,9638.49,13168.14,8081.14,351.22,1258.15,899.97,2151.54,594.34,1734.72,44394.46,10873.66,4613.78,3887.05,tl_2025_19_sldu.zip,https://dev.planscore.org/plan.html?20260308T223414.788169681Z
IA,27,"SLDUST=""027""",11584.8,21514.84,0.0,12971.94,21301.93,617.54,12038.19,19171.48,2113.73,,,,12898.95,20556.74,1044.72,,,,10058.85,21735.91,1310.06,,,,,10399.48,6793.27,,,,,1815.26,854.09,15665.45,6028.57,,,60450.3601,13816.1989,26380.15,4981.4,692.35,529.5,63643,63204.52,12055.8,43233.86,7964.55,14850.94,7378.4,1108.53,1618.17,451.87,1435.89,398.09,1491.33,48454.59,9466.44,1476.06,1442.87,tl_2025_19_sldu.zip,https://dev.planscore.org/plan.html?20260308T223414.788169681Z
IA,28,"SLDUST=""028""",9841.0,22359.0,0.0,11092.0,22657.0,593.0,10226.0,20695.0,2032.0,,,,11400.0,21449.0,1123.0,,,,8244.0,23127.0,1307.0,,,,,9441.58,6439.11,,,,,2208.0,1171.0,15670.73,6593.3,,,61230.1133,13378.9722,27314.95,5300.27,803.0,638.0,64060,63336.89,12644.97,44576.17,8365.59,16305.72,8626.14,290.9,1345.17,349.03,1593.26,445.03,1575.72,46239.84,9517.59,1779.68,1974.53,tl_2025_19_sldu.zip,https://dev.planscore.org/plan.html?20260308T223414.788169681Z
IA,29,"SLDUST=""029""",11918.0,22572.0,0.0,13242.33,21901.85,617.81,12417.43,19402.31,2243.39,,,,13569.97,20871.48,1041.74,,,,10365.45,22219.99,1196.69,,,,,10456.57,6033.7,,,,,1191.85,745.9,15942.5,6124.39,,,62682.0272,11170.1099,26588.47,4541.61,705.2,543.95,64103,64131.28,11451.19,43748.62,7419.38,13571.32,6956.89,264.73,1196.44,504.13,1545.06,620.38,1579.82,48906.27,9294.44,840.57,1071.45,tl_2025_19_sldu.zip,https://dev.planscore.org/plan.html?20260308T223414.788169681Z
IA,30,"SLDUST=""030""",13904.0,20067.0,0.0,15134.67,19831.15,620.19,13820.57,18107.69,2193.61,,,,16256.03,17931.52,1049.26,,,,11409.55,20791.01,1490.31,,,,,10117.43,7434.3,,,,,1052.15,773.1,15690.5,7596.61,,,62641.2607,16396.6205,28373.53,6071.39,589.8,488.05,63993,63773.72,14763.81,45265.38,9702.62,15367.68,9330.11,230.27,1321.56,366.87,1520.94,831.62,1939.18,49318.73,11673.56,1574.43,1919.55,tl_2025_19_sldu.zip,https://dev.planscore.org/plan.html?20260308T223414.788169681Z
IA,31,"SLDUST=""031""",13992.0,10884.0,0.0,16974.32,10803.34,561.01,15777.31,10059.3,1869.05,,,,16774.34,10434.32,868.02,,,,13798.26,12396.37,1105.02,,,,,9259.29,6571.21,,,,,6170.13,3217.41,15019.7,7543.32,,,42369.0618,12153.8591,27623.57,5895.42,2515.63,1626.63,64306,64815.41,16119.07,43428.28,9845.63,16748.32,10497.18,291.72,1177.43,1156.82,2290.97,7102.78,5317.21,46035.76,11394.66,2028.11,2245.16,tl_2025_19_sldu.zip,https://dev.planscore.org/plan.html?20260308T223414.788169681Z
IA,32,"SLDUST=""032""",12798.0,22056.0,0.0,13848.07,21515.1,554.57,13067.87,18571.7,2119.16,,,,14173.67,20361.7,1055.16,,,,11156.64,20856.15,1332.7,,,,,9436.69,5883.5,,,,,1674.34,847.72,17217.63,6355.08,,,61287.1931,12469.3223,26793.47,4802.18,713.12,603.38,63793,63740.39,12109.48,43999.44,8002.99,12838.99,7070.72,328.78,1356.94,234.75,1312.38,337.0,1406.57,48636.79,9295.65,775.59,961.88,tl_2025_19_sldu.zip,https://dev.planscore.org/plan.html?20260308T223414.788169681Z
IA,33,"SLDUST=""033""",13010.0,23450.0,0.0,13818.69,22541.19,576.93,12305.62,19007.28,2008.16,,,,14099.8,21277.73,1049.45,,,,10136.2,21366.12,1185.25,,,,,11103.78,7014.09,,,,,666.44,553.98,15731.55,6461.56,,,68740.176,14521.09,24251.54,4878.58,359.11,343.16,63743,62747.58,13626.37,42979.01,8592.17,14095.07,8286.44,223.85,1224.71,310.79,1360.04,686.36,1624.35,48006.85,10654.38,808.0,1200.2,tl_2025_19_sldu.zip,https://dev.planscore.org/plan.html?20260308T223414.788169681Z
IA,34,"SLDUST=""034""",11366.0,22194.0,0.0,12567.41,21285.21,631.43,11930.99,18418.15,2218.51,,,,12853.85,20323.18,1044.23,,,,9854.15,21115.82,1382.65,,,,,8400.73,6035.3,,,,,574.61,496.04,17365.41,6742.08,,,65713.1223,11500.0053,25322.18,4912.96,229.8,273.03,63469,63768.39,13551.51,43543.72,8445.79,14192.29,8218.21,496.02,1507.26,285.2,1501.22,270.14,1395.29,48258.96,10185.57,750.5,1176.69,tl_2025_19_sldu.zip,https://dev.planscore.org/plan.html?20260308T223414.788169681Z
IA,35,"SLDUST=""035""",12952.0,20045.0,0.0,14661.24,19252.59,700.88,13502.19,16444.09,2334.06,,,,14824.51,18096.22,1249.41,,,,11885.55,18533.09,1421.83,,,,,9217.56,7428.29,,,,,908.52,869.84,16726.15,8436.5,,,60728.8381,15463.1,26551.46,6392.24,463.93,497.55,63807,64545.1,16716.3,45040.5,10864.98,15770.27,10271.12,325.06,1405.43,371.75,1651.56,1226.46,2293.51,48072.13,12569.21,1043.66,1581.71,tl_2025_19_sldu.zip,https://dev.planscore.org/plan.html?20260308T223414.788169681Z
IA,36,"SLDUST=""036""",16008.0,15068.0,0.0,17678.4,14693.73,742.11,15963.3,13049.29,2309.11,,,,17374.89,14073.39,1109.04,,,,13709.87,15529.17,1263.05,,,,,13770.66,9174.14,,,,,2003.03,1439.75,13670.87,7018.67,,,59529.2756,15488.0901,26009.8,5908.97,738.21,693.65,64299,63178.29,15910.31,42742.98,10651.73,13540.27,8951.49,301.86,1420.23,532.42,1626.3,2272.64,3144.02,49482.08,12393.08,899.95,1241.33,tl_2025_19_sldu.zip,https://dev.planscore.org/plan.html?20260308T223414.788169681Z
IA,37,"SLDUST=""037""",19444.0,15434.0,0.0,20170.03,15292.31,920.97,15960.34,13921.73,2857.8,,,,19464.12,15594.09,1104.84,,,,12477.47,18471.06,1404.91,,,,,16101.1,10029.22,,,,,1106.22,839.18,9681.59,6078.41,,,65803.3192,19833.6954,24671.48,5965.28,367.34,356.9,63393,60339.33,17361.35,41838.09,11068.43,14961.98,10584.11,249.1,1012.95,1044.21,1892.57,1909.96,2936.11,46838.28,12735.61,885.44,1304.89,tl_2025_19_sldu.zip,https://dev.planscore.org/plan.html?20260308T223414.788169681Z
IA,38,"SLDUST=""038""",16444.2,18268.16,0.0,17647.36,17531.11,725.97,15503.63,16506.18,2693.04,,,,17174.1,17557.21,890.31,,,,12659.89,20354.37,1245.85,,,,,14234.12,8473.52,,,,,1475.54,892.02,9245.07,4746.13,,,69722.5344,17351.3659,24390.57,5138.3,622.29,573.89,63383,63264.75,14511.22,37636.0,8325.01,12418.44,7760.04,161.64,1025.06,887.98,1751.72,994.75,1872.64,49720.81,11597.29,991.57,1283.25,tl_2025_19_sldu.zip,https://dev.planscore.org/plan.html?20260308T223414.788169681Z
IA,39,"SLDUST=""039""",17398.6,10905.73,0.0,19467.89,10566.57,792.75,16671.43,9744.0,2496.65,,,,19090.53,10231.63,1165.08,,,,14005.16,12968.14,1521.45,,,,,11548.73,8761.77,,,,,1440.24,1072.01,11519.55,7426.42,,,54414.4596,10948.3437,25054.8,6727.76,630.12,661.02,63936,61122.72,18063.61,40280.55,11728.2,14495.09,10781.61,294.44,1219.43,674.34,1646.2,4253.91,4312.5,48096.79,14283.47,2041.92,2359.22,tl_2025_19_sldu.zip,https://dev.planscore.org/plan.html?20260308T223414.788169681Z
IA,40,"SLDUST=""040""",18894.0,14543.0,0.0,20174.45,14629.03,934.49,17172.82,13816.53,2759.88,,,,19623.89,14715.07,1121.69,,,,13821.15,17971.69,1533.23,,,,,15364.74,8689.81,,,,,2689.57,1965.9,11331.8,6853.17,,,63363.3349,16177.1104,26982.78,5883.45,1066.88,982.49,64145,64799.16,16359.53,43977.73,10135.71,15852.61,9579.47,180.27,952.99,1484.45,2491.37,3376.79,4284.57,48632.71,12893.79,1643.56,2047.46,tl_2025_19_sldu.zip,https://dev.planscore.org/plan.html?20260308T223414.788169681Z
IA,41,"SLDUST=""041""",14274.0,17974.0,0.0,15802.81,17185.77,659.77,13769.88,15170.17,2221.18,,,,15639.76,16548.99,1023.1,,,,11608.6,17676.7,1348.89,,,,,10508.6,7083.34,,,,,2375.2,1444.5,15370.95,7277.13,,,69447.2031,14453.1801,25087.39,5489.39,1259.75,904.0,63802,63280.95,15449.15,43844.94,9917.77,15561.84,9657.67,251.94,1166.7,578.21,1583.22,2781.9,3041.28,48079.81,11098.52,2908.92,2475.33,tl_2025_19_sldu.zip,https://dev.planscore.org/plan.html?20260308T223414.788169681Z
IA,42,"SLDUST=""042""",15224.4,22446.27,0.0,16063.45,21583.9,856.52,13663.8,18661.68,2566.29,,,,15990.36,21072.53,1141.89,,,,11022.16,22165.49,1290.86,,,,,12471.13,6824.84,,,,,639.71,551.33,14246.26,5535.19,,,75342.6091,14219.4903,24509.31,4486.57,365.41,349.01,63363,63958.51,12061.44,43597.82,7967.66,14207.94,7259.31,245.93,931.67,429.22,1175.95,374.57,1114.15,47824.12,9399.47,542.31,773.41,tl_2025_19_sldu.zip,https://dev.planscore.org/plan.html?20260308T223414.788169681Z
IA,43,"SLDUST=""043""",25115.0,11008.0,0.0,24994.7,10086.93,731.83,19887.98,8842.57,2367.79,,,,23947.76,10642.91,749.92,,,,16630.69,12551.47,1233.76,,,,,23460.4,13619.8,,,,,1547.0,562.7,4749.55,4049.98,,,91820.071,25958.6636,24121.21,5781.91,421.94,250.33,64185,62014.67,15677.99,39179.94,9791.71,11027.34,8269.24,265.06,915.31,2460.26,2810.01,2699.12,2923.94,45689.88,10855.96,1830.79,1799.99,tl_2025_19_sldu.zip,https://dev.planscore.org/plan.html?20260308T223414.788169681Z
IA,44,"SLDUST=""044""",9729.0,20669.0,0.0,11032.67,21061.97,633.0,9866.34,18614.42,2039.91,,,,11686.15,19389.59,1087.62,,,,8731.97,19986.06,1241.86,,,,,11436.13,8044.44,,,,,2241.72,1226.21,16013.48,7236.55,,,51696.2436,13902.2341,25993.94,5591.71,779.68,568.11,63655,65372.7,15594.77,45443.66,10182.15,14403.78,8638.13,376.08,1330.0,415.84,1610.08,1350.34,2087.21,48223.11,10994.56,1360.54,1742.15,tl_2025_19_sldu.zip,https://dev.planscore.org/plan.html?20260308T223414.788169681Z
IA,45,"SLDUST=""045""",26077.0,7856.0,0.0,26640.08,6375.42,705.14,24551.1,6801.65,2547.31,,,,25813.81,6739.37,667.27,,,,21420.65,9800.32,1494.72,,,,,20043.55,10782.95,,,,,4684.36,1745.37,5161.15,3820.5,,,58210.7976,16102.4262,27304.81,6083.26,1273.33,743.5,63987,65530.67,15574.2,34385.08,8367.69,10035.49,7831.88,280.87,1071.48,2797.22,3302.54,3201.17,3406.01,52228.28,13128.23,3372.81,2944.66,tl_2025_19_sldu.zip,https://dev.planscore.org/plan.html?20260308T223414.788169681Z
IA,46,"SLDUST=""046""",15351.0,20410.0,0.0,15650.22,19442.66,731.03,12787.93,16777.78,2208.9,,,,15361.43,18957.72,1041.81,,,,10152.66,19875.21,1274.52,,,,,10759.05,6559.25,,,,,1049.64,527.93,14333.3,6369.52,,,65971.9723,15494.8171,24525.98,4848.83,541.73,409.18,63909,61528.66,12761.81,42022.98,8388.6,14467.17,8247.87,304.06,1071.2,506.52,1332.45,856.71,1789.05,47356.84,9888.8,1526.4,1480.35,tl_2025_19_sldu.zip,https://dev.planscore.org/plan.html?20260308T223414.788169681Z
IA,47,"SLDUST=""047""",17170.0,20209.0,0.0,18153.21,19122.09,758.01,14420.36,16986.47,2563.47,,,,17325.16,19374.51,970.39,,,,11801.5,20322.49,1310.13,,,,,18900.07,10144.68,,,,,2683.02,1484.28,8405.54,5191.6,,,76756.1838,20548.8535,23227.55,4810.52,1078.97,764.13,63863,60338.68,14485.84,40601.45,8903.25,13046.16,8402.32,181.89,855.74,1765.58,2203.2,1418.49,2060.22,46170.52,10809.06,1743.8,1896.86,tl_2025_19_sldu.zip,https://dev.planscore.org/plan.html?20260308T223414.788169681Z
IA,48,"SLDUST=""048""",10981.0,19736.0,0.0,12516.22,19129.23,713.59,11327.2,16932.51,2158.46,,,,12788.7,17884.02,1256.19,,,,9640.34,18863.76,1354.72,,,,,9331.41,6954.31,,,,,3292.91,1474.85,15249.29,7299.48,,,61928.8513,15334.0939,25237.76,5435.56,1311.19,913.38,63720,64323.06,15403.37,43754.79,9731.05,15117.69,9581.11,551.78,1614.29,360.83,1548.94,819.11,2059.94,46383.64,11394.04,3910.41,3098.29,tl_2025_19_sldu.zip,https://dev.planscore.org/plan.html?20260308T223414.788169681Z
IA,49,"SLDUST=""049""",14605.0,12233.0,0.0,16811.26,11596.97,723.67,15512.74,10549.85,2318.96,,,,16597.59,11039.91,1163.53,,,,13678.78,12659.81,1470.97,,,,,10461.95,7706.23,,,,,2735.57,1828.41,14574.61,8399.38,,,51010.8378,15275.4646,25544.54,6353.66,1328.19,1075.21,63449,64749.06,17874.97,44051.71,11812.05,16377.72,11113.03,453.17,1439.05,973.19,2138.96,5317.43,5204.54,49065.15,13702.04,3590.69,3435.42,tl_2025_19_sldu.zip,https://dev.planscore.org/plan.html?20260308T223414.788169681Z
IA,50,"SLDUST=""050""",12187.0,17502.0,0.0,13790.71,17090.13,801.54,12896.57,15459.84,2219.37,,,,15004.0,14907.15,1314.05,,,,12570.02,15760.24,1609.74,,,,,8424.86,7897.52,,,,,963.8,784.52,16386.88,8880.26,,,54756.1323,16199.0007,27695.53,7391.32,475.24,497.3,63935,64669.26,18641.52,45336.2,12450.68,17572.92,12362.6,424.97,1887.01,347.72,1926.68,2351.02,3819.73,49230.94,14501.5,1495.81,2121.95,tl_2025_19_sldu.zip,https://dev.planscore.org/plan.html?20260308T223414.788169681Z
KY,1,"SLDUST=""001""",12470.4,40034.56,0.0,14223.0,39915.99,796.0,12529.0,37251.0,2139.0,,,,15548.0,37115.0,2213.0,,,,17808.0,33633.0,0.0,,,,,17118.0,15268.0,,,,,1616.0,1265.0,30086.0,16568.0,,,50461.3853,16795.2625,46938.0,12238.0,712.0,709.0,116519,118355.0,31598.0,80271.0,20851.0,27887.0,18843.0,724.0,2949.0,593.0,3315.0,5737.0,6633.0,91595.0,23893.0,2249.0,3126.0,tl_2025_21_sldu.zip,https://dev.planscore.org/plan.html?20260308T223414.532126459Z
KY,2,"SLDUST=""002""",15881.87,44559.51,0.0,17493.0,44642.0,858.0,14941.0,41921.0,2465.0,,,,18746.0,42132.0,2156.0,,,,21233.0,37935.0,0.0,,,,,18845.0,15944.0,,,,,1277.0,1233.0,29279.0,16601.0,,,50863.1919,16243.6488,49686.0,12656.0,875.0,1041.0,120976,118534.0,33120.0,84420.0,22120.0,32731.0,21638.0,800.0,2846.0,526.0,3040.0,6090.0,6519.0,94105.0,25700.0,1763.0,2763.0,tl_2025_21_sldu.zip,https://dev.planscore.org/plan.html?20260308T223414.532126459Z
KY,3,"SLDUST=""003""",11359.73,29684.93,0.0,13273.99,30483.0,765.0,11720.0,28008.0,1384.0,,,,14980.0,27197.0,2197.0,,,,15201.0,25315.0,0.0,,,,,11953.0,12457.0,,,,,2074.0,1707.0,24892.0,13699.0,,,48606.4275,14195.827,42851.0,11934.0,1275.0,1268.0,116325,114964.0,32001.0,71260.0,19481.0,28807.0,19464.0,706.0,2797.0,1161.0,3587.0,12334.0,9896.0,84930.0,24601.0,3685.0,3687.0,tl_2025_21_sldu.zip,https://dev.planscore.org/plan.html?20260308T223414.532126459Z
KY,4,"SLDUST=""004""",14131.0,37050.0,0.0,16019.0,37958.01,787.0,13588.0,36534.0,1940.0,,,,17725.0,34137.01,2818.0,,,,19637.0,31836.0,0.0,,,,,12843.0,12879.0,,,,,1631.0,1205.0,33060.0,16534.0,,,49894.6865,16544.41,47558.0,11474.0,606.0,664.0,116901,118197.0,30664.0,81608.0,20361.0,28670.0,19171.0,840.0,3049.0,325.0,2912.0,6494.0,6884.0,88645.0,23721.0,1405.0,2463.0,tl_2025_21_sldu.zip,https://dev.planscore.org/plan.html?20260308T223414.532126459Z
KY,5,"SLDUST=""005""",10616.72,41812.39,0.0,11865.0,40881.0,794.0,9972.0,35733.0,1841.0,,,,13626.0,36668.0,3133.0,,,,16558.0,30350.0,0.0,,,,,10945.0,11313.0,,,,,856.0,892.0,31601.0,15578.0,,,44678.1843,14925.2274,42223.0,10415.0,371.0,523.0,112998,111812.0,29241.0,76888.0,19304.0,26556.0,18088.0,819.0,2636.0,250.0,2551.0,1986.0,3789.0,86195.0,22755.0,1649.0,2595.0,tl_2025_21_sldu.zip,https://dev.planscore.org/plan.html?20260308T223414.532126459Z
KY,6,"SLDUST=""006""",27990.29,35709.63,0.0,29138.25,35621.0,1310.93,22177.89,32687.55,3539.11,,,,29397.43,34732.33,2128.35,,,,24635.94,33882.23,0.0,,,,,34094.31,16389.25,,,,,5713.5,2542.29,15473.88,8239.89,,,86464.2199,25022.3328,40358.4,7704.84,3104.94,1781.5,115027,114678.43,24110.53,77719.26,15073.15,27763.89,14925.52,556.45,1995.24,2363.06,3586.08,6175.53,5745.89,85369.05,18566.17,2601.61,3001.78,tl_2025_21_sldu.zip,https://dev.planscore.org/plan.html?20260308T223414.532126459Z
KY,7,"SLDUST=""007""",19486.57,40290.98,0.0,20337.99,38594.25,1092.39,15909.03,34022.73,2705.81,,,,21407.73,36105.31,2587.54,,,,21215.18,31202.74,0.0,,,,,20383.35,14862.52,,,,,2847.41,1670.86,24465.94,13422.57,,,69912.2346,15551.1947,41003.23,10181.63,1118.61,923.95,113701,110663.53,29606.5,76546.12,19609.38,27281.64,17919.11,1230.58,2958.27,854.29,3064.97,6062.73,6623.3,84919.81,22755.95,2946.63,3532.86,tl_2025_21_sldu.zip,https://dev.planscore.org/plan.html?20260308T223414.532126459Z
KY,8,"SLDUST=""008""",17835.0,37658.0,0.0,19711.0,37803.0,1100.0,16395.0,35076.0,3169.0,,,,21204.0,34027.0,3411.0,,,,22291.0,31855.0,0.0,,,,,18340.0,13759.0,,,,,2988.0,2290.0,27777.0,14207.0,,,58096.4649,14872.3988,47340.0,10943.0,1032.0,971.0,121559,118951.0,30237.0,80305.0,19482.0,28765.0,17827.0,1115.0,3042.0,797.0,2886.0,3680.0,4995.0,89470.0,23646.0,1300.0,2410.0,tl_2025_21_sldu.zip,https://dev.planscore.org/plan.html?20260308T223414.532126459Z
KY,9,"SLDUST=""009""",12504.53,38017.81,0.0,15356.71,39397.61,817.76,12233.38,32760.85,1800.98,,,,16593.14,36189.46,2735.19,,,,18201.71,28042.56,0.0,,,,,12065.64,12491.04,,,,,5146.38,2408.06,32042.76,17390.78,,,42324.5008,15221.7833,47904.11,12475.23,1562.61,1072.61,123871,122361.96,33984.03,80270.97,21252.33,25130.83,18014.09,766.24,2841.33,969.88,3637.59,6086.45,7082.91,91842.27,25308.59,2398.7,3378.53,tl_2025_21_sldu.zip,https://dev.planscore.org/plan.html?20260308T223414.532126459Z
KY,10,"SLDUST=""010""",16827.5,31278.06,0.0,18376.0,30439.0,1030.0,14224.0,27519.0,2276.0,,,,19532.0,27971.0,2352.0,,,,18459.0,25352.0,0.0,,,,,16216.38,13412.13,,,,,3210.63,1760.03,22350.87,12934.27,,,61285.8606,17609.4252,43003.95,11597.25,1942.24,1123.04,113278,111605.08,32475.08,74356.05,20557.12,33665.05,22315.89,763.07,2618.59,2025.0,3801.98,10454.0,9729.98,83677.07,25041.47,3851.07,4059.6,tl_2025_21_sldu.zip,https://dev.planscore.org/plan.html?20260308T223414.532126459Z
KY,11,"SLDUST=""011""",18029.45,37646.61,0.0,17565.07,37661.42,1046.29,13036.77,32643.1,3007.39,,,,18866.84,35068.8,2334.61,,,,13153.19,35306.84,0.0,,,,,24694.91,16192.26,,,,,2357.51,1430.6,21229.52,13360.51,,,80064.7159,22467.8161,40490.14,10524.6,841.18,626.54,113510,111032.12,30748.25,74209.93,19525.91,29684.53,19144.07,431.19,1734.28,1528.57,3010.89,3329.55,4989.82,83775.0,22900.98,2835.96,3298.55,tl_2025_21_sldu.zip,https://dev.planscore.org/plan.html?20260308T223414.532126459Z
KY,12,"SLDUST=""012""",26433.51,38122.32,0.0,27940.23,37931.36,1312.02,21262.29,35851.71,3630.3,,,,28145.29,36827.91,2322.72,,,,28906.41,31851.1,0.0,,,,,31262.41,17646.67,,,,,6351.58,3050.58,22458.8,12289.93,,,62415.8176,18348.1969,47042.43,10185.04,2199.31,1304.49,122398,121214.31,28245.54,83284.21,18052.04,26318.06,16570.48,461.46,2247.39,1932.45,3600.84,5399.83,5904.77,91444.27,21427.47,2498.06,3231.44,tl_2025_21_sldu.zip,https://dev.planscore.org/plan.html?20260308T223414.532126459Z
KY,13,"SLDUST=""013""",30484.76,15056.16,0.0,33975.85,15742.34,1075.57,27517.84,15714.23,3360.25,,,,33771.74,15915.69,1265.68,,,,31341.06,15275.06,0.0,,,,,33597.41,21002.5,,,,,13503.1,6007.81,14450.62,9947.93,,,46423.6703,15198.7976,52927.7,12865.65,2658.57,1971.4,123626,125834.0,34807.63,75443.57,20688.44,26189.28,18976.5,501.65,2562.1,2084.86,4262.13,14255.6,11643.27,92999.94,26233.15,4046.0,4510.07,tl_2025_21_sldu.zip,https://dev.planscore.org/plan.html?20260308T223414.532126459Z
KY,14,"SLDUST=""014""",14365.0,41945.0,0.0,15588.0,40720.0,818.0,13732.0,34561.0,2099.0,,,,17430.0,36763.0,2794.0,,,,20283.0,29557.0,0.0,,,,,13976.0,11675.0,,,,,934.0,1016.0,29008.0,13819.0,,,55999.4669,17173.9209,42804.0,9534.0,337.0,511.0,112703,110430.0,26548.0,75991.0,17368.0,26743.0,16530.0,993.0,2443.0,186.0,2086.0,4076.0,4556.0,86185.0,20389.0,1185.0,1948.0,tl_2025_21_sldu.zip,https://dev.planscore.org/plan.html?20260308T223414.532126459Z
KY,15,"SLDUST=""015""",9027.0,48074.0,0.0,9808.0,47440.0,727.0,7738.0,42446.0,1541.0,,,,10989.0,43923.01,2865.0,,,,13553.0,36808.0,0.0,,,,,13191.0,13910.0,,,,,1263.0,1163.0,30987.0,17730.0,,,37995.0107,15716.1238,47657.0,12551.0,439.0,532.0,117721,119917.0,33766.0,84972.0,23308.0,29036.0,20675.0,923.0,2774.0,401.0,2987.0,1318.0,3644.0,91265.0,26072.0,1576.0,2634.0,tl_2025_21_sldu.zip,https://dev.planscore.org/plan.html?20260308T223414.532126459Z
KY,16,"SLDUST=""016""",12958.19,44073.47,0.0,13314.37,40866.55,800.16,11467.2,37654.77,1933.88,,,,14617.9,37713.51,2454.66,,,,15711.91,34342.61,0.0,,,,,18490.52,15778.89,,,,,2838.24,2014.79,28625.72,15575.95,,,46681.2436,16102.3823,46093.24,12145.74,1125.76,1171.89,121444,119003.52,33500.07,80161.93,22018.29,24456.0,17910.33,881.51,2876.73,428.43,2808.49,4503.36,5461.08,91382.19,25707.56,1503.73,2834.2,tl_2025_21_sldu.zip,https://dev.planscore.org/plan.html?20260308T223414.532126459Z
KY,17,"SLDUST=""017""",19956.32,41809.7,0.0,21320.01,36525.34,1209.23,15176.15,33658.76,2989.08,,,,22733.5,33773.83,2559.61,,,,19329.12,32357.96,0.0,,,,,21955.67,15302.07,,,,,2696.53,1623.59,26227.74,13879.98,,,72542.8147,20255.7446,43998.68,10725.31,834.98,681.12,124388,121249.68,30119.59,80353.63,19063.8,30680.03,19045.85,603.01,2204.98,1138.72,3154.9,4950.42,5290.92,93294.34,22287.12,2463.98,2945.77,tl_2025_21_sldu.zip,https://dev.planscore.org/plan.html?20260308T223414.532126459Z
KY,18,"SLDUST=""018""",13441.19,41293.78,0.0,15421.0,41120.0,844.0,13228.0,37087.0,1984.0,,,,17832.0,36756.0,2708.0,,,,22526.0,28885.0,0.0,,,,,14352.0,13664.0,,,,,892.0,1041.0,32104.0,16675.0,,,45345.5574,15670.7553,47377.0,11999.0,380.0,522.0,123930,123041.0,34133.0,86974.0,22957.0,31551.0,21110.0,656.0,2881.0,402.0,2956.0,1824.0,3607.0,95765.0,26458.0,825.0,2002.0,tl_2025_21_sldu.zip,https://dev.planscore.org/plan.html?20260308T223414.532126459Z
KY,19,"SLDUST=""019""",37756.21,19686.55,0.0,41368.0,21342.0,1239.0,34298.0,21244.0,3527.0,,,,41587.0,20886.0,1669.0,,,,36846.0,22149.0,0.0,,,,,33673.81,21241.41,,,,,7414.25,3664.07,17652.5,12192.25,,,68121.8528,19304.6245,48204.72,12380.08,4134.92,2240.0,113823,112320.37,33452.86,80889.92,22399.73,32565.14,21936.7,360.66,2562.39,1653.31,3935.25,9919.57,9726.23,84780.35,25548.78,2913.55,3678.18,tl_2025_21_sldu.zip,https://dev.planscore.org/plan.html?20260308T223414.532126459Z
KY,20,"SLDUST=""020""",18662.67,35405.37,0.0,20861.24,32993.75,1008.64,16606.84,29775.45,2494.91,,,,22144.15,30366.14,2375.89,,,,21166.2,27506.01,0.0,,,,,19087.43,15465.6,,,,,1911.97,1275.38,25455.79,14995.11,,,53751.6886,17270.5558,43068.62,11463.02,526.14,561.89,114950,112147.71,32599.07,75423.8,21339.38,25812.66,18496.76,641.72,2570.02,629.97,2937.45,5114.44,5843.2,83391.49,23491.73,1669.99,2771.45,tl_2025_21_sldu.zip,https://dev.planscore.org/plan.html?20260308T223414.532126459Z
KY,21,"SLDUST=""021""",7903.47,45180.75,0.0,8781.0,44482.0,705.0,6987.0,39021.0,1504.0,,,,9656.0,41829.0,2455.0,,,,12461.0,34038.0,0.0,,,,,11658.0,11987.0,,,,,775.0,930.0,32522.0,17054.0,,,41651.7669,14365.7714,44999.0,11760.0,366.0,522.0,118866,117887.0,33750.0,81988.0,22320.0,25985.0,18160.0,824.0,2793.0,378.0,2623.0,1001.0,3034.0,91425.0,25195.0,1351.0,2347.0,tl_2025_21_sldu.zip,https://dev.planscore.org/plan.html?20260308T223414.532126459Z
KY,22,"SLDUST=""022""",23201.09,34741.26,0.0,25340.05,34504.49,1328.39,19076.88,31490.06,3764.46,,,,25774.31,33425.94,2130.71,,,,25797.54,28482.83,0.0,,,,,27429.75,17383.95,,,,,6286.23,3574.84,22117.86,13221.71,,,64698.2298,19487.6927,48149.61,10782.33,2504.38,1758.94,124346,124514.79,31830.61,83453.98,20268.13,29881.9,18949.05,621.79,2240.77,1623.98,3336.75,7891.35,8045.34,91451.6,23590.68,2484.44,3163.17,tl_2025_21_sldu.zip,https://dev.planscore.org/plan.html?20260308T223414.532126459Z
KY,23,"SLDUST=""023""",23999.73,32818.75,0.0,24047.02,35863.75,1281.67,19214.17,30516.69,3684.9,,,,25678.92,33308.6,2257.83,,,,19180.94,34115.71,0.0,,,,,29551.45,18807.76,,,,,3412.43,2394.49,22901.79,13491.56,,,60614.3094,17690.9803,49031.55,11266.32,1083.49,1067.88,124381,122947.84,30887.27,84416.76,20349.98,28993.43,18696.34,586.43,2396.29,1209.17,3432.09,4947.21,6175.48,92235.53,24903.45,2069.46,3083.84,tl_2025_21_sldu.zip,https://dev.planscore.org/plan.html?20260308T223414.532126459Z
KY,24,"SLDUST=""024""",21843.91,37795.92,0.0,22311.76,38611.64,1155.48,17327.0,32623.0,3196.0,,,,24028.13,35491.96,2583.59,,,,18137.0,34643.0,0.0,,,,,27416.61,17356.59,,,,,2292.65,1732.63,26077.31,13472.88,,,64070.7643,18571.1495,47710.5,10515.92,1115.91,1131.65,119969,120793.72,29210.5,83384.68,19378.73,25728.51,17323.96,572.93,2533.22,631.87,2784.1,3024.02,4488.93,93785.55,23118.41,1354.8,2415.61,tl_2025_21_sldu.zip,https://dev.planscore.org/plan.html?20260308T223414.532126459Z
KY,25,"SLDUST=""025""",6125.09,43204.13,0.0,7043.0,43044.0,567.0,5982.0,38433.0,1166.0,,,,8174.0,40031.0,2254.0,,,,11311.0,32554.0,0.0,,,,,11601.0,14155.0,,,,,249.0,425.0,32800.0,20549.0,,,33024.1565,15538.3527,45451.0,14116.0,123.0,313.0,121144,122767.0,38819.0,83268.0,25928.0,23337.0,19569.0,880.0,3142.0,218.0,2997.0,2518.0,3575.0,91995.0,29584.0,902.0,1888.0,tl_2025_21_sldu.zip,https://dev.planscore.org/plan.html?20260308T223414.532126459Z
KY,26,"SLDUST=""026""",34468.1,22620.44,0.0,38355.63,24489.47,1293.42,30487.02,23537.24,3882.7,,,,38127.03,24601.19,1656.48,,,,32329.1,25708.39,0.0,,,,,40057.15,21205.17,,,,,7022.94,3487.59,15113.17,10530.45,,,72487.6434,19494.0703,50369.44,11528.88,3385.79,2049.53,113891,112861.3,28938.9,83402.77,20938.64,30000.28,19499.81,442.29,2366.1,2624.59,4303.1,9303.91,8969.04,86211.16,22781.85,2822.75,3507.32,tl_2025_21_sldu.zip,https://dev.planscore.org/plan.html?20260308T223414.532126459Z
KY,27,"SLDUST=""027""",19002.54,36773.45,0.0,20351.64,35921.24,877.75,16419.07,31007.0,2210.72,,,,21734.6,33127.7,2225.8,,,,24013.56,25122.48,0.0,,,,,18326.45,15399.64,,,,,3095.24,1961.33,28676.55,15750.33,,,50065.6012,17292.6875,46946.55,11644.64,1090.62,1003.45,124449,122259.92,32567.9,81815.13,20887.51,26560.62,18249.0,611.1,2834.15,652.33,3111.9,6178.12,6240.05,94557.84,25972.75,2324.48,3245.21,tl_2025_21_sldu.zip,https://dev.planscore.org/plan.html?20260308T223414.532126459Z
KY,28,"SLDUST=""028""",20710.63,35482.77,0.0,22585.98,34729.61,999.32,18061.92,30568.13,2291.44,,,,23617.87,32623.18,2048.74,,,,25243.63,25327.03,0.0,,,,,19184.75,13322.75,,,,,4149.1,2546.35,28699.91,14930.5,,,51635.3307,18525.1294,47589.36,10903.23,1327.59,1124.94,123885,121357.39,30856.95,83863.51,20479.23,29535.68,18730.83,548.09,2161.02,1101.79,2874.6,8576.17,7412.89,90249.5,23671.6,2313.28,3156.45,tl_2025_21_sldu.zip,https://dev.planscore.org/plan.html?20260308T223414.532126459Z
KY,29,"SLDUST=""029""",8317.0,40846.0,0.0,10378.0,41763.0,612.0,9894.0,40536.0,1482.0,,,,12884.0,37492.0,2055.0,,,,18452.0,30623.0,0.0,,,,,10049.0,13262.0,,,,,547.0,765.0,32939.0,20497.0,,,33252.621,13572.3063,51867.0,16031.0,245.0,537.0,122669,125641.0,42023.0,88679.0,28548.0,27936.0,23067.0,861.0,3939.0,200.0,3628.0,1671.0,4610.0,93790.0,33069.0,466.0,2196.0,tl_2025_21_sldu.zip,https://dev.planscore.org/plan.html?20260308T223414.532126459Z
KY,30,"SLDUST=""030""",8581.0,38071.0,0.0,10533.99,38701.0,675.0,9828.0,35320.0,1341.0,,,,12384.0,35415.0,1905.0,,,,17723.0,27284.0,0.0,,,,,10535.0,11987.0,,,,,259.0,476.0,31349.0,17303.0,,,32742.5122,12915.7177,46769.0,12847.0,78.0,349.0,119316,115511.0,33879.0,82143.0,22867.0,25412.0,19204.0,1088.0,3619.0,518.0,3439.0,1165.0,3286.0,91500.0,26536.0,317.0,1637.0,tl_2025_21_sldu.zip,https://dev.planscore.org/plan.html?20260308T223414.532126459Z
KY,31,"SLDUST=""031""",7239.81,38984.22,0.0,8827.0,40109.0,513.0,7675.0,38103.0,1295.0,,,,10770.0,36659.0,1801.99,,,,16866.0,28231.0,0.0,,,,,10659.0,12581.0,,,,,463.0,722.0,33119.0,18870.0,,,35823.9306,15226.1242,46074.0,14043.0,247.0,481.0,116283,115508.0,37519.0,82191.0,25813.0,24493.0,19936.0,557.0,3343.0,568.0,3484.0,1514.0,3509.0,90190.0,28839.0,843.0,2197.0,tl_2025_21_sldu.zip,https://dev.planscore.org/plan.html?20260308T223414.532126459Z
KY,32,"SLDUST=""032""",16694.76,38305.77,0.0,17598.91,34034.84,951.07,13824.42,31226.38,2292.14,,,,18971.95,31088.04,2487.15,,,,15907.38,31150.84,0.0,,,,,19920.84,14891.07,,,,,5015.37,2704.16,26039.52,14406.27,,,51564.8927,14997.903,45479.65,11598.03,1750.64,1328.5,122652,119907.52,32262.9,76714.1,19987.38,25602.17,18236.58,1325.25,2989.94,1836.69,3611.92,6205.19,6582.01,93675.54,25211.86,2484.57,3310.27,tl_2025_21_sldu.zip,https://dev.planscore.org/plan.html?20260308T223414.532126459Z
KY,33,"SLDUST=""033""",28345.08,9662.67,0.0,35900.08,9753.7,742.5,34046.14,9225.66,1217.15,,,,36573.56,8631.99,1206.9,,,,35963.85,8256.21,0.0,,,,,9567.45,11533.57,,,,,2715.66,2820.0,29051.11,17682.57,,,32273.9983,13966.7148,46743.7,14355.85,789.43,935.01,115611,118177.18,41895.21,78167.07,25280.4,34039.2,24615.96,436.14,2865.67,435.82,3201.52,47298.69,24194.31,85278.94,29913.43,1713.24,3063.02,tl_2025_21_sldu.zip,https://dev.planscore.org/plan.html?20260308T223414.532126459Z
KY,34,"SLDUST=""034""",24119.81,37114.83,0.0,24845.14,35174.07,1354.65,18494.08,30865.87,3123.56,,,,25439.64,33908.26,2186.81,,,,24536.37,27929.97,0.0,,,,,30772.16,19870.22,,,,,3407.65,1738.4,18032.11,11833.57,,,59029.5471,17725.1268,47247.87,11834.94,1360.83,867.71,124493,125109.52,33193.68,79185.79,21282.85,26601.31,18685.16,721.64,2793.77,1508.3,3612.35,6868.28,7506.32,97609.94,25293.67,2255.55,3209.44,tl_2025_21_sldu.zip,https://dev.planscore.org/plan.html?20260308T223414.532126459Z
KY,35,"SLDUST=""035""",21698.34,12153.14,0.0,27486.93,12853.53,755.01,25292.28,12373.31,1927.24,,,,28183.49,11691.09,1250.9,,,,27677.4,11723.77,0.0,,,,,15327.41,13962.96,,,,,8425.48,4181.99,23203.98,13777.91,,,41765.4442,12178.3865,44508.41,12314.15,3157.94,2224.03,113122,106281.64,33373.17,69576.73,20637.84,27519.73,19585.19,391.16,2370.31,1406.07,3728.33,20926.61,14929.65,76359.21,24829.86,6027.22,5740.6,tl_2025_21_sldu.zip,https://dev.planscore.org/plan.html?20260308T223414.532126459Z
KY,36,"SLDUST=""036""",32727.59,34046.29,0.0,32632.93,34749.85,1167.18,23589.33,31774.16,3036.96,,,,32159.91,35038.68,1603.01,,,,24881.56,33595.28,0.0,,,,,43627.26,22006.62,,,,,5418.45,2355.81,10442.31,7425.19,,,95374.0367,27210.1732,44943.11,10341.58,3158.14,1705.98,112769,108598.26,27437.14,77416.14,18829.73,26053.31,17483.74,351.75,1862.59,2800.72,4059.52,7297.52,7675.45,85507.73,21901.16,2544.58,3357.89,tl_2025_21_sldu.zip,https://dev.planscore.org/plan.html?20260308T223414.532126459Z
KY,37,"SLDUST=""037""",21882.86,19592.57,0.0,25346.83,20869.48,896.59,22024.55,20720.01,2067.79,,,,26373.37,19073.01,1660.76,,,,26219.45,18313.26,0.0,,,,,12871.7,13067.94,,,,,8077.38,4229.77,27026.26,16636.45,,,45893.7885,17101.7355,44168.58,12346.94,3258.78,2318.41,115016,114489.85,37510.08,76352.07,23254.45,31178.79,21418.22,540.46,2499.56,1866.26,4135.88,17544.83,15417.44,79181.52,27549.96,3063.43,3965.71,tl_2025_21_sldu.zip,https://dev.planscore.org/plan.html?20260308T223414.532126459Z
KY,38,"SLDUST=""038""",16964.26,40887.24,0.0,17152.34,38913.72,1009.98,12871.76,33467.33,2261.24,,,,18849.48,35611.39,2536.06,,,,18479.54,29622.12,0.0,,,,,13692.18,11389.43,,,,,2063.31,1662.6,30856.97,15276.46,,,66186.9122,19664.7311,41475.46,9762.81,870.21,850.55,113326,111006.38,29603.51,77124.87,19000.56,27765.98,17812.84,631.43,2032.27,933.87,2798.39,4111.6,5400.72,87850.15,23261.36,2179.92,2885.04,tl_2025_21_sldu.zip,https://dev.planscore.org/plan.html?20260308T223414.532126459Z
GA,1,"SLDUST=""001""",41020.88,54566.04,558.94,37640.42,49111.08,1298.91,26523.54,40171.28,2217.6,,,,36211.34,48905.99,2010.71,,,,21684.18,41680.75,2487.9,,,,,42462.65,29300.01,,,,,5815.27,3023.94,29146.05,18591.8,,,61226.3388,14683.6546,70554.23,18469.2,3393.02,1994.9,191402,182813.61,50596.23,120110.53,33580.96,49948.33,32098.88,1201.96,3912.77,4361.14,6982.71,37586.3,22460.09,142857.97,39588.75,10184.31,8629.26,tl_2025_13_sldu.zip,https://dev.planscore.org/plan.html?20260308T223356.755167738Z
GA,2,"SLDUST=""002""",57046.4,22604.7,630.73,54997.44,20301.21,1129.95,46160.72,17271.69,2006.55,,,,53567.02,19964.41,1913.55,,,,39146.64,20043.34,2536.41,,,,,34730.66,29283.17,,,,,7516.06,4330.47,31936.63,23151.62,,,48710.4276,16412.4838,68138.71,20824.97,3330.2,2394.44,190377,184785.66,62486.04,120463.82,40526.17,54773.42,39293.71,554.0,4634.29,2822.76,6955.8,71561.39,39785.57,144128.24,48159.76,7933.93,8863.75,tl_2025_13_sldu.zip,https://dev.planscore.org/plan.html?20260308T223356.755167738Z
GA,3,"SLDUST=""003""",30429.72,64070.03,458.49,29685.36,57735.4,1153.8,22842.39,47917.35,1770.75,,,,27969.54,57115.59,2290.75,,,,18930.28,45044.82,2836.48,,,,,30696.34,26597.91,,,,,2091.34,1569.5,43576.28,27755.83,,,49276.268,18651.973,74983.37,22611.68,784.07,739.23,191212,195516.5,62053.26,134344.21,42160.47,53594.71,39477.36,1471.69,5143.09,2042.2,5942.23,32636.01,24708.52,147842.63,47110.11,7209.59,8384.32,tl_2025_13_sldu.zip,https://dev.planscore.org/plan.html?20260308T223356.755167738Z
GA,4,"SLDUST=""004""",28989.64,60647.01,427.29,27002.3,53786.25,1198.97,19438.24,42945.8,1957.64,,,,26279.08,52943.23,1937.4,,,,16165.66,42901.44,2346.42,,,,,28968.05,25242.43,,,,,2092.68,1378.46,36715.05,23146.55,,,53070.0322,18629.6121,66554.86,19759.56,574.78,557.53,191098,183813.58,57263.16,114677.58,36559.89,42078.66,31754.53,1182.05,4266.37,1638.1,4762.91,35495.13,23154.69,144232.46,43900.95,5297.45,6766.47,tl_2025_13_sldu.zip,https://dev.planscore.org/plan.html?20260308T223356.755167738Z
GA,5,"SLDUST=""005""",33532.18,16624.39,638.45,38681.21,13938.0,630.37,30271.93,10149.94,1374.0,,,,37720.03,13432.81,1544.04,,,,26147.85,10936.39,1896.56,,,,,26343.78,24709.27,,,,,14914.22,3298.68,32390.81,24696.29,,,53237.5503,18222.0987,60921.06,19411.95,5046.13,1651.89,191921,189335.88,71404.23,115416.6,41884.72,37137.2,30759.7,404.9,3437.38,11972.13,12925.54,35774.66,25266.62,96634.83,39325.0,22846.85,18020.53,tl_2025_13_sldu.zip,https://dev.planscore.org/plan.html?20260308T223356.755167738Z
GA,6,"SLDUST=""006""",32408.04,76674.29,705.02,28482.93,68371.18,1335.15,20330.85,56019.92,2704.04,,,,26974.46,67984.92,2376.87,,,,17354.07,54833.65,3586.06,,,,,37897.26,26522.87,,,,,3491.71,2125.42,38077.53,21597.16,,,69166.8806,20985.2765,69463.46,16778.13,1819.3,1254.68,191052,191219.21,51478.8,127635.81,33000.87,45978.1,28741.73,1146.29,3423.89,2394.15,5074.81,25877.94,18301.15,144867.28,38750.5,6855.4,7461.98,tl_2025_13_sldu.zip,https://dev.planscore.org/plan.html?20260308T223356.755167738Z
GA,7,"SLDUST=""007""",48749.94,36456.59,1211.53,49869.67,35256.85,1311.08,33620.74,30880.15,3003.92,,,,47770.02,35766.06,2269.25,,,,27809.29,33583.06,3384.98,,,,,56744.35,34843.68,,,,,12878.74,2784.9,20599.6,16464.25,,,81398.8707,24206.0189,63328.03,17318.07,6299.01,1798.34,189709,182325.76,57252.4,119378.27,35415.61,31027.7,23920.78,646.08,3559.84,21916.35,15811.44,28012.27,21611.28,120326.09,37575.42,14561.58,12896.79,tl_2025_13_sldu.zip,https://dev.planscore.org/plan.html?20260308T223356.755167738Z
GA,8,"SLDUST=""008""",25658.13,53003.9,307.51,26720.64,49221.6,794.2,20540.61,40955.65,1339.25,,,,25239.46,48838.42,1581.25,,,,17599.72,38433.18,2136.52,,,,,25085.66,22987.09,,,,,4986.66,3563.5,43064.72,25660.17,,,46234.8818,17079.9275,70137.63,20445.32,1954.93,1837.77,192396,190578.5,58181.74,119282.79,34979.53,37940.29,28839.64,1075.31,4791.91,1884.8,5755.77,42758.99,24893.48,141587.37,42149.89,6584.41,7505.68,tl_2025_13_sldu.zip,https://dev.planscore.org/plan.html?20260308T223356.755167738Z
GA,9,"SLDUST=""009""",53396.89,34917.81,1390.9,52739.53,34595.64,1169.28,36264.64,32451.01,2662.95,,,,50989.62,34674.68,2234.26,,,,30750.56,34295.53,3282.3,,,,,44735.29,33230.5,,,,,6717.85,1797.63,26259.32,19765.78,,,81868.8949,24220.5857,58247.32,18247.76,2472.95,863.72,192903,187737.28,67238.74,119484.16,41349.98,37821.14,30149.86,411.88,3334.06,15201.78,14307.14,43421.47,30088.49,122405.73,43100.72,16303.36,13654.82,tl_2025_13_sldu.zip,https://dev.planscore.org/plan.html?20260308T223356.755167738Z
GA,10,"SLDUST=""010""",86320.39,15037.98,851.87,87184.02,15023.49,1009.32,71778.86,13751.26,2062.05,,,,85238.49,14918.76,2031.29,,,,63866.3,16968.11,2852.23,,,,,48547.12,36362.76,,,,,6126.19,3399.76,36367.06,26412.02,,,65160.4121,22637.834,71975.27,22037.47,3633.23,2337.27,192983,191072.27,67919.99,134867.09,46068.28,49368.59,37656.32,623.75,4024.03,3768.55,7001.23,92397.65,45397.2,142025.55,51113.86,5629.12,6693.61,tl_2025_13_sldu.zip,https://dev.planscore.org/plan.html?20260308T223356.755167738Z
GA,11,"SLDUST=""011""",25899.0,53391.0,242.0,27405.0,50309.0,600.0,23212.0,43421.0,1118.0,,,,25933.0,50040.0,1333.0,,,,19494.0,41148.0,1878.0,,,,,20998.0,22615.0,,,,,4033.0,2627.0,43485.0,27346.0,,,43275.248,17594.219,68373.0,21242.0,863.0,931.0,189976,182326.0,60079.0,123114.0,39127.0,41464.0,32506.0,992.0,5232.0,913.0,5692.0,44573.0,28251.0,137250.0,44425.0,5816.0,7293.0,tl_2025_13_sldu.zip,https://dev.planscore.org/plan.html?20260308T223356.755167738Z
GA,12,"SLDUST=""012""",45065.0,33873.0,250.0,47138.77,33883.32,548.91,43657.08,31550.13,996.78,,,,45380.95,34125.29,1119.85,,,,37495.57,32359.08,1344.77,,,,,23564.0,23279.0,,,,,6527.0,3887.0,43004.0,26934.0,,,35934.9693,13227.9055,74669.0,22031.0,1545.0,1835.0,190819,195612.0,60035.0,130495.0,38579.0,50081.0,35706.0,1208.0,5642.0,1159.0,5869.0,84295.0,38959.0,141440.0,43118.0,2735.0,4691.0,tl_2025_13_sldu.zip,https://dev.planscore.org/plan.html?20260308T223356.755167738Z
GA,13,"SLDUST=""013""",23617.71,58975.11,251.83,23606.19,56043.54,686.97,19740.73,49857.41,1218.51,,,,22496.92,55597.34,1386.11,,,,16594.19,48098.26,1728.78,,,,,19602.34,20842.67,,,,,4287.5,2750.7,46568.54,27802.0,,,47449.8318,16783.0148,69556.94,20017.92,1486.03,1343.36,189326,185306.26,55230.43,123695.76,35721.93,41155.26,30496.95,1720.0,5631.65,1389.0,5640.65,38053.14,24216.33,138210.44,41379.14,5800.11,7254.38,tl_2025_13_sldu.zip,https://dev.planscore.org/plan.html?20260308T223356.755167738Z
GA,14,"SLDUST=""014""",57074.36,39387.02,1200.1,57902.34,38804.11,1449.13,40820.86,34487.46,3908.38,,,,54208.83,41218.58,2194.15,,,,31569.57,41964.65,3862.34,,,,,88099.9,54226.38,,,,,7714.21,2202.47,17192.53,18807.36,,,108543.27,40738.4426,83196.26,26456.17,3714.6,1293.63,192540,195406.9,70094.37,139082.05,47619.15,33571.29,31172.34,442.57,4607.0,9316.2,12167.21,27967.54,24940.69,135540.94,47629.15,10714.65,12000.12,tl_2025_13_sldu.zip,https://dev.planscore.org/plan.html?20260308T223356.755167738Z
GA,15,"SLDUST=""015""",43640.32,23622.75,300.55,45381.96,22603.73,695.91,39242.4,19772.14,1279.2,,,,43734.67,22615.95,1457.16,,,,33060.66,20765.84,1742.33,,,,,22428.32,20852.16,,,,,6713.84,4655.57,38518.19,22818.96,,,38997.9073,12582.8852,69991.05,18853.23,3677.33,2793.77,189446,186212.78,53976.73,120904.6,33795.73,52327.76,33053.65,1065.95,4806.76,2315.39,6066.54,75791.34,36006.51,138505.69,41936.46,7537.08,7499.65,tl_2025_13_sldu.zip,https://dev.planscore.org/plan.html?20260308T223356.755167738Z
GA,16,"SLDUST=""016""",40971.14,69954.51,742.93,36496.81,65233.94,1227.84,26754.71,56871.66,2565.77,,,,34527.08,65273.91,2223.78,,,,22241.15,56786.93,3459.74,,,,,40953.15,25969.1,,,,,7282.16,3344.11,38678.91,22885.22,,,63625.5091,19620.7177,67720.22,17151.83,3922.49,2151.39,191795,187531.63,50522.22,126890.71,32370.67,42037.33,29332.59,875.51,3844.84,2932.09,6021.93,34535.63,21225.12,145214.33,39949.21,6200.44,6935.88,tl_2025_13_sldu.zip,https://dev.planscore.org/plan.html?20260308T223356.755167738Z
GA,17,"SLDUST=""017""",72105.72,22041.5,585.62,66911.43,22979.45,830.73,48786.72,21994.05,1688.17,,,,65389.52,22353.23,1874.09,,,,43055.7,22944.16,2195.5,,,,,31342.18,26625.79,,,,,3067.77,1194.61,33789.41,23193.38,,,68038.1802,22030.1932,58999.46,18152.23,1656.67,766.26,190000,176750.09,59529.83,114518.76,38262.67,46833.87,34985.06,580.85,3231.62,5489.25,8053.77,90664.87,42842.5,138591.5,47177.41,7255.15,7930.08,tl_2025_13_sldu.zip,https://dev.planscore.org/plan.html?20260308T223356.755167738Z
GA,18,"SLDUST=""018""",39366.19,62293.51,498.99,36734.82,57907.03,1026.12,28821.37,50011.19,1887.96,,,,35449.68,57509.3,1825.08,,,,24686.12,49706.67,2447.49,,,,,34665.95,27359.31,,,,,4976.04,2815.06,37721.3,22762.35,,,53784.5863,18162.2575,70422.79,18750.47,2354.83,1719.82,191825,185913.26,54607.4,126252.28,34830.59,47329.84,32721.74,738.76,3858.09,2377.87,5661.55,47505.42,29907.3,143990.5,43677.21,4692.88,5911.02,tl_2025_13_sldu.zip,https://dev.planscore.org/plan.html?20260308T223356.755167738Z
GA,19,"SLDUST=""019""",17901.3,59156.88,202.17,18560.12,55249.92,605.11,15186.31,46632.31,1020.72,,,,17995.19,53999.17,1359.04,,,,12664.32,43937.56,1625.45,,,,,16999.66,20520.33,,,,,3612.5,2150.3,54168.46,30066.0,,,42785.5134,17037.9472,67312.06,20659.08,1322.97,1156.64,192316,203339.74,61266.57,135451.24,39260.07,44000.74,32666.05,1913.0,5966.35,400.0,4841.35,37346.86,22754.67,142274.56,43148.86,7048.89,8325.62,tl_2025_13_sldu.zip,https://dev.planscore.org/plan.html?20260308T223356.755167738Z
GA,20,"SLDUST=""020""",32114.28,63150.29,402.86,30114.45,57534.44,901.5,23155.2,48094.56,1511.4,,,,28644.27,57259.62,1687.94,,,,18927.81,47547.75,1969.66,,,,,29653.78,25893.28,,,,,2686.0,2060.0,44774.0,26020.28,,,48615.4567,18599.7709,66788.46,20235.55,1122.0,1160.0,192588,189997.59,58036.57,129486.09,39303.93,48575.01,34366.67,787.05,4549.12,2681.0,6611.07,46164.41,27679.11,146664.19,43316.57,4249.0,5221.05,tl_2025_13_sldu.zip,https://dev.planscore.org/plan.html?20260308T223356.755167738Z
GA,21,"SLDUST=""021""",38404.79,78537.74,1210.93,34232.99,67736.96,1465.98,21572.97,53719.24,3364.6,,,,31760.01,68566.94,2519.96,,,,16713.24,55497.84,3927.69,,,,,61305.7,37860.34,,,,,930.11,400.94,21293.67,17113.14,,,93645.2873,27612.1671,64108.39,18378.72,624.03,243.42,192572,181406.31,57506.75,121872.99,37400.85,38896.0,28967.9,862.43,3327.49,5285.85,7332.36,10857.08,13335.48,134883.64,41000.26,9298.61,9707.05,tl_2025_13_sldu.zip,https://dev.planscore.org/plan.html?20260308T223356.755167738Z
GA,22,"SLDUST=""022""",53785.07,22453.3,425.98,56470.0,22815.62,1026.98,46942.9,20979.58,1701.04,,,,54208.92,23145.52,1998.04,,,,40586.72,22589.28,2033.06,,,,,29061.17,26784.71,,,,,5581.17,3935.61,39361.57,26625.12,,,41320.4774,11921.5543,68066.76,22053.46,2928.93,2258.87,193163,188502.26,65664.8,124205.99,42215.21,48628.33,36675.1,701.09,4548.77,2768.15,6321.84,84891.74,42498.89,144234.77,49735.96,6753.67,7081.97,tl_2025_13_sldu.zip,https://dev.planscore.org/plan.html?20260308T223356.755167738Z
GA,23,"SLDUST=""023""",36946.93,53380.7,377.02,36667.77,49535.57,1021.98,28935.4,42170.8,1458.16,,,,35078.88,49361.68,1771.9,,,,24407.5,40978.39,2007.31,,,,,19585.49,20905.93,,,,,3700.5,2394.54,45180.67,28106.9,,,44502.8076,15029.8127,64686.93,19777.91,1625.14,1290.63,190344,185186.07,61336.63,124181.84,40492.19,43419.21,33203.65,1292.89,4974.22,1769.61,5661.7,52635.75,32647.46,143736.71,48169.01,5043.63,5957.87,tl_2025_13_sldu.zip,https://dev.planscore.org/plan.html?20260308T223356.755167738Z
GA,24,"SLDUST=""024""",34983.0,76175.0,692.0,33798.23,69449.82,1252.04,25203.7,58515.62,2333.79,,,,31876.2,69660.8,1992.06,,,,20994.78,57662.32,2756.63,,,,,40879.34,29562.36,,,,,6158.33,3377.86,40799.76,24615.99,,,50696.4662,18436.2604,68630.31,18234.63,3388.93,1972.5,192674,193053.68,55751.57,134069.17,37616.6,43921.45,30974.25,1555.03,5248.01,4558.25,7469.46,29649.5,22879.65,148418.53,42361.03,6028.7,7025.16,tl_2025_13_sldu.zip,https://dev.planscore.org/plan.html?20260308T223356.755167738Z
GA,25,"SLDUST=""025""",37699.61,61224.09,441.88,34856.2,56866.72,938.74,26383.93,47438.61,1829.79,,,,33610.94,56485.69,1912.0,,,,22716.8,46333.48,2521.72,,,,,27764.44,26799.91,,,,,1682.0,1259.09,45116.23,28784.26,,,55609.6794,20055.2317,68981.09,21949.2,719.85,608.56,189469,186529.32,62088.96,125115.0,40944.18,44178.43,34856.0,849.55,4581.03,1193.79,4989.28,46550.72,30626.01,147838.41,47905.95,4472.46,6290.5,tl_2025_13_sldu.zip,https://dev.planscore.org/plan.html?20260308T223356.755167738Z
GA,26,"SLDUST=""026""",47686.92,28528.11,306.27,49965.46,27691.03,776.64,43971.39,24627.78,1303.84,,,,48001.05,27508.58,1787.97,,,,37500.19,25636.22,1700.13,,,,,19157.91,21383.36,,,,,2823.96,2376.85,48466.01,29155.61,,,37306.2431,14298.1947,71192.82,21906.14,1255.33,1382.62,189945,187624.07,63339.43,124661.36,39552.69,46807.25,34587.39,898.19,5693.39,1547.32,6342.45,80152.46,41033.46,142365.08,48046.89,3628.58,5602.2,tl_2025_13_sldu.zip,https://dev.planscore.org/plan.html?20260308T223356.755167738Z
GA,27,"SLDUST=""027""",32680.0,73427.09,1117.89,29965.03,67436.32,1612.04,16396.43,54743.59,3191.49,,,,27906.87,67535.42,2775.06,,,,12977.95,54754.92,4235.8,,,,,59059.6,27421.35,,,,,22988.0,6511.0,20225.69,12132.63,,,101663.734,24619.7382,62057.12,13226.41,9713.0,3605.0,190676,178513.65,40705.3,117820.41,26136.81,35978.32,20790.8,810.03,2680.09,8728.96,8468.4,6834.0,7959.1,129991.45,31852.92,9814.29,8292.34,tl_2025_13_sldu.zip,https://dev.planscore.org/plan.html?20260308T223356.755167738Z
GA,28,"SLDUST=""028""",70387.96,22385.65,747.12,66783.06,22720.54,1013.77,50312.29,22203.24,2066.13,,,,65106.1,22495.65,2061.59,,,,45133.18,23987.41,2703.06,,,,,42721.22,34439.17,,,,,4823.4,1913.2,32927.21,25191.74,,,63131.4019,23382.625,69507.87,22724.56,1772.67,968.16,191223,195991.67,72727.17,129593.11,46199.15,47544.67,38878.6,691.09,3878.94,2745.59,5834.21,80794.72,41889.24,137818.58,50056.15,10731.28,11142.71,tl_2025_13_sldu.zip,https://dev.planscore.org/plan.html?20260308T223356.755167738Z
GA,29,"SLDUST=""029""",36296.68,61342.25,523.44,34184.2,57035.11,1032.07,26420.89,49053.57,1919.72,,,,32647.55,56932.97,1817.75,,,,22203.85,48100.88,2628.53,,,,,36288.68,25768.84,,,,,3297.16,2240.43,36108.81,21914.04,,,57833.5231,22156.1815,68318.95,17452.77,1618.67,1300.23,189424,186669.22,51910.27,126650.4,33669.27,49840.24,31230.35,933.05,3861.24,3288.61,6290.46,40184.66,23982.49,142534.31,40398.54,5875.92,6665.35,tl_2025_13_sldu.zip,https://dev.planscore.org/plan.html?20260308T223356.755167738Z
GA,30,"SLDUST=""030""",35346.73,62752.25,511.46,31471.22,57879.59,1154.86,22420.56,47714.14,2094.52,,,,30488.62,56828.77,2331.22,,,,20095.35,45925.46,3090.68,,,,,27906.2,26336.37,,,,,3081.46,1669.47,40121.63,26157.52,,,58285.8396,23087.0798,65427.38,19584.16,1219.27,825.11,191617,184856.86,60638.89,120005.21,37713.12,47289.87,34951.89,996.98,3853.95,1786.33,5109.35,33670.84,23435.62,137904.39,44374.89,5893.94,7287.47,tl_2025_13_sldu.zip,https://dev.planscore.org/plan.html?20260308T223356.755167738Z
GA,31,"SLDUST=""031""",36327.33,66992.6,641.44,30608.0,61359.0,1216.0,19173.75,50109.36,2034.55,,,,29622.0,60139.0,2503.0,,,,16794.45,47921.37,3311.43,,,,,26447.95,24361.45,,,,,4358.93,2173.14,39558.41,25434.78,,,53557.4076,19896.4585,64390.88,20095.74,1508.95,1251.41,192560,189283.62,63500.83,123752.66,40080.86,54345.17,39379.82,812.98,3577.26,1379.0,4719.16,29850.21,22277.64,141619.81,47495.72,8174.98,8624.17,tl_2025_13_sldu.zip,https://dev.planscore.org/plan.html?20260308T223356.755167738Z
GA,32,"SLDUST=""032""",45352.56,58705.22,1175.32,43192.21,56051.28,1879.59,28756.84,50415.83,4209.49,,,,40888.59,56389.79,3028.53,,,,23739.26,52390.43,5060.98,,,,,55883.94,37033.55,,,,,4206.82,1743.68,25969.67,20993.31,,,80550.9107,28238.8783,69044.33,20173.91,2312.94,1100.14,192448,186661.79,61088.76,126462.4,40291.39,48861.71,36358.24,559.83,3327.87,5890.91,8192.82,21517.22,19366.31,139465.91,45467.73,9758.73,9925.94,tl_2025_13_sldu.zip,https://dev.planscore.org/plan.html?20260308T223356.755167738Z
GA,33,"SLDUST=""033""",54065.58,29131.5,813.99,53196.87,28215.74,1220.56,40165.45,25806.14,2595.55,,,,50904.78,28802.5,2181.91,,,,34200.39,29060.63,3319.4,,,,,50268.49,35442.28,,,,,19311.1,5578.13,27823.51,20622.53,,,59416.0753,21001.5248,70997.02,21053.64,6163.08,2622.75,192766,191927.82,64387.47,127219.74,42452.49,43608.15,32426.34,596.25,3785.71,4733.41,7716.5,50479.23,31754.74,126668.48,44806.92,14756.71,12368.32,tl_2025_13_sldu.zip,https://dev.planscore.org/plan.html?20260308T223356.755167738Z
GA,34,"SLDUST=""034""",57558.37,12695.1,462.03,59562.7,12449.88,752.06,49550.58,10869.79,1158.02,,,,58428.71,11905.83,1627.03,,,,43775.55,12355.77,1782.03,,,,,24144.72,23860.37,,,,,13225.85,5231.51,39815.09,25618.72,,,51241.4784,17552.0715,66770.32,19835.76,6379.29,3233.33,190679,186621.46,64944.05,117496.12,38547.8,45528.11,33918.54,437.97,3881.54,4746.19,7669.37,92644.23,44450.32,125928.53,45973.79,9839.45,9600.96,tl_2025_13_sldu.zip,https://dev.planscore.org/plan.html?20260308T223356.755167738Z
GA,35,"SLDUST=""035""",74098.44,20550.72,767.19,73089.61,19514.91,1262.99,58818.59,17005.85,2772.05,,,,70754.48,20209.17,2221.3,,,,50927.71,21665.7,3391.87,,,,,67288.73,45639.21,,,,,14471.83,4819.18,28433.83,25202.91,,,73461.6828,22733.997,82791.78,26440.25,4808.22,2367.81,192472,199467.21,75727.08,138255.02,49003.08,41068.9,35991.01,461.98,4242.43,4399.23,8170.6,78631.58,43637.26,141208.06,52267.66,8649.47,9361.51,tl_2025_13_sldu.zip,https://dev.planscore.org/plan.html?20260308T223356.755167738Z
GA,36,"SLDUST=""036""",79618.91,9934.68,1018.99,77649.77,9094.57,1137.94,64800.73,6654.49,2599.26,,,,75016.95,9694.54,2064.96,,,,55592.23,11682.03,3613.88,,,,,62022.2,41017.67,,,,,5704.09,3288.49,25672.59,21350.44,,,55850.1324,21020.3857,83724.44,27348.91,2641.07,2068.48,192282,188058.98,65004.49,127817.95,43390.28,33794.95,29305.48,535.5,5139.54,7328.58,10907.28,74475.22,41145.9,152257.47,50818.49,8136.73,9040.25,tl_2025_13_sldu.zip,https://dev.planscore.org/plan.html?20260308T223356.755167738Z
GA,37,"SLDUST=""037""",51873.44,61724.83,1154.54,48136.47,59928.79,1807.59,32627.13,54562.61,4005.91,,,,45626.38,60586.66,2857.05,,,,27279.24,57083.46,4769.02,,,,,58417.97,36446.84,,,,,2868.24,1123.44,25824.7,20141.91,,,83075.2979,27818.5454,65949.54,17855.16,1873.87,835.3,192671,194693.53,60526.58,126909.17,37524.78,43088.62,32441.83,795.17,3889.56,5424.22,8518.27,27785.43,21954.08,139084.96,41843.78,9091.22,9444.52,tl_2025_13_sldu.zip,https://dev.planscore.org/plan.html?20260308T223356.755167738Z
GA,38,"SLDUST=""038""",74683.61,21199.35,792.21,72722.87,19841.14,985.39,57096.01,17003.55,2233.73,,,,69203.14,21913.48,1769.75,,,,47614.13,23760.96,2265.22,,,,,57662.88,43888.03,,,,,3525.48,1337.73,24989.11,23190.05,,,64430.6118,27704.7054,73687.44,27539.49,1367.26,801.09,192298,179319.24,77331.52,123178.52,49941.68,39451.79,36494.44,243.72,4213.85,2534.49,6363.85,90389.5,47576.57,143757.97,56617.07,6771.18,8163.1,tl_2025_13_sldu.zip,https://dev.planscore.org/plan.html?20260308T223356.755167738Z
GA,39,"SLDUST=""039""",73481.41,12689.59,841.52,73406.63,11947.51,939.81,60376.04,9667.4,2311.9,,,,70844.57,13273.06,1847.47,,,,50978.86,15735.29,2636.39,,,,,62848.37,46312.7,,,,,5007.35,2382.31,25434.03,21889.7,,,52068.1877,22092.8702,79387.91,26922.03,1724.06,1159.07,192015,186224.99,67618.49,123947.2,45251.76,34764.53,31700.61,518.45,4950.67,6467.93,9746.6,84248.35,45518.22,145456.8,53735.75,6208.92,7841.24,tl_2025_13_sldu.zip,https://dev.planscore.org/plan.html?20260308T223356.755167738Z
GA,40,"SLDUST=""040""",51794.93,28985.35,1058.99,53343.36,28867.47,1243.95,39104.12,26273.77,3332.49,,,,49910.67,31307.14,1845.97,,,,30820.66,32834.3,3367.81,,,,,73442.04,42600.35,,,,,23229.7,5670.26,18377.86,16114.13,,,87164.4875,27316.3534,75833.81,20735.55,6766.93,2809.64,190537,185921.93,56607.69,127071.09,37091.79,26616.44,23426.21,578.29,4278.06,11568.95,12937.01,27310.57,22149.69,119247.12,40225.78,11949.08,10693.68,tl_2025_13_sldu.zip,https://dev.planscore.org/plan.html?20260308T223356.755167738Z
GA,41,"SLDUST=""041""",63968.36,14239.35,788.88,68954.33,12369.38,917.87,57662.77,10679.21,2038.39,,,,66948.61,12802.5,1710.58,,,,50499.89,14353.8,2539.51,,,,,49484.32,33713.04,,,,,18383.94,5404.97,28779.82,20955.92,,,55330.8679,19324.5582,68655.42,18621.34,6703.15,2819.65,193109,191159.51,63569.38,127645.73,40672.48,40621.77,31257.32,357.52,3805.34,6031.73,8317.66,80089.99,41552.63,127071.65,46949.27,5504.12,6485.65,tl_2025_13_sldu.zip,https://dev.planscore.org/plan.html?20260308T223356.755167738Z
GA,42,"SLDUST=""042""",47885.18,60944.13,624.37,40065.68,58437.39,1125.52,27542.89,50820.68,1951.97,,,,38869.03,57850.73,2175.42,,,,24352.04,49449.4,2887.1,,,,,28840.31,23866.78,,,,,3304.13,1821.72,40148.56,23399.06,,,67399.4615,21091.1125,63003.15,17561.17,1977.08,1164.94,191057,185216.54,55084.86,122389.89,35152.41,49159.84,32222.34,991.22,3495.51,2233.73,5122.53,48357.45,29376.23,142153.22,42017.32,5269.23,6103.08,tl_2025_13_sldu.zip,https://dev.planscore.org/plan.html?20260308T223356.755167738Z
GA,43,"SLDUST=""043""",71384.06,21540.49,590.06,66891.4,22471.6,812.03,48893.01,22601.73,1665.54,,,,65646.72,21843.46,1873.96,,,,44289.47,23447.58,2207.68,,,,,34078.29,31152.69,,,,,4027.59,1556.87,33109.05,24605.66,,,65736.5441,23727.4081,62297.24,21795.53,2224.71,1073.52,189455,179914.08,70286.35,117546.0,42648.84,47922.5,37903.23,760.53,3888.63,1932.2,5548.21,86231.25,45196.61,134367.77,49231.06,8025.9,9103.52,tl_2025_13_sldu.zip,https://dev.planscore.org/plan.html?20260308T223356.755167738Z
GA,44,"SLDUST=""044""",87948.3,10746.66,904.32,87247.08,9780.97,1096.88,71004.46,7928.42,2370.24,,,,84906.22,10371.31,1921.97,,,,62244.5,12844.65,3115.11,,,,,54433.91,36644.81,,,,,8352.7,3532.82,28702.61,21105.4,,,70022.1921,23188.6867,68579.23,20889.57,4132.3,2113.81,193188,190779.26,66302.36,125392.7,42428.77,34964.67,29570.69,695.82,4365.93,6593.21,8913.74,71506.95,39141.21,136136.69,47774.3,7546.32,8241.03,tl_2025_13_sldu.zip,https://dev.planscore.org/plan.html?20260308T223356.755167738Z
GA,45,"SLDUST=""045""",41455.82,55350.41,900.43,36926.48,52304.07,1396.62,22475.6,44297.93,2834.34,,,,35337.59,52292.72,2484.58,,,,18816.59,44438.16,3540.44,,,,,42176.22,32153.47,,,,,4322.6,1797.11,30684.0,22995.3,,,75460.4095,23116.9447,57650.43,18500.33,1846.3,995.03,190753,186637.73,64954.14,120480.5,41037.53,41009.07,32644.16,814.68,3612.5,11933.98,12208.52,26717.46,22532.53,130502.72,44084.75,14064.62,13881.69,tl_2025_13_sldu.zip,https://dev.planscore.org/plan.html?20260308T223356.755167738Z
GA,46,"SLDUST=""046""",40875.56,61064.93,851.88,37416.63,54272.14,1394.06,26702.72,44406.72,3067.33,,,,35542.4,54778.33,2257.01,,,,22432.13,46013.13,3481.25,,,,,41871.19,28539.94,,,,,7064.99,3386.12,27041.54,17955.55,,,69795.1595,25500.2195,62112.1,15683.1,2998.09,1903.0,190312,181497.51,47941.11,108559.08,28951.33,35677.43,25986.16,1735.01,4540.85,4683.75,6347.44,26076.53,18655.22,141418.38,37215.41,7958.11,7863.2,tl_2025_13_sldu.zip,https://dev.planscore.org/plan.html?20260308T223356.755167738Z
GA,47,"SLDUST=""047""",39515.42,61915.8,698.04,35383.67,51567.98,1298.8,26235.19,40091.48,2445.15,,,,33974.88,51230.42,2344.24,,,,22876.77,40175.22,3173.69,,,,,34187.07,24943.1,,,,,8256.35,3668.34,34446.6,21108.63,,,57002.5746,18989.6241,67797.66,17412.45,2493.37,1829.89,190607,180548.55,51587.53,118100.09,32746.0,40057.53,27995.42,968.25,3796.07,3575.88,6360.87,26328.73,20055.62,143286.43,40217.5,8645.93,8463.67,tl_2025_13_sldu.zip,https://dev.planscore.org/plan.html?20260308T223356.755167738Z
GA,48,"SLDUST=""048""",46279.47,50661.95,1271.24,46314.22,49582.04,1237.14,29169.74,43592.89,3128.88,,,,43345.11,51244.93,2127.24,,,,22172.71,47786.5,3462.75,,,,,78564.61,40489.58,,,,,13276.64,2168.25,14113.98,12529.02,,,128233.8252,33026.0333,60173.81,15540.86,6870.5,1950.23,190135,186197.7,53065.76,120233.16,33205.13,26830.47,22406.11,406.73,2889.37,25141.67,15697.78,11344.15,11638.71,114490.43,34398.61,6579.03,7117.21,tl_2025_13_sldu.zip,https://dev.planscore.org/plan.html?20260308T223356.755167738Z
GA,49,"SLDUST=""049""",26804.24,69972.96,612.56,23537.2,61642.51,1269.75,15188.79,49846.0,2221.23,,,,22032.17,61356.1,2351.85,,,,12726.84,48351.08,3416.9,,,,,30796.99,21423.47,,,,,12346.05,3818.9,34764.84,21007.7,,,61463.2247,18789.7853,62062.97,15266.6,3507.31,1986.6,189239,188576.33,52176.1,124228.63,33377.05,43519.02,28102.58,828.89,3251.49,3064.33,5759.9,11093.68,11859.41,129842.73,35683.44,17549.54,12759.6,tl_2025_13_sldu.zip,https://dev.planscore.org/plan.html?20260308T223356.755167738Z
GA,50,"SLDUST=""050""",17881.97,82715.18,416.01,16425.08,72112.75,946.62,11943.28,57667.44,1806.59,,,,15385.2,71202.92,2060.07,,,,10678.69,54206.74,2968.28,,,,,26317.68,22838.55,,,,,8130.76,3485.39,43734.83,25072.13,,,52599.1029,16337.8372,68757.81,18976.44,2857.14,1883.16,189363,187679.04,53680.39,129646.56,36135.73,40583.21,28614.06,1466.12,4627.76,1474.35,5299.37,8246.06,9026.66,143686.79,38790.82,7821.67,7452.48,tl_2025_13_sldu.zip,https://dev.planscore.org/plan.html?20260308T223356.755167738Z
GA,51,"SLDUST=""051""",21096.0,97832.0,630.0,17877.96,84177.96,1152.94,12290.23,66082.41,2132.95,,,,16727.08,82791.9,2553.91,,,,11040.3,61707.77,3910.84,,,,,33547.74,27828.16,,,,,1419.17,1022.08,44124.2,26672.88,,,56832.4324,21071.2531,73472.37,20527.21,807.8,711.41,190167,187290.28,55250.18,135471.05,38859.25,49220.38,34686.72,2164.91,4810.84,1160.08,4351.88,2165.05,5175.82,157534.6,43678.32,5380.63,5896.04,tl_2025_13_sldu.zip,https://dev.planscore.org/plan.html?20260308T223356.755167738Z
GA,52,"SLDUST=""052""",24327.28,69741.35,531.51,22591.46,62426.01,1142.01,16349.84,50384.85,2094.13,,,,21760.53,61644.8,2248.23,,,,14201.32,48081.75,3099.11,,,,,25268.25,23203.02,,,,,4072.22,2029.02,43917.15,27177.75,,,58080.6267,19264.0943,68326.44,20394.01,1482.22,1055.49,190799,187474.05,59562.46,125951.73,38446.58,46427.96,34862.55,1118.64,4271.72,1350.55,5084.63,18077.49,16158.05,142674.18,45576.03,8718.85,9214.74,tl_2025_13_sldu.zip,https://dev.planscore.org/plan.html?20260308T223356.755167738Z
GA,53,"SLDUST=""053""",19073.91,72996.25,504.59,16650.91,66101.69,1186.59,12242.1,54397.9,2188.11,,,,15990.44,64491.75,2468.29,,,,11002.94,49151.61,3167.64,,,,,25487.71,24570.96,,,,,1482.62,1433.21,45033.2,28349.12,,,47486.758,15833.0967,71082.83,20723.32,625.08,739.64,190236,190673.99,59116.91,131590.5,39298.07,48779.03,35039.11,1228.26,4501.86,1677.86,5750.06,7993.02,10035.72,147212.9,46301.78,4061.87,6225.0,tl_2025_13_sldu.zip,https://dev.planscore.org/plan.html?20260308T223356.755167738Z
GA,54,"SLDUST=""054""",17814.81,62630.4,371.9,16839.24,54941.47,804.52,12539.89,44650.24,1643.93,,,,16154.57,53667.56,1818.68,,,,10982.47,40630.38,2514.55,,,,,19095.02,20186.97,,,,,16570.16,5384.77,41105.15,26660.98,,,50499.0307,19029.2656,68424.06,20827.92,4462.7,2365.87,192443,193146.46,65096.85,126894.77,40672.87,42047.28,32323.93,879.93,4112.86,1388.0,5135.22,5389.22,8353.59,131526.03,44514.64,21099.6,17060.52,tl_2025_13_sldu.zip,https://dev.planscore.org/plan.html?20260308T223356.755167738Z
GA,55,"SLDUST=""055""",71398.01,20741.88,939.11,73627.99,20400.72,1014.07,58507.29,19184.28,2051.76,,,,72002.79,20223.58,2078.32,,,,51971.69,21611.74,2855.82,,,,,47862.71,35784.39,,,,,12554.12,4567.96,31069.6,23409.89,,,68334.7946,21775.9949,65809.42,19604.58,6571.04,2604.54,192235,192370.18,68315.38,129827.04,43741.7,49233.93,36092.48,566.01,3853.18,6309.33,9339.63,93159.22,47158.01,143162.12,53973.19,7687.38,8649.04,tl_2025_13_sldu.zip,https://dev.planscore.org/plan.html?20260308T223356.755167738Z
GA,56,"SLDUST=""056""",51917.08,66747.58,1358.99,50313.75,64927.66,2088.99,33025.11,57720.9,4855.34,,,,46279.77,67532.65,2999.98,,,,25133.07,63611.24,5196.2,,,,,73965.58,37470.52,,,,,10158.75,3673.4,17054.87,14313.9,,,111112.486,29031.3152,67146.2,17473.59,6121.21,2632.33,191226,183237.34,48872.33,126593.27,32622.32,39044.6,26904.7,449.44,3152.12,7459.27,9301.65,9846.26,11842.29,133034.0,36743.98,7384.13,7915.31,tl_2025_13_sldu.zip,https://dev.planscore.org/plan.html?20260308T223356.755167738Z
ME,1,"SLDUST=""001""",8001.99,12081.25,0.0,8931.0,11300.0,388.0,8730.0,10325.0,1291.0,,,,6281.0,13271.0,1030.0,1175.0,5540.0,9247.0,,,,,,,,5741.0,4624.0,,,,,2118.14,800.1,10317.0,4837.0,,,37799.0043,13102.03,16603.0,4126.0,1512.13,656.64,37641,36993.0,9081.0,28084.0,6689.0,10100.0,6513.0,553.0,1295.0,157.0,1053.0,291.0,1185.0,29885.0,7273.0,395.0,699.0,tl_2025_23_sldu.zip,https://dev.planscore.org/plan.html?20260308T223423.933147411Z
ME,2,"SLDUST=""002""",6977.61,14064.29,0.0,7368.19,13833.46,393.82,6773.23,12666.86,1344.5,,,,5174.86,15149.16,1118.49,898.65,7433.63,7867.8,,,,,,,,5243.09,4009.84,,,,,986.21,610.97,11918.23,5035.26,,,39292.5175,12310.8038,18101.45,3902.09,556.13,391.73,39828,41343.57,9696.94,30500.4,6587.52,10915.71,6163.76,819.4,1192.98,92.0,862.04,184.0,925.04,32832.62,7541.78,361.08,674.73,tl_2025_23_sldu.zip,https://dev.planscore.org/plan.html?20260308T223423.933147411Z
ME,3,"SLDUST=""003""",7692.04,13790.14,0.0,8019.75,12951.99,539.66,7139.61,11607.28,1568.89,,,,5896.76,13995.11,1589.43,1114.28,7651.8,7547.67,,,,,,,,5505.65,4511.94,,,,,453.31,366.95,12091.95,5879.87,,,52494.5078,15944.1245,16607.64,3968.31,271.88,274.6,39736,39991.07,9950.6,29663.93,7226.0,9765.3,6233.32,362.56,952.12,83.0,748.82,156.0,858.82,31976.69,7865.03,311.0,612.41,tl_2025_23_sldu.zip,https://dev.planscore.org/plan.html?20260308T223423.933147411Z
ME,4,"SLDUST=""004""",7771.96,16065.55,0.0,7635.0,14940.0,567.0,6820.0,13325.0,1536.0,,,,5711.0,16087.0,1271.0,1132.0,8977.0,7228.0,,,,,,,,5847.0,4171.0,,,,,774.0,577.0,12410.0,4947.0,,,51762.8392,14467.9838,16852.0,3183.0,379.0,358.0,40798,40208.0,7696.0,30408.0,5770.0,9434.0,5212.0,477.0,1000.0,205.0,882.0,249.0,896.0,32875.0,6080.0,222.0,479.0,tl_2025_23_sldu.zip,https://dev.planscore.org/plan.html?20260308T223423.933147411Z
ME,5,"SLDUST=""005""",9510.52,13927.06,0.0,9606.33,13060.92,713.02,8333.25,11767.31,1893.51,,,,7207.12,14248.29,1895.18,1580.2,7742.4,9050.58,,,,,,,,7400.67,5352.58,,,,,498.97,310.24,10964.56,4760.74,,,36772.6663,13693.0,16874.13,4016.31,303.85,226.94,39549,39667.38,9382.47,28993.52,6737.62,9063.66,5143.23,490.71,1080.46,275.71,1072.2,221.71,1110.38,33099.19,7454.48,399.46,697.38,tl_2025_23_sldu.zip,https://dev.planscore.org/plan.html?20260308T223423.933147411Z
ME,6,"SLDUST=""006""",9393.26,14457.9,0.0,9382.2,13467.21,549.19,8207.17,12032.48,1636.83,,,,7253.82,14819.11,1262.19,1496.66,7900.46,8416.88,,,,,,,,7386.14,4177.43,,,,,1508.74,646.28,11700.62,4203.01,,,49355.0056,10077.5667,17947.13,3121.65,855.75,440.67,40704,40854.19,7567.36,30527.65,5474.85,10404.76,4820.01,1505.13,1339.38,237.0,999.29,267.0,1059.29,33742.06,5920.89,513.0,687.14,tl_2025_23_sldu.zip,https://dev.planscore.org/plan.html?20260308T223423.933147411Z
ME,7,"SLDUST=""007""",15123.3,9701.27,0.0,15081.8,9385.79,683.81,12572.83,8680.52,1562.16,,,,12170.18,11098.89,1916.81,2351.34,6222.54,11750.12,,,,,,,,11471.61,6013.7,,,,,1359.15,670.32,8743.76,4087.99,,,63480.1525,16487.9671,16980.12,3618.85,582.05,382.88,38696,38029.68,7903.77,29229.6,6135.27,8649.74,5334.37,304.87,874.37,454.5,1045.84,297.0,952.46,31480.44,6783.36,445.0,672.73,tl_2025_23_sldu.zip,https://dev.planscore.org/plan.html?20260308T223423.933147411Z
ME,8,"SLDUST=""008""",10014.17,10423.48,0.0,10263.81,9601.54,833.18,9190.77,9108.14,1597.5,,,,8146.14,11030.84,1466.51,2001.35,5795.37,8068.2,,,,,,,,7408.91,5245.16,,,,,1257.33,657.94,8692.77,3929.74,,,38904.7385,8243.4811,15237.55,3428.91,586.41,433.97,38044,38326.43,8414.06,25234.6,6035.48,8277.29,5311.24,996.6,1126.02,531.0,1105.96,210.0,781.96,32717.38,7193.22,736.92,818.27,tl_2025_23_sldu.zip,https://dev.planscore.org/plan.html?20260308T223423.933147411Z
ME,9,"SLDUST=""009""",10853.7,8741.5,0.0,11015.0,8512.0,754.0,9334.0,8187.0,1501.0,,,,8648.0,10293.0,1320.0,1744.0,5352.0,8225.0,,,,,,,,10138.0,6725.0,,,,,1657.0,911.0,7578.0,5008.0,,,50234.5678,16730.7391,16270.0,4154.0,868.0,625.0,38214,37990.0,9743.0,26977.0,7156.0,8969.0,6252.0,568.0,1036.0,256.0,898.0,758.0,1232.0,30380.0,8321.0,569.0,801.0,tl_2025_23_sldu.zip,https://dev.planscore.org/plan.html?20260308T223423.933147411Z
ME,10,"SLDUST=""010""",11300.83,13842.9,0.0,11031.0,13348.0,775.0,9116.0,12340.0,1788.0,,,,8226.0,15500.0,1388.0,1396.0,8614.0,9242.0,,,,,,,,9142.0,6151.0,,,,,798.32,622.99,8568.0,4554.0,,,66833.8111,17950.8009,16462.0,4043.0,492.32,412.65,40763,40320.0,10728.0,29535.0,7237.0,10781.0,7362.0,382.0,951.0,273.0,944.0,200.0,874.0,32660.0,8371.0,477.0,729.0,tl_2025_23_sldu.zip,https://dev.planscore.org/plan.html?20260308T223423.933147411Z
ME,11,"SLDUST=""011""",12657.3,11809.08,0.0,12480.97,11226.13,784.2,10532.54,10402.89,1896.39,,,,9882.53,12573.56,2013.25,1999.47,7270.65,10555.47,,,,,,,,9305.79,5321.41,,,,,852.09,403.06,9375.42,4022.15,,,58872.0254,13908.6958,17428.14,3616.23,457.08,267.05,39616,39725.66,8639.53,29487.08,6171.43,10016.25,5699.56,380.02,862.07,212.0,805.13,215.0,791.13,32432.19,6784.43,472.09,621.08,tl_2025_23_sldu.zip,https://dev.planscore.org/plan.html?20260308T223423.933147411Z
ME,12,"SLDUST=""012""",14597.48,9667.63,0.0,14794.03,9454.87,605.8,12183.46,8642.11,1462.61,,,,11961.47,11128.44,1791.75,2176.53,5915.35,11653.53,,,,,,,,9993.46,6566.47,,,,,593.02,338.35,9237.21,4721.85,,,66892.4882,21444.4778,16826.61,4370.27,324.13,236.4,38914,38177.47,9319.34,28893.67,6937.44,8986.25,6192.07,465.98,1106.18,142.5,942.74,309.0,1062.12,31960.31,8010.32,388.91,685.05,tl_2025_23_sldu.zip,https://dev.planscore.org/plan.html?20260308T223423.933147411Z
ME,13,"SLDUST=""013""",13482.28,11369.63,0.0,13172.0,11141.0,714.0,10613.0,10554.0,1669.0,,,,10464.0,13027.0,1584.0,1687.0,7389.0,11128.0,,,,,,,,9798.0,5697.0,,,,,912.74,447.55,9329.0,4351.0,,,58547.0017,12728.6065,16509.0,3541.0,592.66,342.11,37736,36686.0,7931.0,28325.0,5871.0,8041.0,4905.0,309.0,864.0,323.0,1022.0,251.0,1019.0,31795.0,7092.0,377.0,587.0,tl_2025_23_sldu.zip,https://dev.planscore.org/plan.html?20260308T223423.933147411Z
ME,14,"SLDUST=""014""",12033.58,11984.59,0.0,12088.0,11528.0,789.0,10224.0,10648.0,1778.0,,,,9595.0,13316.0,1541.0,1525.0,7236.0,10574.0,,,,,,,,9099.0,6440.0,,,,,381.25,268.34,8118.0,4544.0,,,69211.629,23057.4453,15688.0,3808.0,186.81,177.36,38962,37843.0,9789.0,27091.0,6562.0,8725.0,5998.0,306.0,1009.0,124.0,843.0,371.0,1071.0,31420.0,8470.0,539.0,837.0,tl_2025_23_sldu.zip,https://dev.planscore.org/plan.html?20260308T223423.933147411Z
ME,15,"SLDUST=""015""",10349.0,11079.0,0.0,10294.0,10382.0,670.0,8515.0,9454.0,1497.0,,,,8181.0,11814.0,1351.0,1321.0,6518.0,8690.0,,,,,,,,7882.0,5948.0,,,,,795.48,540.49,9019.0,4893.0,,,58307.5663,17844.5441,16667.0,4133.0,401.99,326.49,37443,36400.0,9591.0,27054.0,6583.0,9573.0,6668.0,386.0,1050.0,437.0,1116.0,382.0,1050.0,30130.0,8122.0,622.0,911.0,tl_2025_23_sldu.zip,https://dev.planscore.org/plan.html?20260308T223423.933147411Z
ME,16,"SLDUST=""016""",10222.14,9835.88,0.0,10803.25,9492.01,643.34,9087.39,8701.72,1603.11,,,,8630.24,10767.89,1524.57,1810.73,5790.2,8439.33,,,,,,,,6733.35,5959.06,,,,,515.44,351.54,10069.05,6520.13,,,54421.6824,18741.358,16755.36,4854.69,344.61,301.65,38496,39451.93,11973.4,27458.07,8174.01,8700.7,6912.68,531.44,1470.88,322.0,1054.18,280.0,1052.18,31698.31,11048.97,627.0,927.59,tl_2025_23_sldu.zip,https://dev.planscore.org/plan.html?20260308T223423.933147411Z
ME,17,"SLDUST=""017""",8656.25,13795.2,0.0,8648.0,13071.0,671.0,7215.0,12314.0,1647.0,,,,6776.0,14285.0,1313.0,1147.0,8022.0,7895.0,,,,,,,,5898.0,4549.0,,,,,516.75,371.66,9985.0,5138.0,,,65541.246,16024.9588,15814.0,3709.0,296.19,279.64,38751,38112.0,8903.0,27227.0,6388.0,10805.0,6700.0,219.0,838.0,205.0,842.0,286.0,922.0,30990.0,8357.0,227.0,555.0,tl_2025_23_sldu.zip,https://dev.planscore.org/plan.html?20260308T223423.933147411Z
ME,18,"SLDUST=""018""",10946.69,13208.52,0.0,10731.0,12061.0,698.0,8284.05,11205.48,1854.53,,,,8487.0,13548.0,1443.0,1433.79,7525.47,8860.8,,,,,,,,6664.54,5729.62,,,,,568.24,423.22,11229.81,6403.83,,,57569.023,17841.4844,15536.96,4561.25,363.0,328.99,39472,39747.49,12130.97,28976.22,8801.08,8443.34,6589.04,367.42,1001.32,218.0,1041.46,272.27,1056.36,32155.65,9532.49,528.0,882.23,tl_2025_23_sldu.zip,https://dev.planscore.org/plan.html?20260308T223423.933147411Z
ME,19,"SLDUST=""019""",9744.92,13374.13,0.0,9959.67,12344.08,705.98,8715.75,11159.69,1960.49,,,,7879.88,13558.71,1496.82,1537.8,7281.6,9195.42,,,,,,,,5980.79,4606.79,,,,,452.57,340.56,12759.64,5747.43,,,44579.3781,14589.6014,15959.91,3836.44,235.67,219.34,38926,38746.13,10043.56,30101.26,7195.29,8907.0,5314.73,366.86,1168.22,147.29,1146.34,295.02,1259.26,32635.16,8501.03,290.54,657.39,tl_2025_23_sldu.zip,https://dev.planscore.org/plan.html?20260308T223423.933147411Z
ME,20,"SLDUST=""020""",11176.0,10975.0,0.0,11194.0,10429.0,719.0,9052.95,9954.52,1701.47,,,,8874.0,12024.0,1447.0,1470.21,7326.53,8740.2,,,,,,,,7905.0,5812.0,,,,,907.24,685.81,8371.0,5580.0,,,68095.2308,17124.1205,16241.0,4367.0,510.48,498.19,39816,38669.0,11684.0,27124.0,7517.0,9285.0,6648.0,193.0,848.0,312.0,1059.0,230.0,889.0,31150.0,9063.0,548.0,827.0,tl_2025_23_sldu.zip,https://dev.planscore.org/plan.html?20260308T223423.933147411Z
ME,21,"SLDUST=""021""",8791.0,7433.0,0.0,9719.0,7250.0,550.0,8293.0,7350.0,1242.0,,,,8102.0,8404.0,1004.0,1963.0,4644.0,7027.0,,,,,,,,5012.0,4958.0,,,,,772.0,358.0,9635.0,6169.0,,,39984.8307,12963.5873,15844.0,4670.0,412.0,286.0,37121,36158.0,11179.0,24818.0,7531.0,7042.0,5821.0,355.0,1041.0,479.0,1242.0,1610.0,1925.0,28345.0,8590.0,648.0,1012.0,tl_2025_23_sldu.zip,https://dev.planscore.org/plan.html?20260308T223423.933147411Z
ME,22,"SLDUST=""022""",9948.0,14015.0,0.0,9829.0,12772.0,709.0,7708.0,11420.0,1553.0,,,,7703.0,14106.0,1495.0,1557.0,7598.0,8006.0,,,,,,,,5910.27,4120.52,,,,,337.29,208.45,10034.02,4733.64,,,59193.8071,16202.8016,14886.38,3365.35,185.81,138.79,38428,37485.37,8126.05,27319.95,5984.65,10720.15,5870.72,334.0,845.18,320.0,922.18,344.0,985.18,32050.51,7210.9,332.0,638.59,tl_2025_23_sldu.zip,https://dev.planscore.org/plan.html?20260308T223423.933147411Z
ME,23,"SLDUST=""023""",19230.23,7833.91,0.0,18841.84,7785.52,782.08,15215.02,7507.64,1587.38,,,,15836.42,9848.2,1767.38,2132.14,5251.69,15077.27,,,,,,,,14346.05,8435.22,,,,,792.12,530.04,5750.7,3918.91,,,86066.3691,21803.9268,15746.46,3721.53,525.69,371.71,39843,38226.54,10115.98,27641.55,7005.6,6994.27,5316.72,170.57,837.3,724.23,1442.38,309.0,913.16,32348.19,8000.4,829.51,1001.49,tl_2025_23_sldu.zip,https://dev.planscore.org/plan.html?20260308T223423.933147411Z
ME,24,"SLDUST=""024""",14538.0,10560.0,0.0,14221.0,10362.0,799.0,11204.0,9837.0,1747.0,,,,11359.0,12233.0,1782.0,1587.0,6676.0,12018.0,,,,,,,,10383.0,6356.0,,,,,1436.26,734.45,8738.0,4816.0,,,71181.8891,14958.1098,16827.0,3931.0,810.34,515.89,38424,37602.0,8993.0,28281.0,6556.0,8334.0,5375.0,283.0,927.0,397.0,1050.0,343.0,1068.0,31450.0,7952.0,520.0,883.0,tl_2025_23_sldu.zip,https://dev.planscore.org/plan.html?20260308T223423.933147411Z
ME,25,"SLDUST=""025""",18749.32,8981.06,0.0,18581.16,9177.48,709.92,14529.69,8880.51,1573.71,,,,15002.58,12144.8,1413.62,2206.15,6778.39,14348.22,,,,,,,,16605.75,8547.47,,,,,806.07,571.2,4823.51,3702.28,,,98594.4073,28351.092,15336.88,3636.38,590.0,425.63,40125,39066.45,10512.09,27907.5,7175.39,6966.87,5913.3,158.49,778.07,653.77,1314.46,120.0,742.68,30457.6,8081.0,517.97,783.28,tl_2025_23_sldu.zip,https://dev.planscore.org/plan.html?20260308T223423.933147411Z
ME,26,"SLDUST=""026""",12813.22,10306.53,0.0,13030.53,10173.68,743.12,9918.13,9840.88,1483.14,,,,10434.32,11881.58,1605.04,1868.3,6447.8,9830.2,,,,,,,,10722.92,6854.61,,,,,828.18,420.92,8243.67,4855.86,,,75006.3941,20352.6352,16021.43,4112.4,512.45,328.05,38817,38462.64,10566.45,29149.92,7798.08,9601.16,7186.05,290.63,854.08,643.1,1340.58,463.31,1105.24,32165.21,8652.91,627.34,900.59,tl_2025_23_sldu.zip,https://dev.planscore.org/plan.html?20260308T223423.933147411Z
ME,27,"SLDUST=""027""",18648.6,4422.22,0.0,16574.83,5176.76,635.0,14150.25,5017.54,1250.62,,,,13646.06,6699.34,2022.21,3162.09,3179.3,11693.2,,,,,,,,13131.42,7985.02,,,,,3039.21,1412.35,4974.78,3606.38,,,71817.4604,23893.6286,15658.41,4045.26,1734.89,945.83,38865,37180.6,10968.31,26772.92,7242.52,8653.17,6766.15,161.02,783.36,1058.51,1688.82,905.99,1568.7,28813.48,9181.95,471.51,763.63,tl_2025_23_sldu.zip,https://dev.planscore.org/plan.html?20260308T223423.933147411Z
ME,28,"SLDUST=""028""",21028.63,4047.28,0.0,20427.64,2721.56,778.88,16672.91,2921.43,1338.14,,,,17077.62,3685.08,3214.74,4969.33,1679.82,12009.11,,,,,,,,15559.59,8255.16,,,,,4824.89,2088.24,4187.32,3257.93,,,61349.3407,20995.7053,18325.43,4355.08,2256.69,1255.81,37774,36975.4,9597.12,28403.16,7256.76,8212.38,5838.06,228.29,942.01,784.4,1548.58,1539.7,2113.05,31580.01,8241.84,1055.67,1175.41,tl_2025_23_sldu.zip,https://dev.planscore.org/plan.html?20260308T223423.933147411Z
ME,29,"SLDUST=""029""",17845.16,5421.26,0.0,18359.98,5665.02,592.0,15065.79,5939.47,1215.23,,,,15234.48,7650.39,1744.99,2822.04,3907.55,12973.1,,,,,,,,14664.3,7783.3,,,,,1153.66,620.82,4752.19,3319.98,,,88746.8103,15257.7437,15991.32,3731.42,787.78,532.16,37661,36843.59,9328.78,26580.27,6515.98,7321.1,5195.27,208.0,775.52,851.69,1521.91,361.0,982.52,30409.16,8164.89,808.25,975.59,tl_2025_23_sldu.zip,https://dev.planscore.org/plan.html?20260308T223423.933147411Z
ME,30,"SLDUST=""030""",15904.84,9143.74,0.0,15366.02,9105.98,708.0,11446.21,8495.53,1465.77,,,,12263.52,11661.61,1299.01,2005.96,6314.45,10905.9,,,,,,,,11820.7,6372.7,,,,,752.34,376.18,5636.81,3593.02,,,92307.4552,32680.8912,13524.68,3436.58,446.22,286.84,38843,36419.41,9482.22,24977.73,6403.02,7068.9,5086.73,473.0,912.48,750.31,1214.09,434.0,943.48,30535.84,7890.11,619.75,750.41,tl_2025_23_sldu.zip,https://dev.planscore.org/plan.html?20260308T223423.933147411Z
ME,31,"SLDUST=""031""",14016.0,9794.0,0.0,14067.0,9574.0,686.0,10866.0,8768.0,1338.0,,,,11486.0,11330.0,1508.0,1846.0,5701.0,10375.0,,,,,,,,9972.0,6491.0,,,,,461.0,234.0,7319.0,4688.0,,,68590.3641,26276.7432,16745.0,4712.0,305.0,170.0,37717,36957.0,9827.0,27717.0,7390.0,9610.0,6483.0,339.0,894.0,558.0,1137.0,388.0,1014.0,31640.0,8715.0,734.0,1113.0,tl_2025_23_sldu.zip,https://dev.planscore.org/plan.html?20260308T223423.933147411Z
ME,32,"SLDUST=""032""",11808.0,9670.0,0.0,11711.25,8897.48,647.75,9162.41,8235.98,1439.36,,,,9300.22,10450.86,1502.39,1814.21,5243.32,8560.62,,,,,,,,7133.0,4645.0,,,,,703.0,467.0,9032.0,4851.0,,,69009.3307,14151.0602,15569.0,3837.0,423.0,267.0,38215,37107.0,9103.0,27411.0,6788.0,9983.0,7231.0,276.0,837.0,439.0,1005.0,324.0,972.0,31760.0,8526.0,420.0,710.0,tl_2025_23_sldu.zip,https://dev.planscore.org/plan.html?20260308T223423.933147411Z
ME,33,"SLDUST=""033""",9452.0,11568.0,0.0,9570.0,10804.0,698.0,7636.0,9782.0,1539.0,,,,7543.0,12040.0,1426.0,1501.0,5779.0,7063.0,,,,,,,,4939.0,4154.0,,,,,570.0,340.0,9757.0,5170.0,,,67898.5787,21545.9844,14850.0,3815.0,425.0,276.0,39460,38507.0,10459.0,26687.0,7085.0,9856.0,6400.0,459.0,906.0,518.0,1072.0,343.0,987.0,30325.0,8158.0,392.0,638.0,tl_2025_23_sldu.zip,https://dev.planscore.org/plan.html?20260308T223423.933147411Z
ME,34,"SLDUST=""034""",15528.0,11462.0,0.0,15239.75,10756.52,645.25,11661.96,9893.21,1564.66,,,,12339.78,13032.14,1271.61,2393.89,6933.82,10748.7,,,,,,,,11432.0,7933.0,,,,,573.0,348.0,7274.0,4193.0,,,77380.1892,25558.1622,16415.0,4535.0,382.0,258.0,39407,38198.0,10624.0,28364.0,7769.0,9393.0,7682.0,143.0,733.0,554.0,1221.0,239.0,928.0,32030.0,8560.0,311.0,669.0,tl_2025_23_sldu.zip,https://dev.planscore.org/plan.html?20260308T223423.933147411Z
ME,35,"SLDUST=""035""",16846.0,9125.0,0.0,17032.0,9015.0,651.0,13565.63,8627.81,1480.98,,,,14467.0,10940.0,1268.0,3441.9,5862.86,11256.68,,,,,,,,12999.0,8089.0,,,,,724.0,443.0,6821.0,4438.0,,,93415.5913,26544.7801,16449.0,4316.0,507.0,387.0,39554,38354.0,10949.0,29463.0,8179.0,9543.0,7107.0,208.0,761.0,426.0,1044.0,463.0,1039.0,32330.0,8780.0,723.0,962.0,tl_2025_23_sldu.zip,https://dev.planscore.org/plan.html?20260308T223423.933147411Z
IL,1,"SLDUST=""001""",36584.13,19434.27,849.1,48773.38,15527.19,1234.34,47107.1,12039.31,3353.78,,,,46354.18,11520.16,6654.01,,,,44159.35,12427.77,4057.14,,,,,21001.56,20492.51,,,,,65745.62,13698.28,45025.94,27485.62,,,58506.7076,21167.5324,63551.17,20110.42,25257.85,7791.97,217050,202840.65,74094.9,128430.33,44155.55,37282.97,30281.76,285.11,3986.24,3191.61,6481.58,7279.47,9874.64,119949.64,48209.34,75668.1,40486.83,tl_2025_17_sldu.zip,https://dev.planscore.org/plan.html?20260308T223410.619340349Z
IL,2,"SLDUST=""002""",53898.46,14392.2,833.8,67243.1,12348.93,1467.43,62336.52,7659.51,3972.74,,,,62652.15,9978.69,7076.45,,,,56380.4,10480.41,4383.07,,,,,53788.93,31258.6,,,,,56720.76,14617.92,34568.7,23369.95,,,66434.3737,25515.8891,75791.83,20464.54,22425.57,7958.41,217169,216799.47,67557.86,148943.35,44029.75,39759.56,29938.96,471.84,4018.18,6212.41,8586.3,14549.48,16371.06,139260.77,47252.04,60983.04,31722.03,tl_2025_17_sldu.zip,https://dev.planscore.org/plan.html?20260308T223410.619340349Z
IL,3,"SLDUST=""003""",56479.57,10225.41,785.28,69495.91,8729.08,1227.33,70959.27,6027.39,3089.35,,,,58489.39,7906.89,12109.56,,,,65775.28,9281.08,3078.55,,,,,57329.5,36585.84,,,,,22159.58,7966.33,31289.03,20906.13,,,31533.4767,14850.851,89983.03,24724.02,8479.6,4427.33,217354,194179.65,60190.91,137292.35,41470.4,40575.42,32219.66,395.67,4403.67,10399.28,11273.9,79449.14,38832.32,152289.64,52195.68,19672.95,15825.43,tl_2025_17_sldu.zip,https://dev.planscore.org/plan.html?20260308T223410.619340349Z
IL,4,"SLDUST=""004""",67604.79,20022.38,1125.5,81043.14,19060.86,1450.67,79580.75,16080.82,4481.28,,,,70145.33,17674.94,12678.61,,,,75043.21,19654.23,3878.25,,,,,43638.25,30471.89,,,,,20716.52,7859.23,40861.09,27821.82,,,67012.543,25284.9349,76046.21,22114.57,10814.66,5088.84,217144,210646.21,71827.3,143968.68,46557.46,51529.71,38109.07,323.83,4495.12,3107.16,7025.02,73604.24,41617.99,150802.84,54563.58,22776.49,17765.01,tl_2025_17_sldu.zip,https://dev.planscore.org/plan.html?20260308T223410.619340349Z
IL,5,"SLDUST=""005""",65314.59,12529.54,976.05,79714.74,10668.14,1628.01,78568.75,7560.92,4610.92,,,,67783.31,11402.63,11803.82,,,,70835.75,14143.21,3690.36,,,,,73560.96,37723.6,,,,,19903.93,7554.21,23327.21,17132.11,,,49151.728,17072.948,85688.56,21305.01,8036.57,4319.2,217334,203070.33,58207.24,140543.9,39575.18,37904.8,28328.27,377.54,3980.79,11059.22,11163.59,67482.21,32564.38,162096.37,48671.14,15961.23,13274.68,tl_2025_17_sldu.zip,https://dev.planscore.org/plan.html?20260308T223410.619340349Z
IL,6,"SLDUST=""006""",93366.37,18035.23,1103.66,100026.22,17890.25,2245.78,85260.15,15451.48,7869.99,,,,92291.72,21845.48,5168.4,,,,72814.11,29401.17,4582.15,,,,,132721.29,65576.35,,,,,28387.35,9656.97,7718.72,10057.3,,,120607.8606,37555.404,112040.91,26446.66,14980.69,6491.58,217449,210423.61,54939.51,161892.28,42882.75,24028.22,23138.85,764.23,4814.67,11023.89,12951.66,7969.24,10979.03,173346.47,47652.88,13665.62,12393.13,tl_2025_17_sldu.zip,https://dev.planscore.org/plan.html?20260308T223410.619340349Z
IL,7,"SLDUST=""007""",85664.85,10753.64,818.01,94978.32,11170.99,2024.03,85742.79,9060.02,5969.46,,,,90133.6,10069.24,6781.57,,,,80225.53,13395.29,5183.09,,,,,95707.34,51262.58,,,,,56178.48,14392.0,23039.48,18971.76,,,69623.6041,23977.7205,105957.05,25368.52,27188.78,9102.93,217225,224017.07,63716.63,166953.73,46279.58,43708.57,34734.72,950.89,4794.4,13805.25,14724.24,26956.21,21995.85,165880.41,47684.77,22182.17,18411.19,tl_2025_17_sldu.zip,https://dev.planscore.org/plan.html?20260308T223410.619340349Z
IL,8,"SLDUST=""008""",49993.99,34751.94,1125.03,62255.15,33242.55,1391.71,56451.69,24020.41,4484.75,,,,60435.83,27362.2,6295.94,,,,51524.74,26608.24,4010.97,,,,,69410.82,43430.19,,,,,81650.09,15268.22,28719.49,20906.07,,,84409.8175,30703.8593,75019.03,20357.37,52266.54,11205.99,217570,212934.93,66812.17,148731.21,44077.8,40759.04,30858.6,590.48,4133.36,33063.23,25963.68,7969.81,9914.79,141970.06,47570.76,17242.2,15549.21,tl_2025_17_sldu.zip,https://dev.planscore.org/plan.html?20260308T223410.619340349Z
IL,9,"SLDUST=""009""",81668.96,25256.7,1115.86,90872.32,26038.87,1868.17,79958.5,21588.37,7262.75,,,,84568.16,28730.73,4501.28,,,,68636.13,35189.96,3650.36,,,,,93704.02,44701.3,,,,,45727.14,10054.89,15780.18,13394.95,,,113545.7626,33963.4683,76801.38,17696.24,28753.25,7311.09,216771,207038.28,53035.97,139226.8,33572.94,27756.27,22816.8,386.81,4095.57,18459.65,15590.73,12117.16,11555.71,147414.39,40318.79,11544.88,11401.71,tl_2025_17_sldu.zip,https://dev.planscore.org/plan.html?20260308T223410.619340349Z
IL,10,"SLDUST=""010""",50755.63,41419.38,1201.21,57985.12,41184.76,1698.21,51556.65,32139.55,5199.5,,,,56455.49,32179.26,10181.07,,,,49666.2,31251.94,5347.52,,,,,57168.09,38562.3,,,,,62902.22,13867.8,42068.21,25991.65,,,76823.1247,25658.8098,83277.25,22019.57,38512.53,10346.53,217169,216163.93,65973.25,157470.01,45222.49,52659.82,36949.29,655.85,4768.99,10025.42,12962.89,3272.5,7396.45,148683.01,49628.2,32997.29,23239.85,tl_2025_17_sldu.zip,https://dev.planscore.org/plan.html?20260308T223410.619340349Z
IL,11,"SLDUST=""011""",41527.78,28618.24,1035.45,53464.24,25262.22,1279.75,50194.16,20125.3,3909.47,,,,52347.03,19117.09,7359.54,,,,48796.42,18849.32,4670.92,,,,,29515.55,27520.67,,,,,57728.29,12238.04,44350.62,29715.88,,,65056.6975,22915.1416,69117.93,22027.95,28423.13,8420.83,217255,213407.38,79705.82,138419.13,48101.06,44928.29,34627.65,230.99,4365.72,3437.73,7774.73,5977.99,9177.67,135500.33,54714.89,71357.65,42243.59,tl_2025_17_sldu.zip,https://dev.planscore.org/plan.html?20260308T223410.619340349Z
IL,12,"SLDUST=""012""",30259.9,13421.37,670.96,43755.31,9239.91,1192.11,42468.01,5792.63,2839.18,,,,41345.73,6088.48,5322.48,,,,38647.45,6609.8,3427.87,,,,,29463.53,24588.85,,,,,84065.39,16193.74,41278.06,25667.49,,,48619.7165,17621.0546,66988.42,20523.53,33075.25,9765.27,217115,211064.05,69235.82,139972.82,44565.3,32715.6,26836.13,313.32,3765.97,17663.2,13229.71,12508.7,10202.81,124263.77,48011.13,71157.84,37509.34,tl_2025_17_sldu.zip,https://dev.planscore.org/plan.html?20260308T223410.619340349Z
IL,13,"SLDUST=""013""",66342.03,10211.1,800.0,80946.58,8936.71,1220.39,79349.8,6793.91,3700.83,,,,70299.82,8148.25,12067.43,,,,74611.95,10437.75,3279.86,,,,,74441.35,46176.97,,,,,26524.32,9695.89,24775.69,18733.1,,,46576.7524,19973.7817,101981.66,27422.69,10653.46,5230.3,217228,210839.27,66204.7,148886.87,45741.72,47241.5,36334.98,505.75,4520.91,10088.17,11268.79,85502.92,39845.99,156648.21,51654.56,17319.77,12923.99,tl_2025_17_sldu.zip,https://dev.planscore.org/plan.html?20260308T223410.619340349Z
IL,14,"SLDUST=""014""",61282.68,27229.02,1168.43,76732.88,26518.7,1346.17,77698.57,23202.86,3866.35,,,,66099.61,22580.16,14731.27,,,,76509.12,22072.64,4483.92,,,,,40055.63,31743.01,,,,,17517.18,6925.36,42717.4,27533.52,,,55487.8798,19922.5165,81141.26,23142.71,10287.39,4986.79,217162,225381.86,76446.71,154001.18,47476.94,68550.39,46313.99,568.09,4741.62,2519.8,6501.54,80437.64,41221.54,157789.53,55378.34,13883.45,12333.06,tl_2025_17_sldu.zip,https://dev.planscore.org/plan.html?20260308T223410.619340349Z
IL,15,"SLDUST=""015""",66423.38,23588.52,1127.28,77947.23,23057.32,1340.27,76659.66,20805.7,3809.27,,,,68647.56,19608.68,13164.62,,,,75451.61,20226.86,4181.44,,,,,35692.06,29039.36,,,,,15256.69,7422.22,43397.56,27437.8,,,57015.7509,17784.1905,82156.85,23577.03,7452.59,4308.4,217045,223000.73,70933.96,147922.84,45554.43,70501.11,45521.97,416.31,4292.29,1759.4,5728.68,86115.74,42940.28,155044.05,54373.71,14467.79,12654.68,tl_2025_17_sldu.zip,https://dev.planscore.org/plan.html?20260308T223410.619340349Z
IL,16,"SLDUST=""016""",49179.86,17872.31,964.16,67712.44,15537.13,1006.51,72204.03,12377.22,2658.65,,,,57693.34,11882.8,13737.09,,,,70044.75,11608.03,3675.18,,,,,24211.86,25951.84,,,,,29269.28,8647.2,45302.26,30128.19,,,52744.5573,19075.8747,74710.19,23831.88,15195.4,5443.11,217174,213337.97,80089.2,138756.67,48141.04,59044.31,43180.09,334.86,4956.89,2203.51,7085.67,81733.87,42830.25,146781.58,57824.21,26069.0,19164.66,tl_2025_17_sldu.zip,https://dev.planscore.org/plan.html?20260308T223410.619340349Z
IL,17,"SLDUST=""017""",67897.52,16589.71,1091.6,82573.83,15470.73,1193.07,84436.22,13814.65,3103.47,,,,69987.17,12285.44,16224.42,,,,82714.44,13411.92,3715.32,,,,,35116.99,34204.86,,,,,14209.22,6941.21,43742.28,30809.64,,,53462.1077,19403.5656,84998.48,27998.83,6871.52,4230.21,217053,217048.11,83791.4,148603.04,53759.99,69186.46,50651.02,317.94,5047.87,1153.48,6306.89,106879.82,56129.98,157427.78,64282.22,18938.49,15732.71,tl_2025_17_sldu.zip,https://dev.planscore.org/plan.html?20260308T223410.619340349Z
IL,18,"SLDUST=""018""",55392.3,46594.3,1427.17,64640.58,47089.28,1781.78,58245.32,41428.52,5919.05,,,,60440.74,40371.13,11315.15,,,,59103.5,38576.33,5854.85,,,,,55861.17,38189.21,,,,,26002.94,8950.87,36486.34,23264.57,,,84679.112,26427.1079,83002.55,22964.22,16329.27,6290.11,217318,213654.57,65861.3,151655.88,43629.82,60321.73,40540.22,702.11,4778.18,3864.7,8386.33,28242.27,21163.81,157623.21,51306.41,17212.26,15429.07,tl_2025_17_sldu.zip,https://dev.planscore.org/plan.html?20260308T223410.619340349Z
IL,19,"SLDUST=""019""",61343.25,51174.41,1390.49,68076.29,51612.0,1672.97,59140.93,44246.14,5748.91,,,,63005.11,47499.82,9634.38,,,,59195.28,42276.09,5911.99,,,,,57934.22,35398.55,,,,,11766.81,6047.88,35702.48,21090.9,,,100093.3432,27030.5973,77350.46,18413.32,8036.52,4271.32,217176,215692.26,59068.25,147814.61,37581.86,57235.38,36379.08,444.28,3352.09,3771.51,6865.28,41435.28,21194.82,160813.42,46159.22,9704.0,9591.67,tl_2025_17_sldu.zip,https://dev.planscore.org/plan.html?20260308T223410.619340349Z
IL,20,"SLDUST=""020""",62439.79,13977.54,886.25,73880.69,12693.81,1844.09,64993.95,8850.36,4944.41,,,,70391.07,10829.68,6014.42,,,,59178.18,12337.76,4895.39,,,,,66030.92,36324.55,,,,,66587.61,15046.17,34151.19,23786.04,,,72969.0073,24780.8455,81649.17,20110.18,28004.02,8742.32,217094,220576.81,64294.08,155697.28,43092.08,36936.82,27408.71,596.11,4273.86,11166.87,12367.14,7454.17,10582.76,141798.75,45016.75,56577.24,31919.47,tl_2025_17_sldu.zip,https://dev.planscore.org/plan.html?20260308T223410.619340349Z
IL,21,"SLDUST=""021""",67694.0,42377.33,1759.19,74484.69,43980.24,2650.63,59523.73,39245.29,9171.97,,,,69229.78,46496.3,5233.31,,,,52969.21,48448.64,5837.42,,,,,87910.87,40992.21,,,,,29418.6,8306.82,20463.97,14663.3,,,115270.6004,28994.4023,80136.4,17148.75,16461.98,5731.72,217256,216632.53,52681.61,146330.13,33316.1,37511.56,26327.28,570.16,3777.76,17352.86,14782.38,8964.18,11549.75,152881.32,39599.03,11283.61,10242.3,tl_2025_17_sldu.zip,https://dev.planscore.org/plan.html?20260308T223410.619340349Z
IL,22,"SLDUST=""022""",38906.5,26884.0,893.14,48578.85,25429.6,1435.27,42504.96,20690.46,4229.22,,,,46686.31,23245.4,4075.59,,,,40762.34,21080.69,4102.61,,,,,39508.95,27140.36,,,,,62970.79,13507.78,36026.33,22379.0,,,77322.3421,19535.4601,70378.32,18695.84,26428.15,7527.51,217131,215808.84,67284.53,140033.84,40931.44,46297.74,33421.68,720.07,3963.11,16162.0,14122.87,8232.54,10598.67,123224.83,39091.89,37438.69,22169.09,tl_2025_17_sldu.zip,https://dev.planscore.org/plan.html?20260308T223410.619340349Z
IL,23,"SLDUST=""023""",53853.72,42322.36,1651.41,61947.07,42133.2,2266.39,51069.72,35644.01,7082.96,,,,58437.9,42339.27,5187.16,,,,47044.06,40717.17,5140.19,,,,,68534.04,35607.03,,,,,43901.24,10554.11,30549.23,19535.92,,,87581.8437,25619.8384,80247.64,18070.17,26132.61,7450.49,217147,217786.13,54782.04,147573.7,35248.28,43234.51,28446.79,319.1,3591.77,18752.21,15082.31,8199.2,10410.22,150825.92,40809.46,21132.02,15112.66,tl_2025_17_sldu.zip,https://dev.planscore.org/plan.html?20260308T223410.619340349Z
IL,24,"SLDUST=""024""",57212.81,53368.67,1716.35,63221.8,53831.62,2529.84,51505.26,45838.07,8368.03,,,,59643.02,54175.17,5361.15,,,,47166.85,52161.5,5842.6,,,,,70947.56,35484.2,,,,,35945.91,9507.39,30539.24,17691.43,,,102785.6326,26512.1709,79489.58,17327.48,24967.77,7487.73,217189,213827.74,51202.02,150430.16,33971.26,48488.17,30830.11,587.44,3555.25,14547.38,12316.33,5446.92,8228.99,156444.89,39183.94,14071.28,11715.94,tl_2025_17_sldu.zip,https://dev.planscore.org/plan.html?20260308T223410.619340349Z
IL,25,"SLDUST=""025""",45675.45,32416.26,1240.46,52978.36,31373.14,1831.53,44794.32,26675.49,5459.05,,,,50521.39,30504.12,4368.18,,,,41746.18,29256.29,4731.23,,,,,47892.3,29747.53,,,,,49840.09,11225.75,35623.4,21836.76,,,79679.8311,19891.4499,76418.12,18219.49,21161.76,6762.91,217413,234369.87,65398.92,151999.13,40148.32,48732.99,31656.03,500.61,3714.27,12024.28,11118.39,9705.57,11728.27,136742.59,40054.27,39561.95,22584.49,tl_2025_17_sldu.zip,https://dev.planscore.org/plan.html?20260308T223410.619340349Z
IL,26,"SLDUST=""026""",62736.38,52420.75,1718.99,67051.59,55145.5,2545.85,52012.96,48862.14,8768.56,,,,61342.08,58230.63,4407.0,,,,44908.42,57862.22,5666.47,,,,,84777.57,37825.44,,,,,31880.61,8186.46,22287.58,14392.31,,,131669.4459,33222.6673,78240.49,15853.07,19881.66,5826.66,217136,213790.06,47052.5,149200.35,31673.18,43702.31,29117.22,538.78,3282.25,14253.23,11844.34,3386.66,6291.51,154636.77,37056.23,10463.5,9251.56,tl_2025_17_sldu.zip,https://dev.planscore.org/plan.html?20260308T223410.619340349Z
IL,27,"SLDUST=""027""",56543.11,39416.0,1265.78,62268.48,40112.01,1959.23,51503.06,34197.64,6917.86,,,,58393.18,39753.0,4514.22,,,,44865.26,41483.86,4677.92,,,,,72480.71,38773.72,,,,,51414.02,10811.81,28123.27,19332.08,,,106486.7847,27327.921,83510.77,19045.25,26982.26,7670.96,217152,211769.16,57089.38,150648.65,36964.95,44063.57,30246.72,290.66,3693.6,12276.74,13178.13,5641.81,9177.25,140588.4,41314.05,16318.47,14087.87,tl_2025_17_sldu.zip,https://dev.planscore.org/plan.html?20260308T223410.619340349Z
IL,28,"SLDUST=""028""",46875.93,39034.54,1125.34,55682.78,38412.15,1522.6,49249.83,30886.65,5291.98,,,,53383.82,35167.58,4964.96,,,,44951.94,33649.34,4591.3,,,,,64592.55,38039.21,,,,,63175.53,12697.22,31957.24,20803.44,,,85891.1699,29289.0476,80218.16,19585.46,36619.71,9018.75,217099,207998.47,59688.55,149691.4,39894.6,46828.25,32950.2,595.08,4153.47,20776.75,17099.95,6091.32,9317.21,139735.18,43012.27,17195.65,14328.58,tl_2025_17_sldu.zip,https://dev.planscore.org/plan.html?20260308T223410.619340349Z
IL,29,"SLDUST=""029""",70052.44,34438.54,1140.92,76644.74,35524.94,1728.54,65281.54,30018.42,7194.21,,,,71102.08,38818.1,3158.95,,,,51771.44,46551.09,3370.29,,,,,93419.76,44393.99,,,,,44902.38,9480.03,17984.72,13695.15,,,143194.5117,42469.117,77764.21,17656.79,27288.92,7513.93,216815,211048.24,51214.96,144469.17,34215.43,33921.96,24689.41,504.34,3799.58,12955.44,12472.96,5136.05,7373.91,152398.25,39913.08,14740.73,11591.22,tl_2025_17_sldu.zip,https://dev.planscore.org/plan.html?20260308T223410.619340349Z
IL,30,"SLDUST=""030""",46515.4,22885.12,930.26,54211.25,22881.54,1470.55,49283.83,19777.43,4619.6,,,,50284.21,23759.13,3894.91,,,,43380.08,26093.58,3317.17,,,,,52144.24,27285.42,,,,,60899.16,11837.14,31457.59,19734.6,,,79785.2234,21473.8837,75116.37,17334.03,24674.66,7353.21,217254,211316.18,55134.65,136435.51,33831.13,39852.17,27116.45,557.4,3521.85,12512.42,11071.75,16825.98,14207.83,129792.69,37890.94,33769.25,20245.51,tl_2025_17_sldu.zip,https://dev.planscore.org/plan.html?20260308T223410.619340349Z
IL,31,"SLDUST=""031""",53457.22,36691.1,1361.98,60668.23,37827.31,2157.22,49721.59,34423.58,7248.54,,,,55718.23,39572.59,4624.88,,,,46159.13,38971.84,5148.53,,,,,52428.22,27670.35,,,,,31612.24,8192.45,31510.13,18949.05,,,88400.2244,21582.6015,74744.53,16591.11,16530.17,5567.77,217217,213575.52,52607.3,138645.6,32060.65,49041.91,31323.51,643.5,3331.2,10141.61,9930.66,13386.06,13857.49,146992.33,39117.64,29585.34,18757.53,tl_2025_17_sldu.zip,https://dev.planscore.org/plan.html?20260308T223410.619340349Z
IL,32,"SLDUST=""032""",52380.94,59446.13,1666.17,53604.56,58761.13,2361.65,41495.48,51128.04,6998.39,,,,50589.18,57584.67,5598.01,,,,40811.25,50996.17,7364.29,,,,,50910.31,29568.99,,,,,13469.41,4833.12,41464.47,21319.32,,,84731.4354,23227.2511,81852.28,17708.53,7709.57,3455.69,217104,215546.9,50938.37,150131.26,33683.01,56698.54,32349.42,788.87,3488.84,3708.7,6855.38,3034.58,6042.97,161588.86,40539.27,15325.39,12287.19,tl_2025_17_sldu.zip,https://dev.planscore.org/plan.html?20260308T223410.619340349Z
IL,33,"SLDUST=""033""",57230.7,54569.96,1581.46,60471.3,53903.63,2410.59,46356.44,46587.46,6537.38,,,,56699.72,54016.97,5224.51,,,,43024.69,49638.72,6310.59,,,,,62368.65,35358.34,,,,,19268.4,6054.68,29651.88,19627.03,,,102429.9864,24939.9811,76772.93,18157.16,11245.2,3928.96,217064,215407.92,55662.05,145586.85,35688.06,53079.71,34935.87,634.43,3439.66,10181.48,11751.46,5353.72,8284.4,159159.5,42279.54,20333.12,14878.6,tl_2025_17_sldu.zip,https://dev.planscore.org/plan.html?20260308T223410.619340349Z
IL,34,"SLDUST=""034""",44208.23,35765.02,1269.06,48009.99,36948.06,1802.61,43011.4,34408.69,5969.16,,,,45765.65,36363.56,3597.94,,,,40546.19,36028.09,5502.24,,,,,29652.39,26582.66,,,,,20874.34,9232.88,46407.36,28090.75,,,47528.3236,13678.002,89184.28,25242.84,8656.25,5057.95,216908,216265.73,69422.88,146421.38,42784.75,57100.72,41499.95,673.4,5006.33,3911.76,8750.88,24779.87,21858.57,152738.75,49383.69,20600.86,17662.49,tl_2025_17_sldu.zip,https://dev.planscore.org/plan.html?20260308T223410.619340349Z
IL,35,"SLDUST=""035""",52268.46,63513.67,1669.69,53010.51,61276.48,2362.27,40021.46,51981.9,6728.85,,,,50173.28,60280.69,5388.73,,,,38676.71,52615.12,6796.98,,,,,54474.11,34070.49,,,,,8064.26,3112.42,35261.7,22420.76,,,92280.2392,22424.0453,77245.45,18913.2,4152.0,1959.58,217127,212333.87,53189.74,141830.51,34812.65,51749.06,34903.29,656.2,3245.73,5761.31,7744.68,3487.29,6410.97,157745.86,41608.63,14543.91,11683.38,tl_2025_17_sldu.zip,https://dev.planscore.org/plan.html?20260308T223410.619340349Z
IL,36,"SLDUST=""036""",47708.9,43242.61,1649.9,51503.32,43992.4,2107.32,47059.16,41318.69,7246.24,,,,51310.5,42316.86,2967.62,,,,48591.02,40419.06,5153.23,,,,,35020.57,27490.78,,,,,14159.61,6890.81,44881.83,24616.31,,,54352.1247,16148.6715,90463.11,21906.55,5138.11,3603.84,217315,218009.13,56926.56,147161.22,36025.05,59052.01,36903.04,904.46,4743.26,2488.86,6958.95,14868.44,14397.12,162462.49,41971.86,13764.67,11695.83,tl_2025_17_sldu.zip,https://dev.planscore.org/plan.html?20260308T223410.619340349Z
IL,37,"SLDUST=""037""",41039.12,63680.34,1950.14,44236.78,64229.06,2475.79,37976.25,57483.68,8024.56,,,,44492.26,61280.67,4019.89,,,,38884.37,57176.28,6121.47,,,,,38739.09,26901.29,,,,,7202.21,3595.91,49501.21,24397.67,,,64313.837,16956.2883,87564.02,19523.79,3239.87,2192.9,217029,215388.92,51302.73,151988.79,33337.76,57434.08,34218.57,767.74,4643.78,2074.22,6161.81,4302.55,7505.91,163440.51,39995.02,11005.98,9219.72,tl_2025_17_sldu.zip,https://dev.planscore.org/plan.html?20260308T223410.619340349Z
IL,38,"SLDUST=""038""",47866.81,54679.99,1550.72,49920.63,52631.86,2236.49,41269.4,45736.03,7388.6,,,,48507.88,49510.46,5583.46,,,,42887.49,43064.49,6588.54,,,,,38542.54,28610.39,,,,,8379.21,4277.21,40730.85,23211.5,,,71214.0774,18032.7969,80773.97,19759.77,3704.69,2403.74,217281,215710.72,54032.67,139226.11,34866.97,55737.28,34683.04,701.64,3670.93,3239.09,6635.15,10809.82,10738.58,162811.33,42873.06,17788.35,13768.95,tl_2025_17_sldu.zip,https://dev.planscore.org/plan.html?20260308T223410.619340349Z
IL,39,"SLDUST=""039""",60812.29,23008.59,952.82,70760.62,21556.55,1484.13,66318.59,17693.51,4585.87,,,,65298.08,18854.65,8414.76,,,,62398.02,20111.47,4221.92,,,,,49400.69,33694.75,,,,,46681.58,11338.73,36567.76,24809.84,,,75471.1929,25999.8976,77595.96,21689.4,23335.99,7542.33,217119,211776.82,68553.56,144661.63,44843.25,44400.67,34862.73,403.95,4540.65,5625.34,9348.55,27796.85,21218.05,141100.95,50000.05,38746.87,24852.57,tl_2025_17_sldu.zip,https://dev.planscore.org/plan.html?20260308T223410.619340349Z
IL,40,"SLDUST=""040""",46533.21,46226.45,1426.51,52577.24,45520.59,1792.08,48255.85,39368.55,5346.59,,,,49209.62,41348.35,8248.32,,,,50118.05,35759.75,5533.35,,,,,35306.11,25713.99,,,,,13104.38,6511.6,46633.69,24917.31,,,70586.3271,18943.6534,80364.48,19561.94,6386.32,4098.71,217318,221883.42,59383.41,146886.53,37535.38,61543.09,36977.95,623.93,3976.06,1791.79,5419.54,42356.08,25038.89,158548.3,43579.44,14407.04,12352.19,tl_2025_17_sldu.zip,https://dev.planscore.org/plan.html?20260308T223410.619340349Z
IL,41,"SLDUST=""041""",62381.6,53411.28,1746.05,68293.77,54912.42,2411.64,54639.32,47224.94,8259.98,,,,64206.71,54900.43,5829.51,,,,49932.76,52914.56,5926.35,,,,,82541.95,40759.65,,,,,35568.72,9804.16,24559.73,16377.84,,,107168.789,29521.3911,82452.35,17838.89,23975.39,7625.14,217150,210956.25,51501.22,151579.96,35316.99,45029.18,30010.58,409.94,3639.04,13810.12,12680.27,5776.43,8488.37,158257.74,40805.45,12073.87,11412.63,tl_2025_17_sldu.zip,https://dev.planscore.org/plan.html?20260308T223410.619340349Z
IL,42,"SLDUST=""042""",57534.36,37204.59,1377.24,62904.41,36799.3,2190.79,49158.05,32118.87,6494.28,,,,59153.93,36948.75,5160.35,,,,45705.4,35457.67,5662.82,,,,,62811.35,37279.96,,,,,20336.58,5516.37,26449.0,19458.35,,,93800.545,25107.3058,74923.75,18870.51,10173.78,3711.89,217158,217618.6,60737.85,138900.74,37467.98,40695.81,31791.78,398.14,3215.29,11844.59,10742.5,14867.95,14661.59,143682.03,41496.15,25349.08,19023.57,tl_2025_17_sldu.zip,https://dev.planscore.org/plan.html?20260308T223410.619340349Z
IL,43,"SLDUST=""043""",47655.31,36731.23,1291.98,56418.2,36369.94,1816.14,50180.96,31575.53,5598.25,,,,53764.75,33368.37,6638.48,,,,50573.9,29986.43,5561.21,,,,,35420.2,23608.63,,,,,33311.97,9727.76,42789.5,23079.29,,,67379.0959,16396.7611,74529.42,16926.59,13513.19,6055.79,216956,219804.37,58446.56,144927.35,35767.68,56217.67,34832.57,561.36,3696.46,5907.91,8141.59,25199.68,18166.22,149585.02,41759.05,31967.79,19981.99,tl_2025_17_sldu.zip,https://dev.planscore.org/plan.html?20260308T223410.619340349Z
IL,44,"SLDUST=""044""",40189.74,72949.32,1951.63,41407.29,75402.1,2870.58,33702.12,68230.6,8432.69,,,,41830.14,72782.55,4236.69,,,,32868.97,69967.68,6757.43,,,,,47899.06,26658.34,,,,,4651.55,2732.16,46363.13,21833.16,,,71241.6196,17373.4968,86622.99,17697.38,2056.71,1746.24,217163,216704.9,46457.38,150701.45,30877.48,54241.34,30723.24,851.96,4149.69,2348.89,5686.34,6396.27,8455.95,161727.23,35939.3,3552.6,4818.06,tl_2025_17_sldu.zip,https://dev.planscore.org/plan.html?20260308T223410.619340349Z
IL,45,"SLDUST=""045""",42629.25,67524.05,1785.74,44848.01,67939.62,2626.2,37525.93,59550.23,7821.13,,,,44233.04,65942.7,4000.3,,,,36672.02,59937.27,6813.54,,,,,35128.92,25440.52,,,,,5690.09,3190.32,49889.7,24599.07,,,64394.7241,16054.0759,87881.11,19298.54,3483.87,2441.42,217091,213928.18,51560.03,150683.47,34294.89,61799.62,35115.73,870.75,4746.55,1780.51,6089.56,6537.74,9547.29,165127.33,40533.71,7594.79,7919.99,tl_2025_17_sldu.zip,https://dev.planscore.org/plan.html?20260308T223410.619340349Z
IL,46,"SLDUST=""046""",53892.11,37561.92,1552.36,55830.3,37651.27,2809.17,49558.63,36204.37,7476.01,,,,54063.24,36971.6,4700.5,,,,47016.75,39544.64,6230.0,,,,,43932.51,30578.05,,,,,9030.43,5206.45,38079.14,23975.19,,,53189.9314,14581.0683,89664.46,22802.91,4123.53,3123.25,216987,221730.11,63047.2,138330.31,38038.73,54593.99,37500.15,723.79,4538.66,3785.5,7647.73,29436.64,22964.85,164934.27,45280.95,8159.23,8673.82,tl_2025_17_sldu.zip,https://dev.planscore.org/plan.html?20260308T223410.619340349Z
IL,47,"SLDUST=""047""",36679.09,69989.94,1972.75,39331.25,70815.77,2295.49,36209.7,63322.64,7285.25,,,,42025.02,65388.5,3487.43,,,,41147.83,57728.39,6530.57,,,,,32085.46,24494.89,,,,,3867.34,2852.16,57682.2,26048.07,,,57006.1156,15441.6646,89945.58,19649.19,2053.24,1946.58,217288,219595.41,52281.55,156526.79,34413.72,58493.11,33271.71,1367.58,5522.88,1091.84,6047.2,4199.14,7421.09,167260.75,39343.4,3767.44,5043.92,tl_2025_17_sldu.zip,https://dev.planscore.org/plan.html?20260308T223410.619340349Z
IL,48,"SLDUST=""048""",49566.16,46136.12,1674.85,53712.5,49393.94,2330.07,46676.48,46960.73,7336.37,,,,53413.89,47738.91,3719.39,,,,45464.7,48370.99,5886.91,,,,,45411.91,31242.92,,,,,6089.58,3802.83,44891.24,27492.78,,,58830.4063,17056.183,94566.01,24748.49,2805.09,2250.75,217156,217680.99,63171.39,150750.89,40244.22,56739.43,39874.39,720.09,4885.78,2642.79,7287.46,29110.44,24369.97,165293.45,48308.0,3736.27,5555.59,tl_2025_17_sldu.zip,https://dev.planscore.org/plan.html?20260308T223410.619340349Z
IL,49,"SLDUST=""049""",54533.45,44796.38,1393.93,60081.8,42206.09,1863.72,48026.22,35493.65,5928.99,,,,57367.6,39412.58,6334.99,,,,47991.96,34458.02,5670.95,,,,,49064.75,30855.45,,,,,10827.07,3791.29,33365.8,20321.95,,,102473.7792,26550.503,68334.14,16353.32,5970.38,2716.39,217224,210362.9,54787.58,133788.17,33724.36,48495.65,32961.65,495.9,3042.0,11120.33,11017.11,19105.43,16568.82,150054.74,40934.4,25385.33,16580.91,tl_2025_17_sldu.zip,https://dev.planscore.org/plan.html?20260308T223410.619340349Z
IL,50,"SLDUST=""050""",28849.96,78130.33,1736.38,30602.21,79917.07,2288.37,27749.29,72736.09,5695.2,,,,33905.12,74330.97,2960.49,,,,40289.0,59056.32,5049.1,,,,,34037.18,25896.34,,,,,4155.15,2834.32,57313.08,26760.84,,,60074.2509,16252.2898,87707.02,19152.6,1878.28,1777.19,217289,219912.98,50350.67,155968.53,34233.95,58218.73,34144.28,995.97,4940.33,1220.21,5947.14,6548.79,9122.7,167316.26,41466.87,3650.94,4734.22,tl_2025_17_sldu.zip,https://dev.planscore.org/plan.html?20260308T223410.619340349Z
IL,51,"SLDUST=""051""",28360.35,75102.64,1771.37,29863.57,77285.54,2160.53,26075.83,69844.49,6544.78,,,,31927.33,72754.71,3424.75,,,,29136.16,65850.79,5788.77,,,,,34052.21,26445.69,,,,,3725.75,2809.51,52394.22,27249.35,,,59422.4157,16698.9947,89880.88,20959.9,1842.22,1797.9,217169,223477.13,56045.98,152914.47,36708.46,53845.68,32856.6,1964.87,6095.52,1113.37,6266.39,4096.84,7114.17,165947.67,43236.92,4220.46,5748.55,tl_2025_17_sldu.zip,https://dev.planscore.org/plan.html?20260308T223410.619340349Z
IL,52,"SLDUST=""052""",53987.71,30634.38,1249.52,57619.61,33098.15,2456.86,52302.21,32043.26,7484.26,,,,56188.79,32230.04,4313.87,,,,48427.21,36086.37,5381.33,,,,,51731.62,34923.57,,,,,23502.22,7967.9,33736.09,21663.87,,,53553.6206,14666.5403,89803.45,22415.81,7450.67,4145.22,217165,223060.82,57845.72,132005.1,35157.53,42246.2,31466.76,627.59,4198.72,9902.68,11273.75,26437.05,20203.14,159484.49,44395.27,9902.95,9850.05,tl_2025_17_sldu.zip,https://dev.planscore.org/plan.html?20260308T223410.619340349Z
IL,53,"SLDUST=""053""",34605.32,73304.64,1722.35,35756.96,73879.27,2396.41,29694.41,64470.83,7587.91,,,,36449.64,69585.97,4563.35,,,,31150.08,62939.11,6476.05,,,,,37351.43,23776.59,,,,,5161.54,3336.76,50950.19,21638.96,,,64748.4506,14748.7676,88085.89,17229.2,2282.04,2006.49,217052,216326.92,45357.17,148729.92,29027.63,55874.58,30528.22,674.22,4183.2,1553.04,5495.0,3510.88,6824.08,163210.61,35594.16,7295.16,6950.88,tl_2025_17_sldu.zip,https://dev.planscore.org/plan.html?20260308T223410.619340349Z
IL,54,"SLDUST=""054""",29988.63,80328.61,1885.53,31774.22,81819.59,2217.1,27593.71,73778.21,6719.39,,,,34416.47,76740.57,3245.28,,,,34099.55,66213.86,6055.1,,,,,34459.44,25772.98,,,,,2730.77,2062.5,55785.69,26584.86,,,63345.4848,17482.8918,88730.24,20190.5,1418.44,1477.13,217148,215346.94,52550.88,152339.34,34922.41,54482.92,32988.44,1131.7,4978.17,1063.45,5735.97,3054.27,7020.45,166449.19,41531.14,2112.19,4191.45,tl_2025_17_sldu.zip,https://dev.planscore.org/plan.html?20260308T223410.619340349Z
IL,55,"SLDUST=""055""",28572.24,81868.69,1837.2,29136.06,82301.9,2272.11,25157.26,73897.0,6233.25,,,,32249.16,77030.84,2967.02,,,,38614.46,59713.56,4848.03,,,,,34573.06,23415.33,,,,,3030.55,2350.31,48419.1,21813.37,,,58599.5442,15421.7941,85951.43,17221.76,1615.09,1557.5,217112,214674.0,43921.88,151763.73,29911.96,58938.3,32139.67,1803.7,5114.63,1290.64,5143.92,5399.0,6967.21,165915.27,35559.86,3196.35,4338.3,tl_2025_17_sldu.zip,https://dev.planscore.org/plan.html?20260308T223410.619340349Z
IL,56,"SLDUST=""056""",48686.29,50715.81,1795.46,49995.66,53049.78,2526.51,43548.26,50130.02,7030.84,,,,50566.68,50107.96,3731.56,,,,53395.37,40108.66,5357.33,,,,,40924.97,27903.85,,,,,5977.23,4045.33,43276.36,25697.45,,,57247.8741,17453.8097,88281.64,20923.55,2867.73,2426.16,217244,215803.07,56485.3,148214.32,37034.38,61747.36,38435.11,1385.51,4418.47,2190.7,5612.73,20336.41,17969.14,168470.9,45362.8,6371.82,6838.61,tl_2025_17_sldu.zip,https://dev.planscore.org/plan.html?20260308T223410.619340349Z
IL,57,"SLDUST=""057""",53390.76,42884.34,1817.25,58911.84,45862.53,2148.09,54022.66,43553.06,5932.38,,,,57496.64,44758.82,3638.55,,,,60494.93,37218.14,4505.21,,,,,42095.1,31779.99,,,,,5283.88,3379.67,44024.67,29777.92,,,59881.6218,17838.3737,91080.63,25651.35,2543.37,2127.97,216858,225014.99,69686.23,153824.52,44615.47,62702.15,44671.85,2248.44,6419.95,2297.31,6290.92,50869.75,32420.14,162323.78,51950.76,5272.86,6256.74,tl_2025_17_sldu.zip,https://dev.planscore.org/plan.html?20260308T223410.619340349Z
IL,58,"SLDUST=""058""",26362.94,79556.08,1593.94,28190.0,81744.26,1885.21,26035.4,76377.27,5542.57,,,,32243.21,75131.07,2588.56,,,,41806.79,58815.79,4761.39,,,,,30702.52,23704.85,,,,,2817.42,2188.38,51161.08,24212.5,,,56776.0958,14221.9093,89133.16,19274.96,1586.16,1556.64,217166,220478.32,49974.29,156532.53,33156.67,62766.62,35903.21,1498.25,5239.1,1076.9,5843.49,7351.3,8422.39,167308.86,38391.85,3065.49,4631.69,tl_2025_17_sldu.zip,https://dev.planscore.org/plan.html?20260308T223410.619340349Z
IL,59,"SLDUST=""059""",31937.83,67709.45,1252.99,33241.97,69644.77,1822.2,31711.2,67435.93,5801.18,,,,37030.76,63001.08,2880.31,,,,47143.75,49961.14,5130.94,,,,,35605.97,27903.22,,,,,4359.8,3081.88,47323.49,25132.2,,,49186.2603,14843.3761,91089.2,21847.91,1682.21,1663.45,217036,221146.86,54532.09,153559.59,36574.2,64412.49,39157.88,2494.46,6630.08,1574.76,6216.78,13022.67,11641.0,168264.52,42304.49,3837.45,5487.8,tl_2025_17_sldu.zip,https://dev.planscore.org/plan.html?20260308T223410.619340349Z
LA,1,"SLDUST=""001""",19097.53,38744.76,766.97,20197.0,42416.0,1051.0,14261.31,36667.89,2145.46,,,,17334.0,42276.0,2185.0,,,,5742.56,16088.79,0.0,,,,,18954.84,16130.02,,,,,2938.7,2051.96,22928.75,15269.91,,,52201.6747,18025.8075,43005.98,13580.62,1581.18,1310.38,115622,117976.97,37857.99,80138.25,25545.53,36645.71,24566.24,748.66,2547.17,1667.93,3907.56,17201.14,12517.82,86744.75,28239.63,6155.11,6067.45,tl_2025_22_sldu.zip,https://dev.planscore.org/plan.html?20260308T223421.239553138Z
LA,2,"SLDUST=""002""",34769.92,19159.21,802.05,38608.47,19032.71,1057.08,35425.86,17416.48,1376.29,,,,32175.45,20161.1,2301.7,,,,15132.64,8575.35,0.0,,,,,14443.22,13909.13,,,,,2206.24,1924.88,29356.88,16620.8,,,52803.6584,22360.5872,42902.21,13546.6,770.76,943.93,115780,117942.07,36106.09,80044.63,23806.99,27886.86,20132.57,556.19,2836.7,583.47,2847.23,47102.93,23551.55,87220.35,28245.28,3270.77,4093.8,tl_2025_22_sldu.zip,https://dev.planscore.org/plan.html?20260308T223421.239553138Z
LA,3,"SLDUST=""003""",35257.52,10601.09,1248.86,39718.29,10835.29,905.06,35819.54,9749.14,1797.04,,,,34927.47,11018.08,2249.29,,,,16876.97,3797.73,0.0,,,,,21083.12,18388.35,,,,,7840.86,4237.6,23402.16,16607.73,,,41632.3076,14351.0571,45613.64,14512.71,4167.96,2488.25,119519,123573.86,43359.82,86229.15,29369.94,40074.18,28449.02,610.73,4008.66,4035.36,5805.51,51404.44,25546.69,89149.37,30745.71,4380.53,4964.6,tl_2025_22_sldu.zip,https://dev.planscore.org/plan.html?20260308T223421.239553138Z
LA,4,"SLDUST=""004""",34543.48,7457.91,1207.14,39915.02,9560.47,932.33,36229.9,8519.78,2213.71,,,,34726.28,10938.97,1968.48,,,,17769.16,4733.29,0.0,,,,,29732.76,21231.73,,,,,3274.86,2348.83,18786.47,14473.07,,,43869.4307,16899.3717,45946.36,14609.45,1708.55,1626.63,117821,114049.81,39784.41,80408.22,27695.2,33127.88,24302.15,219.86,3599.44,1150.85,4474.04,51403.59,25266.97,87008.63,30492.71,4718.01,5498.0,tl_2025_22_sldu.zip,https://dev.planscore.org/plan.html?20260308T223421.239553138Z
LA,5,"SLDUST=""005""",49664.0,7308.0,1496.0,54448.29,7185.75,1201.61,49699.42,6526.04,2679.87,,,,48264.9,8600.56,2433.19,,,,22582.09,3504.72,0.0,,,,,38132.45,27671.88,,,,,6957.92,4377.67,22044.68,16802.81,,,46304.1677,15932.3999,53055.19,17325.1,2325.16,2001.53,123995,130513.9,43575.29,96601.35,33270.78,30079.29,24175.15,578.48,4400.4,1939.45,5462.48,49274.8,27721.05,94617.76,33242.72,5716.46,6374.86,tl_2025_22_sldu.zip,https://dev.planscore.org/plan.html?20260308T223421.239553138Z
LA,6,"SLDUST=""006""",17388.0,40475.0,994.0,17659.0,43921.0,1073.0,15235.56,42945.14,2201.55,,,,15256.0,44998.0,1608.0,,,,8335.08,23803.49,0.0,,,,,23376.3,18092.11,,,,,3291.98,1774.29,22788.5,15425.19,,,64533.5744,27280.8728,39583.67,12114.63,1046.8,758.84,117595,112213.57,37756.4,75420.65,24445.98,30211.16,21370.74,598.03,2330.84,1930.14,3979.88,20535.28,15084.17,84238.84,28134.93,2458.77,2960.6,tl_2025_22_sldu.zip,https://dev.planscore.org/plan.html?20260308T223421.239553138Z
LA,7,"SLDUST=""007""",29835.0,9587.0,820.0,37619.0,10642.0,754.0,33624.18,10279.38,1408.76,,,,32539.0,10930.0,2111.0,,,,13917.04,5286.83,0.0,,,,,21567.0,18426.1,,,,,8875.93,4510.41,26423.31,17249.07,,,37490.1896,12938.6499,47706.72,15679.81,3672.55,2280.46,124487,126891.95,43591.26,86905.42,28980.2,36805.97,26692.73,485.2,3101.66,3308.98,5513.92,51733.32,26133.01,84298.06,29177.45,7085.83,6728.32,tl_2025_22_sldu.zip,https://dev.planscore.org/plan.html?20260308T223421.239553138Z
LA,8,"SLDUST=""008""",17806.0,29710.0,711.0,20383.61,32869.32,819.02,18242.93,30250.13,1609.26,,,,17476.52,31970.3,2397.05,,,,6791.98,13810.32,0.0,,,,,13901.01,14034.37,,,,,8930.6,3929.66,27566.69,16756.56,,,55747.0895,22347.4463,43417.26,13813.73,4234.66,2394.73,120920,119895.48,40135.43,81854.54,26370.66,32020.78,23631.19,1179.45,3446.26,3845.09,5509.82,25272.67,18153.79,86084.68,28547.89,7036.64,6725.46,tl_2025_22_sldu.zip,https://dev.planscore.org/plan.html?20260308T223421.239553138Z
LA,9,"SLDUST=""009""",22647.0,31693.0,1316.0,22948.79,34112.17,1173.98,20048.8,33382.47,3275.51,,,,19606.83,36124.09,1682.0,,,,9146.28,18081.52,0.0,,,,,39866.98,25208.04,,,,,2429.12,1152.74,19961.86,13413.26,,,66802.7892,21237.9915,51697.25,15526.33,801.84,568.72,124537,120650.86,34544.21,86406.75,25078.11,27854.54,19408.13,541.74,3095.14,2745.1,4927.18,11098.39,9989.06,88713.31,25096.92,7763.63,7064.8,tl_2025_22_sldu.zip,https://dev.planscore.org/plan.html?20260308T223421.239553138Z
LA,10,"SLDUST=""010""",18075.57,36486.19,1319.06,18507.99,38215.51,1079.11,15016.62,36502.85,2679.49,,,,14887.79,39059.48,2120.46,,,,5788.56,19558.57,0.0,,,,,29247.92,20869.55,,,,,12836.7,5414.82,23066.45,15051.14,,,70893.1156,20066.7105,48556.2,15217.84,5814.69,3013.93,123168,120714.69,37689.43,86499.59,26267.48,36861.44,24971.42,581.35,2796.75,3948.17,6178.51,8549.19,8527.35,88047.93,27100.47,11625.19,9307.4,tl_2025_22_sldu.zip,https://dev.planscore.org/plan.html?20260308T223421.239553138Z
LA,11,"SLDUST=""011""",14565.85,41714.91,1079.95,13892.0,39953.0,1298.0,10446.9,38328.04,2723.12,,,,11335.0,40835.0,1871.0,,,,4352.55,18386.16,0.0,,,,,31550.66,19308.15,,,,,2114.82,1418.25,15889.5,10700.45,,,79444.0246,31983.7339,39282.06,10981.39,1135.51,878.99,114481,109125.45,31688.0,74429.62,19968.93,28341.02,18675.68,833.23,2281.73,1249.55,2980.5,7952.84,7557.89,85945.69,23543.75,5387.63,5329.76,tl_2025_22_sldu.zip,https://dev.planscore.org/plan.html?20260308T223421.239553138Z
LA,12,"SLDUST=""012""",13881.0,40390.0,688.0,15778.76,41047.74,767.01,14099.49,37064.76,1385.56,,,,13355.67,40240.71,2382.05,,,,5267.79,15891.82,0.0,,,,,15127.54,14729.88,,,,,425.05,435.47,30050.05,18164.97,,,46304.6892,17727.5532,42919.78,13670.66,158.63,240.46,114171,113573.07,37653.81,79420.22,26113.5,26646.86,20317.29,760.21,2574.87,255.67,2400.59,19580.42,12728.92,86655.28,29033.22,2433.36,3541.24,tl_2025_22_sldu.zip,https://dev.planscore.org/plan.html?20260308T223421.239553138Z
LA,13,"SLDUST=""013""",7839.0,39940.0,667.0,6873.0,39935.0,876.0,4924.56,36774.59,1579.89,,,,5692.0,39810.0,1286.0,,,,1872.85,13436.6,0.0,,,,,15195.23,14771.96,,,,,928.0,594.0,29933.05,19692.57,,,73035.4655,29532.955,39239.94,14071.55,237.0,253.0,114815,114680.99,41807.56,74246.98,26690.2,28142.29,22990.05,636.65,2195.88,644.96,2568.24,7465.35,7398.12,84990.84,28844.29,2139.06,2906.58,tl_2025_22_sldu.zip,https://dev.planscore.org/plan.html?20260308T223421.239553138Z
LA,14,"SLDUST=""014""",32506.06,10551.33,943.8,38939.5,9856.71,994.93,34039.84,7549.09,1869.98,,,,34254.58,11623.36,1818.5,,,,18890.89,4795.98,0.0,,,,,22796.74,18582.41,,,,,2416.2,1974.3,17748.83,13970.27,,,33047.113,14873.1522,42505.42,14920.41,492.74,614.77,120703,114885.93,43533.01,66148.12,24808.72,22887.55,19280.48,372.94,2690.55,1917.98,4497.46,50523.22,27789.27,89237.3,33724.99,3171.02,4012.16,tl_2025_22_sldu.zip,https://dev.planscore.org/plan.html?20260308T223421.239553138Z
LA,15,"SLDUST=""015""",35266.0,9812.0,795.0,41533.0,10328.0,871.0,38300.35,9658.73,1301.97,,,,37335.0,11438.0,1686.0,,,,22084.34,6098.46,0.0,,,,,15473.93,16894.3,,,,,5183.69,3200.93,24407.91,17576.53,,,49721.6145,17757.6084,38633.64,14545.15,1656.86,1441.45,115848,114694.53,46245.7,72005.17,28627.86,31581.48,25767.49,233.28,2584.07,1403.46,4106.57,60930.35,31312.19,78020.06,32928.27,1377.65,2788.71,tl_2025_22_sldu.zip,https://dev.planscore.org/plan.html?20260308T223421.239553138Z
LA,16,"SLDUST=""016""",20595.0,30459.0,1456.0,19837.57,32267.44,1347.92,17665.68,31060.37,3730.44,,,,17130.74,35278.35,1334.91,,,,11031.55,22147.11,0.0,,,,,42034.71,26372.07,,,,,4990.77,3066.59,13982.27,12177.07,,,82567.4496,29640.3099,49827.32,16524.29,1886.89,1351.14,119031,116530.79,38246.32,79305.66,25327.84,26986.13,20685.85,352.53,2406.04,3390.1,5705.22,21620.21,17324.59,93672.91,30779.56,4505.0,5047.81,tl_2025_22_sldu.zip,https://dev.planscore.org/plan.html?20260308T223421.239553138Z
LA,17,"SLDUST=""017""",19960.73,41826.95,740.97,21980.41,43539.62,923.52,20855.14,38894.48,1412.16,,,,18502.45,43705.57,1899.85,,,,10630.57,18238.16,0.0,,,,,14781.74,15142.48,,,,,822.67,924.88,31747.67,18542.34,,,49906.671,18950.6041,43310.9,14297.45,313.64,432.99,114040,116209.7,38710.44,79166.44,25408.66,24796.24,20168.81,1111.76,4050.15,207.53,3265.7,27970.17,18255.68,86537.42,29739.45,2391.07,3533.63,tl_2025_22_sldu.zip,https://dev.planscore.org/plan.html?20260308T223421.239553138Z
LA,18,"SLDUST=""018""",14185.0,46005.0,913.0,13649.79,45644.89,1094.97,11543.88,40194.27,2027.08,,,,11592.58,46048.11,1668.99,,,,4771.2,15226.99,0.0,,,,,21029.78,17874.38,,,,,267.67,203.46,23519.14,15251.8,,,81434.5859,31908.0723,41129.74,13367.74,27.95,56.82,118250,117047.91,39098.88,77021.75,26091.44,30474.21,23379.3,499.66,2282.16,946.04,3031.61,13176.1,12050.5,84935.4,28999.6,3354.67,4329.88,tl_2025_22_sldu.zip,https://dev.planscore.org/plan.html?20260308T223421.239553138Z
LA,19,"SLDUST=""019""",21140.43,36077.81,866.94,23977.44,37997.69,982.96,21618.95,34811.32,1880.93,,,,20068.04,37863.16,2288.16,,,,8714.67,15539.41,0.0,,,,,18258.52,15590.43,,,,,6893.46,3766.35,30770.81,17156.33,,,54275.1694,17783.8097,45526.84,13083.22,2963.97,2087.07,123416,125762.3,38602.29,84833.36,24813.78,28920.7,21295.02,1473.52,4021.26,779.22,3477.89,25458.93,16276.09,89340.62,29737.03,6534.86,6605.31,tl_2025_22_sldu.zip,https://dev.planscore.org/plan.html?20260308T223421.239553138Z
LA,20,"SLDUST=""020""",8220.92,37799.64,568.99,9530.95,41564.19,740.12,9260.48,38420.43,1487.27,,,,7677.91,40372.61,1928.27,,,,3204.97,16013.56,0.0,,,,,12448.58,14347.25,,,,,1716.01,1488.2,34482.93,21426.36,,,56524.7141,21043.7609,45429.61,15353.17,548.06,627.15,123445,125507.23,43725.59,85656.12,28763.94,26969.61,22424.32,5683.28,7091.45,631.98,3393.92,10450.21,10674.31,87052.09,30363.67,3310.32,4834.7,tl_2025_22_sldu.zip,https://dev.planscore.org/plan.html?20260308T223421.239553138Z
LA,21,"SLDUST=""021""",14593.26,35962.97,510.01,16887.0,38638.55,785.89,16230.42,36066.88,1277.0,,,,13899.89,37784.18,2183.02,,,,5201.63,15503.08,0.0,,,,,10893.2,13800.51,,,,,2919.05,2293.66,37797.87,22033.07,,,44190.5361,19036.7124,46939.08,15522.54,1013.35,1080.97,118105,120814.2,41995.2,81103.49,27242.57,22643.85,20483.38,2057.09,4564.22,1169.92,4251.55,22292.79,18269.57,87259.75,30519.22,3335.27,4582.39,tl_2025_22_sldu.zip,https://dev.planscore.org/plan.html?20260308T223421.239553138Z
LA,22,"SLDUST=""022""",15536.95,37115.03,671.43,16772.18,39782.09,929.02,15889.98,38750.67,1706.29,,,,13988.7,39508.97,2091.37,,,,6149.16,19781.88,0.0,,,,,17074.48,24143.78,,,,,1489.44,1106.41,32091.07,28100.15,,,55796.4021,26525.3196,46087.39,21986.56,627.72,554.02,125671,122465.28,62154.86,81609.85,39483.24,26033.59,29042.85,738.32,6735.43,1710.88,7746.76,23294.16,24455.92,91911.81,45384.18,3257.73,6274.52,tl_2025_22_sldu.zip,https://dev.planscore.org/plan.html?20260308T223421.239553138Z
LA,23,"SLDUST=""023""",16092.0,43579.0,1151.0,16329.6,44585.44,1364.0,11649.07,42114.83,2949.95,,,,13880.52,45178.42,2291.02,,,,5295.03,19959.34,0.0,,,,,34566.93,34171.36,,,,,2545.34,1720.41,20292.55,20548.0,,,82280.2589,29031.3645,47920.81,21937.08,893.7,833.21,125014,126140.71,61445.93,84320.42,40966.4,32268.54,34640.72,411.84,5030.11,1936.98,6767.67,12657.91,16849.64,92836.79,44623.98,3855.85,6156.15,tl_2025_22_sldu.zip,https://dev.planscore.org/plan.html?20260308T223421.239553138Z
LA,24,"SLDUST=""024""",27693.35,23499.85,730.98,32378.53,23161.07,1028.9,31468.08,21866.09,1524.61,,,,26748.51,23831.96,2521.1,,,,11796.0,9548.74,0.0,,,,,15834.16,24430.58,,,,,1282.13,1291.34,32038.36,28057.41,,,39614.8015,17449.902,47135.35,23149.04,302.37,465.26,124799,127097.44,66984.08,84539.32,42628.66,26997.05,30276.49,528.23,6181.94,479.73,6315.31,46851.15,34705.61,89932.9,46222.91,1649.02,4529.6,tl_2025_22_sldu.zip,https://dev.planscore.org/plan.html?20260308T223421.239553138Z
LA,25,"SLDUST=""025""",11867.0,38100.0,687.0,12407.02,35331.29,829.8,12551.59,36807.18,1876.46,,,,10309.08,35315.66,1642.57,,,,5440.6,14400.14,0.0,,,,,17836.96,16424.57,,,,,1694.4,1164.39,26060.34,16472.68,,,55198.456,20888.4287,44181.83,13915.1,434.56,471.23,122998,117739.87,39019.35,76540.22,24833.65,28918.01,21940.08,1173.55,3647.21,692.59,3293.21,17571.57,14021.24,87123.63,31203.84,2775.31,3759.49,tl_2025_22_sldu.zip,https://dev.planscore.org/plan.html?20260308T223421.239553138Z
LA,26,"SLDUST=""026""",10772.87,46905.36,592.57,11969.86,47388.06,848.27,11458.52,43349.54,1438.52,,,,9534.99,46381.26,2139.79,,,,5099.92,19854.96,0.0,,,,,14042.48,22379.27,,,,,1714.76,1321.89,36581.56,30077.18,,,50260.5594,16563.3821,47830.72,22964.03,702.23,702.8,123793,130526.49,64957.64,87260.7,41821.52,22833.03,27239.64,594.7,6423.8,876.38,6699.0,15101.2,17225.99,91568.56,45512.55,2492.82,5146.15,tl_2025_22_sldu.zip,https://dev.planscore.org/plan.html?20260308T223421.239553138Z
LA,27,"SLDUST=""027""",13879.0,26266.0,669.0,15144.95,27069.5,908.02,16019.2,26571.3,1784.06,,,,12559.96,27280.49,1828.03,,,,6105.11,9367.65,0.0,,,,,14700.24,14519.74,,,,,1656.76,1403.4,25430.84,17854.92,,,50671.2441,19991.891,43595.07,15852.69,788.61,834.48,117231,108518.19,40505.92,74552.3,27230.17,29849.88,23345.99,648.83,3219.58,851.65,3361.17,22906.19,16827.37,83573.36,32290.91,2375.09,3613.82,tl_2025_22_sldu.zip,https://dev.planscore.org/plan.html?20260308T223421.239553138Z
LA,28,"SLDUST=""028""",11375.0,35106.0,575.0,12852.57,37369.16,743.62,12856.54,36032.97,1316.76,,,,10178.16,36715.21,1663.89,,,,5540.14,13494.88,0.0,,,,,13840.93,16716.73,,,,,1507.07,1092.19,30472.16,20345.73,,,46570.6467,21308.6978,42728.59,15564.13,671.52,640.31,114358,119083.3,42921.84,80750.43,27941.17,25674.84,21244.4,1152.79,4477.72,684.61,4438.13,19645.75,15138.61,83826.56,30320.46,2326.38,3958.69,tl_2025_22_sldu.zip,https://dev.planscore.org/plan.html?20260308T223421.239553138Z
LA,29,"SLDUST=""029""",22840.0,14742.0,571.0,27817.4,15768.91,855.48,27863.13,15989.01,1352.75,,,,22870.16,16513.56,2214.65,,,,11052.04,6543.63,0.0,,,,,12570.64,13766.39,,,,,2042.22,2025.23,28562.22,17747.93,,,32665.5771,12658.8398,45472.4,15027.46,682.98,961.83,119834,121424.04,39728.0,73960.66,23971.29,27196.37,20241.35,1227.37,4047.01,437.2,3477.83,48892.67,24412.23,90213.82,29665.2,2092.24,3241.94,tl_2025_22_sldu.zip,https://dev.planscore.org/plan.html?20260308T223421.239553138Z
LA,30,"SLDUST=""030""",6512.0,41106.0,474.0,8259.1,43246.27,739.87,6962.05,37087.12,1289.43,,,,7036.96,41937.05,1519.58,,,,2917.99,12633.72,0.0,,,,,12544.56,12250.23,,,,,2285.43,1372.04,29174.71,15397.17,,,50822.5605,16453.9964,42244.82,12010.37,1366.8,927.08,113737,116850.7,34233.66,74528.02,21474.52,28230.53,18827.78,1498.62,3286.62,1075.88,3106.93,9736.81,7020.15,81652.57,23989.98,4254.59,3661.81,tl_2025_22_sldu.zip,https://dev.planscore.org/plan.html?20260308T223421.239553138Z
LA,31,"SLDUST=""031""",15062.0,40804.0,718.0,16955.28,42916.13,886.68,16353.22,39922.86,1623.95,,,,14953.4,42559.98,1774.95,,,,8057.35,18890.28,0.0,,,,,19609.03,16850.31,,,,,893.53,834.25,31999.51,17871.38,,,34065.6483,12053.3644,50409.03,14881.73,407.01,488.15,120902,125285.8,37124.07,87441.75,24920.61,28993.98,20634.87,2669.09,4020.24,934.79,3787.43,23170.37,14132.86,91496.35,26263.01,2836.39,3334.14,tl_2025_22_sldu.zip,https://dev.planscore.org/plan.html?20260308T223421.239553138Z
LA,32,"SLDUST=""032""",8816.92,41575.48,421.23,10109.02,43780.15,610.78,9917.43,41367.04,1032.24,,,,8321.79,43146.45,1228.77,,,,4694.31,17431.25,0.0,,,,,13724.46,13540.31,,,,,1108.76,1004.92,33185.35,17328.32,,,43523.0858,19853.7433,40911.81,12376.15,248.54,447.2,114168,117477.6,33715.16,81002.13,22463.42,26119.13,17967.57,1367.54,3572.07,317.76,2753.19,19713.46,10729.6,86912.12,24353.73,2839.65,3782.75,tl_2025_22_sldu.zip,https://dev.planscore.org/plan.html?20260308T223421.239553138Z
LA,33,"SLDUST=""033""",12328.0,42181.0,608.0,13909.21,44215.25,720.21,13076.26,42111.08,1325.93,,,,11469.5,44106.82,1344.26,,,,5775.43,18280.35,0.0,,,,,19062.37,16310.57,,,,,1895.13,1727.85,32450.74,18549.33,,,39010.2952,17289.6518,47221.3,14192.14,913.64,1031.95,116896,121137.95,37035.55,85229.92,24906.2,29227.28,20322.13,702.19,3285.05,271.42,3141.29,21900.73,13925.02,89756.16,27237.22,2382.35,3661.2,tl_2025_22_sldu.zip,https://dev.planscore.org/plan.html?20260308T223421.239553138Z
LA,34,"SLDUST=""034""",24791.08,15806.52,585.77,30867.4,16552.27,680.94,30814.89,16371.96,774.64,,,,25327.39,17545.05,1910.81,,,,12133.62,7455.13,0.0,,,,,10552.23,12301.24,,,,,876.88,1027.2,27991.5,16249.14,,,32043.8654,14915.6927,39289.54,11812.76,459.27,849.55,113538,115435.86,36451.07,72967.36,21759.56,26461.43,18834.66,423.34,3037.97,362.67,3226.18,52131.15,22949.7,82687.47,25412.01,1407.89,2635.49,tl_2025_22_sldu.zip,https://dev.planscore.org/plan.html?20260308T223421.239553138Z
LA,35,"SLDUST=""035""",9228.0,40477.0,621.0,9958.54,42250.91,868.75,8793.93,41378.78,1736.34,,,,8170.38,42293.61,1492.72,,,,3459.65,15758.09,0.0,,,,,18305.84,15868.52,,,,,1796.96,1217.83,25928.72,15535.65,,,49603.5464,17441.5793,40630.06,12129.65,833.38,828.85,117819,109884.17,34875.02,73884.12,22247.92,27903.82,20541.34,1175.05,3145.41,1169.67,3524.96,14026.09,10755.77,86765.63,26744.79,2218.87,3105.36,tl_2025_22_sldu.zip,https://dev.planscore.org/plan.html?20260308T223421.239553138Z
LA,36,"SLDUST=""036""",13854.0,36605.0,599.0,15502.67,37606.83,799.02,13494.99,35258.96,1486.21,,,,13624.7,37610.83,1240.05,,,,6463.1,16633.12,0.0,,,,,18608.5,15816.95,,,,,2058.33,1221.36,25027.81,15211.72,,,43971.8724,15272.4898,48145.04,14211.04,1201.44,927.43,124512,122662.07,37410.35,81155.07,23589.43,37393.57,25905.43,856.03,3087.88,1297.61,3774.57,23772.41,15031.55,91448.91,27893.91,2935.52,3824.06,tl_2025_22_sldu.zip,https://dev.planscore.org/plan.html?20260308T223421.239553138Z
LA,37,"SLDUST=""037""",13960.98,33880.11,688.93,14480.24,33529.26,888.99,12824.92,30396.76,1641.34,,,,12022.33,33723.29,1807.95,,,,4292.73,11967.15,0.0,,,,,19698.72,16457.8,,,,,787.43,650.93,23352.03,16261.21,,,56166.7567,20004.4283,41096.72,14007.16,196.15,221.2,113500,113547.9,38570.52,72970.36,25820.32,25419.8,20007.82,610.41,2280.7,681.08,2547.87,20819.15,14484.84,85800.42,28548.81,3229.91,3677.1,tl_2025_22_sldu.zip,https://dev.planscore.org/plan.html?20260308T223421.239553138Z
LA,38,"SLDUST=""038""",20282.0,32348.0,724.0,22316.26,36158.31,969.84,19966.76,36926.92,2035.46,,,,20225.73,36892.93,1462.51,,,,9637.12,18509.36,0.0,,,,,23778.59,19814.97,,,,,2463.37,1856.15,26054.6,17400.22,,,52706.1437,19567.9662,49185.25,15369.85,1067.58,960.09,124283,124728.89,41526.85,85273.88,27268.47,34943.74,25200.59,997.86,3144.05,1096.43,3788.43,31253.79,19190.65,92757.08,31121.6,2815.77,3780.13,tl_2025_22_sldu.zip,https://dev.planscore.org/plan.html?20260308T223421.239553138Z
LA,39,"SLDUST=""039""",30120.0,16640.0,601.0,35098.38,15501.18,851.15,35580.7,15269.73,1282.31,,,,31709.94,15672.55,1685.47,,,,15787.41,7162.27,0.0,,,,,14293.09,17146.22,,,,,2086.77,1841.08,31003.01,20728.93,,,33959.344,11769.6267,51617.35,18533.58,903.74,1155.92,124908,131295.72,51664.17,87649.52,32663.77,36621.16,29867.99,505.27,3925.87,965.7,4746.61,56317.74,29194.81,90594.98,34630.4,2559.25,4021.38,tl_2025_22_sldu.zip,https://dev.planscore.org/plan.html?20260308T223421.239553138Z
MD,1,"SLDUST=""001""",17802.86,47688.3,1595.3,17259.52,45555.58,1283.5,14409.61,44729.02,3041.23,13788.25,47332.67,4446.38,,,,15489.93,30495.56,1791.58,17291.09,39599.81,2333.44,,,,,19917.22,15519.12,,,,,1960.28,1377.74,39327.54,16504.17,,,52835.8737,13443.544,54210.51,12413.74,973.09,890.19,134726,136500.58,32744.64,96376.88,22381.96,29911.65,19744.05,620.94,2872.27,1158.91,3625.72,6893.17,5380.08,106617.46,26110.07,1726.75,2635.26,tl_2025_24_sldu.zip,https://dev.planscore.org/plan.html?20260308T223441.883586368Z
MD,2,"SLDUST=""002""",24513.6,35600.13,1785.74,23442.6,32522.94,1385.49,18759.79,32722.27,3449.96,19300.12,38667.83,2923.65,,,,17558.94,22566.76,1829.42,20524.16,30032.37,2263.0,,,,,21228.0,15631.17,,,,,4981.4,2816.05,32012.33,15472.95,,,73020.3369,18783.1841,47947.73,11505.66,2607.35,1632.85,132638,130816.74,33846.15,91453.75,22276.96,31843.69,20594.48,572.59,2618.46,1696.26,3915.64,13650.82,10151.21,100830.16,26278.38,4387.13,4571.6,tl_2025_24_sldu.zip,https://dev.planscore.org/plan.html?20260308T223441.883586368Z
MD,3,"SLDUST=""003""",42493.59,21023.35,2148.63,39713.73,19098.42,1723.06,28532.65,16728.26,3894.59,35652.39,27736.31,1727.65,,,,27109.27,13207.07,1795.31,27646.93,17701.82,2301.89,,,,,33578.69,19341.98,,,,,15522.43,4581.2,16338.82,10689.4,,,97619.273,22120.5022,44260.79,10623.74,7826.37,2844.25,125990,113555.04,30115.47,77459.68,19555.97,22957.08,16161.91,343.31,2315.3,5177.34,6362.52,15666.63,13234.8,88407.01,24361.53,9098.26,7421.86,tl_2025_24_sldu.zip,https://dev.planscore.org/plan.html?20260308T223441.883586368Z
MD,4,"SLDUST=""004""",36541.95,41460.22,2539.34,34823.71,38544.16,2216.15,25439.46,37017.26,5111.65,28120.23,49225.18,2530.32,,,,25573.04,29617.9,2523.1,26429.7,37328.67,2351.46,,,,,35350.63,19808.12,,,,,6264.34,3154.82,20776.28,11324.27,,,112582.0847,25608.591,43066.48,9609.57,4089.26,2161.27,126452,121972.44,30886.81,83834.47,20055.29,25894.35,17161.85,441.16,2723.49,4482.41,5603.56,5867.12,7169.98,97546.47,25711.83,5635.97,5595.34,tl_2025_24_sldu.zip,https://dev.planscore.org/plan.html?20260308T223441.883586368Z
MD,5,"SLDUST=""005""",29556.0,46140.0,2668.0,29115.46,45383.08,2808.7,21883.19,44580.68,5567.89,21176.0,53910.0,2765.0,,,,21008.9,32394.63,4590.64,22771.17,46142.02,1912.56,,,,,33565.87,17801.13,,,,,5257.83,3005.2,25231.35,11235.82,,,92714.6254,22063.3714,47399.95,9207.7,3187.86,2020.1,133781,130405.04,27840.79,90063.63,18030.21,27729.51,15874.32,439.61,2118.83,2038.5,3512.66,4863.69,5503.54,101454.96,22466.57,3273.43,3600.68,tl_2025_24_sldu.zip,https://dev.planscore.org/plan.html?20260308T223441.883586368Z
MD,6,"SLDUST=""006""",20130.51,29209.18,1329.03,20748.62,28171.83,1197.77,22356.14,30863.96,2437.82,16542.36,31349.32,2218.04,,,,19002.44,19074.53,2997.68,25728.74,27504.28,1825.72,,,,,13271.55,12534.77,,,,,8859.97,5725.62,34681.32,17196.71,,,61848.6257,18411.9288,46392.3,11157.45,3874.61,2926.98,130703,124767.05,36135.02,86459.34,23111.21,30271.68,19775.6,778.66,2862.07,1773.04,4075.44,18677.06,14054.28,94039.55,28885.31,6092.89,7247.43,tl_2025_24_sldu.zip,https://dev.planscore.org/plan.html?20260308T223441.883586368Z
MD,7,"SLDUST=""007""",30714.81,42738.85,2378.76,30152.78,41517.04,1939.0,22908.3,40090.19,4008.19,23233.62,49762.1,2436.75,,,,22998.17,29547.45,4152.56,23307.98,41003.12,1820.97,,,,,36420.03,20682.17,,,,,8574.53,3572.37,23892.42,12810.25,,,106268.4914,24028.1631,48640.87,10646.62,5986.85,2687.97,129415,125356.0,31471.72,91276.75,21276.95,28142.55,19036.08,722.05,2646.39,4715.87,5794.62,9715.91,8836.83,97735.91,25905.27,3260.09,4147.2,tl_2025_24_sldu.zip,https://dev.planscore.org/plan.html?20260308T223441.883586368Z
MD,8,"SLDUST=""008""",34471.99,19946.25,1637.01,34297.83,19980.53,1408.04,32476.06,21936.93,3360.12,29255.89,24806.37,1601.99,,,,29057.81,14801.29,2923.54,32714.16,22203.01,2037.6,,,,,27884.79,19444.31,,,,,15366.64,6943.16,24085.92,14486.2,,,74554.4911,20791.6622,46541.01,11753.94,8094.3,4106.46,128099,121291.68,36531.3,84882.49,24524.78,30640.04,21099.96,556.24,2718.88,5511.73,6898.01,28961.16,17931.47,90617.08,27588.56,3663.68,4630.42,tl_2025_24_sldu.zip,https://dev.planscore.org/plan.html?20260308T223441.883586368Z
MD,9,"SLDUST=""009""",44758.0,25717.0,3525.0,46420.16,25627.94,2174.58,33118.9,24021.23,4683.62,34701.0,37781.0,1416.0,,,,30848.68,19414.32,3411.35,30898.05,27614.41,1879.72,,,,,54526.99,24700.06,,,,,24349.69,4625.91,11284.1,7868.59,,,160761.8677,36575.1644,42613.17,8906.64,15386.08,3939.88,130237,125109.41,29047.07,83696.04,17905.79,17918.54,12842.9,520.24,2199.69,18574.13,11182.04,8028.55,7212.95,87058.31,20836.81,3826.11,3786.74,tl_2025_24_sldu.zip,https://dev.planscore.org/plan.html?20260308T223441.883586368Z
MD,10,"SLDUST=""010""",47141.05,12937.54,2019.88,49441.76,12157.27,1337.45,37617.91,11272.71,2750.94,42485.27,18169.25,1186.96,,,,33372.24,8084.25,2431.32,36770.26,12269.19,1785.25,,,,,36761.63,21959.35,,,,,18746.0,6874.62,19698.62,13299.06,,,97847.4496,28340.9112,47044.24,11905.91,10507.39,4406.45,125835,127070.91,36832.83,88379.06,24079.16,31288.49,21369.73,146.92,2187.19,5005.67,6201.21,48968.19,22214.2,93132.35,28273.13,4412.54,5044.03,tl_2025_24_sldu.zip,https://dev.planscore.org/plan.html?20260308T223441.883586368Z
MD,11,"SLDUST=""011""",45144.85,20527.57,2193.88,48048.33,19571.08,1585.5,38630.88,18466.31,3741.5,37910.95,29022.36,993.99,,,,35653.82,14012.55,3328.44,37072.8,21143.35,1669.67,,,,,52720.32,27520.32,,,,,16708.19,5524.97,12494.84,9279.34,,,99199.3468,26196.4508,49619.26,11187.6,9958.65,3867.57,126330,123713.87,33683.41,88442.08,22166.18,25172.02,18747.6,251.53,2387.68,4399.29,5636.5,27237.82,16392.1,94067.37,26979.35,4018.21,5013.35,tl_2025_24_sldu.zip,https://dev.planscore.org/plan.html?20260308T223441.883586368Z
MD,12,"SLDUST=""012""",44568.79,18631.8,2482.0,46269.27,18276.58,1815.03,36783.37,18462.51,4117.45,38106.74,25685.83,1549.03,,,,34280.25,13369.12,3120.51,36260.89,19942.01,2222.9,,,,,42786.98,23898.11,,,,,15649.72,5030.57,18591.36,12470.44,,,84072.7568,24001.6174,49959.4,12214.22,9003.09,3196.91,131694,128304.14,35733.86,89695.39,24080.71,26328.96,18934.16,502.64,2547.86,9575.04,8517.8,24818.32,15995.62,95155.76,27640.9,6438.38,6542.87,tl_2025_24_sldu.zip,https://dev.planscore.org/plan.html?20260308T223441.883586368Z
MD,13,"SLDUST=""013""",49825.51,15870.65,2970.97,51789.53,15018.59,1955.3,44930.64,15305.89,4770.12,42491.69,24646.45,1261.99,,,,42015.78,12707.32,3189.59,43355.72,18231.14,2453.76,,,,,50669.29,24244.56,,,,,22493.27,5427.47,12292.59,8664.04,,,120255.1105,26652.6073,45371.82,9669.98,13385.39,3651.68,131670,127865.85,31616.36,85363.68,19816.14,22781.94,15835.16,310.55,2013.13,13373.79,9722.21,26759.82,15371.79,92301.45,23314.79,7119.45,6323.14,tl_2025_24_sldu.zip,https://dev.planscore.org/plan.html?20260308T223441.883586368Z
MD,14,"SLDUST=""014""",49017.41,18910.3,2684.89,53823.74,17642.27,1817.07,43805.51,16698.56,3920.82,42494.68,26860.99,1049.96,,,,38262.82,12801.09,2224.12,43208.72,18273.68,1837.6,,,,,48855.78,24620.39,,,,,27369.49,5412.73,14232.55,10438.83,,,135462.5686,35459.9836,42394.19,9635.6,18146.25,3950.62,127872,131554.66,35861.25,88712.84,22539.48,24385.42,16500.19,369.38,2320.47,12017.64,9668.74,24977.14,15519.78,89676.05,26412.34,9436.91,8328.3,tl_2025_24_sldu.zip,https://dev.planscore.org/plan.html?20260308T223441.883586368Z
MD,15,"SLDUST=""015""",49775.93,18462.99,3108.28,53953.22,17183.66,1772.17,42242.35,15947.19,3938.96,41733.63,28259.53,1026.39,,,,37562.26,12915.77,2718.15,41673.58,17559.05,1714.56,,,,,58638.45,27306.28,,,,,29696.04,5370.79,7952.45,6800.95,,,158990.3047,35633.2907,42026.45,8688.47,20385.38,3930.12,130355,124185.44,30452.08,85508.98,20482.37,17381.97,13993.14,334.26,2260.33,23523.95,13877.67,11429.63,9265.3,89109.67,23714.71,8312.21,7598.16,tl_2025_24_sldu.zip,https://dev.planscore.org/plan.html?20260308T223441.883586368Z
MD,16,"SLDUST=""016""",60066.82,12653.56,2730.74,62380.02,12110.42,1636.69,53133.59,11554.63,4413.12,52284.78,22405.4,695.93,,,,47820.03,10511.88,3165.27,52638.54,14504.19,1344.69,,,,,76475.58,34232.48,,,,,28678.43,6614.18,4071.16,4961.86,,,233369.2071,45837.1496,51494.62,10194.12,15538.38,4037.27,132973,127823.17,31226.19,90902.06,19673.83,10357.72,9643.24,355.71,2866.35,10722.84,8964.91,5454.74,6530.89,88013.44,21741.38,6241.73,5761.09,tl_2025_24_sldu.zip,https://dev.planscore.org/plan.html?20260308T223441.883586368Z
MD,17,"SLDUST=""017""",44624.95,12603.46,2211.48,47159.49,11225.35,1512.65,39273.61,10188.29,3110.14,39081.35,19051.25,899.18,,,,34141.17,7698.24,2029.97,39028.57,11031.23,1631.96,,,,,55525.84,28778.35,,,,,33346.78,6749.31,11996.91,9445.48,,,123757.6733,29094.2304,50871.03,11263.33,16069.85,3757.42,134626,133337.32,32670.78,94117.18,23052.32,22598.49,16623.56,280.25,2585.88,14458.26,10801.87,12687.97,10436.62,81358.87,23541.01,11568.04,9184.99,tl_2025_24_sldu.zip,https://dev.planscore.org/plan.html?20260308T223441.883586368Z
MD,18,"SLDUST=""018""",48379.48,10697.26,2333.0,52017.82,9082.67,1602.09,47238.39,8319.54,3621.55,43498.1,16888.67,786.0,,,,41873.92,7263.51,2019.45,47095.47,9660.82,1712.13,,,,,50264.31,24888.36,,,,,40220.23,8041.38,12171.28,9170.59,,,120424.3638,35004.1663,44523.11,10302.06,20166.66,5180.49,127698,124935.88,33604.27,86631.46,22039.74,18296.52,14228.09,376.23,2652.91,7738.11,7672.61,12743.56,10386.01,81098.42,23131.72,15367.82,10673.54,tl_2025_24_sldu.zip,https://dev.planscore.org/plan.html?20260308T223441.883586368Z
MD,19,"SLDUST=""019""",43779.02,14759.71,2304.3,48247.05,13377.35,1510.27,43040.34,12068.21,3305.41,38277.41,21353.46,875.12,,,,37715.07,9774.96,1829.16,43038.2,12857.59,1610.25,,,,,43609.02,24152.58,,,,,41554.97,8149.4,15851.06,10580.75,,,123561.0387,26325.0567,44581.53,10631.29,21974.96,5035.64,128540,130309.26,37047.96,90318.64,24202.14,24527.21,16655.3,313.31,2370.5,12009.08,9564.84,16629.45,12009.86,82692.6,24222.77,14566.06,9506.22,tl_2025_24_sldu.zip,https://dev.planscore.org/plan.html?20260308T223441.883586368Z
MD,20,"SLDUST=""020""",46900.0,7335.33,1974.13,52348.76,5656.27,1283.82,43175.99,4492.2,2407.18,44412.82,10804.59,662.03,,,,39589.04,3646.89,1393.71,42281.98,5104.28,1790.08,,,,,48737.82,27116.16,,,,,42953.96,8696.55,13045.88,10121.09,,,116896.2987,34796.7955,48185.57,11441.14,20025.46,5315.03,130161,128403.07,36204.82,88852.52,24471.17,18861.0,15202.99,288.0,2694.77,7560.84,8433.24,27439.12,16267.04,80267.95,24086.99,10167.82,8443.58,tl_2025_24_sldu.zip,https://dev.planscore.org/plan.html?20260308T223441.883586368Z
MD,21,"SLDUST=""021""",40424.74,11253.89,2049.01,39672.35,9722.49,1381.16,37202.49,9104.49,2793.51,36603.82,15897.82,921.01,,,,29043.11,6319.96,1533.7,35816.83,9994.8,1949.96,,,,,33060.01,18949.99,,,,,31519.35,7646.8,13505.39,8848.12,,,96074.131,23342.5065,38906.28,8925.18,14412.08,4179.85,133402,119940.81,29736.7,72935.31,19059.69,21718.1,14904.81,483.11,2363.59,9283.92,7535.37,32680.32,15851.95,85575.24,21462.35,11121.63,8018.43,tl_2025_24_sldu.zip,https://dev.planscore.org/plan.html?20260308T223441.883586368Z
MD,22,"SLDUST=""022""",37298.33,5921.12,1768.69,42581.35,4707.45,1209.24,45826.51,4452.27,2131.17,35511.61,8622.63,645.92,,,,34884.05,3184.08,1041.12,44149.26,4727.02,2135.15,,,,,29032.12,18359.27,,,,,43532.09,9427.03,19179.28,11167.5,,,93666.7527,25117.9124,42623.38,10243.86,16632.69,5036.33,136297,125738.06,34136.67,84646.37,22493.15,28081.28,17867.65,489.36,2496.85,3411.46,4325.05,40666.54,19114.98,72377.19,22654.74,10643.21,8677.24,tl_2025_24_sldu.zip,https://dev.planscore.org/plan.html?20260308T223441.883586368Z
MD,23,"SLDUST=""023""",62988.03,9865.36,2020.16,66733.99,9379.41,1508.21,46166.11,9211.74,2685.87,59588.56,14256.89,894.08,,,,45233.14,6950.13,1517.14,45600.94,9535.9,1831.26,,,,,43123.06,23401.66,,,,,14000.78,5312.51,18757.64,11136.39,,,115845.5694,24846.2763,46560.47,10098.84,8991.46,3862.91,135858,129755.19,33259.35,90956.17,22215.48,32705.14,19374.95,614.59,2585.94,3140.58,4369.78,68798.03,24471.33,99235.69,25288.76,5075.89,4737.62,tl_2025_24_sldu.zip,https://dev.planscore.org/plan.html?20260308T223441.883586368Z
MD,24,"SLDUST=""024""",55027.08,4932.82,1710.91,61109.28,3668.69,1208.3,57641.34,2744.35,1560.19,53639.16,7249.73,652.95,,,,47079.82,1915.6,896.81,55796.54,2842.39,1869.93,,,,,30989.23,18664.79,,,,,20011.66,7127.7,25498.32,13564.29,,,87181.2702,24978.1646,46421.79,10940.08,11077.04,4399.43,135172,129460.36,36136.33,90268.54,23617.79,33151.02,20469.86,251.02,2377.46,2422.21,4318.5,78968.48,27503.5,93746.99,27757.43,5048.53,5295.15,tl_2025_24_sldu.zip,https://dev.planscore.org/plan.html?20260308T223441.883586368Z
MD,25,"SLDUST=""025""",59127.06,4186.41,1502.19,64249.62,3236.7,1119.38,53172.94,2267.4,1394.32,57618.86,6343.64,672.13,,,,47294.55,1750.72,830.37,51750.0,2274.06,1624.42,,,,,28156.32,18984.68,,,,,12451.91,5821.68,26803.45,14804.25,,,90674.5947,23671.2514,46619.64,10997.12,6038.93,3322.56,135779,128350.23,36212.58,89801.65,23869.51,37494.63,21884.52,172.84,2478.26,1223.1,3356.55,84316.33,29295.56,97837.64,29197.1,4367.02,4982.39,tl_2025_24_sldu.zip,https://dev.planscore.org/plan.html?20260308T223441.883586368Z
MD,26,"SLDUST=""026""",54053.12,5480.73,1629.91,60311.34,4469.8,1156.94,53357.07,3450.57,1593.74,52367.24,7877.58,751.94,,,,45306.47,2714.42,949.03,52096.23,3396.14,1661.68,,,,,28585.73,18891.96,,,,,17077.2,6645.89,25396.91,14366.38,,,104474.6118,28750.6689,47182.94,11507.99,7745.82,3429.73,135433,130327.7,38918.64,93753.56,25676.17,40394.84,23993.6,379.52,2511.02,3261.66,4509.27,75674.98,28921.73,97520.41,29194.59,7570.46,6779.49,tl_2025_24_sldu.zip,https://dev.planscore.org/plan.html?20260308T223441.883586368Z
MD,27,"SLDUST=""027""",47006.48,29450.94,1955.06,46968.96,26446.0,1491.52,36493.41,26464.52,3263.7,41367.48,34724.95,1899.06,,,,34533.9,19968.88,1908.73,36626.76,25515.9,2297.71,,,,,29891.04,16657.2,,,,,5375.48,2922.12,25820.41,12054.38,,,113087.8753,27981.5546,45229.36,9257.44,3410.15,1992.12,136066,130863.18,29735.51,89713.41,19038.14,35205.26,18908.69,697.66,2235.61,2404.38,3743.11,40022.56,16597.64,103354.4,23062.36,4688.41,4694.59,tl_2025_24_sldu.zip,https://dev.planscore.org/plan.html?20260308T223441.883586368Z
MD,28,"SLDUST=""028""",52473.62,22346.14,2124.98,50261.33,21649.4,1463.39,39421.88,21392.34,2717.14,47797.62,27260.09,1629.0,,,,35883.03,14954.75,1446.11,39142.93,21323.12,1979.93,,,,,26926.81,16203.7,,,,,6376.19,2866.8,28050.45,14392.76,,,100541.1776,27105.4166,47049.45,10035.79,4065.73,2072.06,136354,132861.68,32222.47,89592.18,20471.24,35686.07,19931.9,875.53,2601.1,3041.86,4261.19,51425.29,20688.03,101455.58,25112.81,4917.7,4875.75,tl_2025_24_sldu.zip,https://dev.planscore.org/plan.html?20260308T223441.883586368Z
MD,29,"SLDUST=""029""",29062.47,39673.42,2150.93,28253.83,35778.99,2004.02,22177.58,34382.19,4450.48,22887.61,44297.38,3070.85,,,,21098.53,25506.81,2397.1,22491.09,33943.78,2586.54,,,,,29068.21,19536.14,,,,,1578.0,986.0,27391.09,15434.48,,,99814.5014,31081.2711,48975.95,11917.38,797.0,672.0,135385,134362.58,36297.2,90184.3,23939.28,28880.72,20131.03,655.97,2425.36,2802.22,4561.53,15933.37,11453.28,101767.51,27773.75,4875.72,5551.16,tl_2025_24_sldu.zip,https://dev.planscore.org/plan.html?20260308T223441.883586368Z
MD,30,"SLDUST=""030""",40836.29,28319.97,2408.01,42226.97,28205.01,1908.88,29954.53,24466.56,4353.71,32316.98,37759.3,1401.0,,,,28736.8,20414.35,2646.21,29044.64,26661.93,1824.36,,,,,45235.32,25161.9,,,,,6212.58,2914.67,17660.87,11270.3,,,103608.6416,27375.4683,50599.19,12565.26,3342.7,1842.91,126331,129492.63,36579.35,90780.04,23423.42,26920.12,18367.81,394.11,2424.94,2110.73,4030.71,11408.07,10056.51,97672.2,27002.04,6297.67,5841.7,tl_2025_24_sldu.zip,https://dev.planscore.org/plan.html?20260308T223441.883586368Z
MD,31,"SLDUST=""031""",32069.09,40125.78,2360.04,31482.42,39332.06,2192.21,23108.25,39170.88,4525.11,24231.99,47608.91,2377.99,,,,23815.8,28592.56,3742.29,24136.91,39586.18,2009.82,,,,,32048.9,19853.76,,,,,3548.13,1900.83,22145.95,12943.13,,,108032.8488,30535.8818,44712.33,10762.28,2394.03,1283.92,130739,124063.08,34602.39,85870.29,22315.36,30564.19,21297.26,648.07,2438.08,3517.21,4933.31,9848.06,8652.58,96704.2,26328.22,4131.04,4466.54,tl_2025_24_sldu.zip,https://dev.planscore.org/plan.html?20260308T223441.883586368Z
MD,32,"SLDUST=""032""",37297.0,19562.0,1977.0,38245.22,19160.15,1645.33,30052.1,18820.39,3199.33,32055.0,24699.0,1662.0,,,,28368.36,13263.26,2406.6,30310.29,18914.14,1855.39,,,,,33113.63,21950.6,,,,,9101.79,3073.97,23472.01,13916.69,,,95790.4565,24293.2122,48056.8,12832.69,5202.45,2006.75,138486,135226.85,41259.17,91215.9,25738.57,32086.82,23124.72,724.98,2763.55,6148.74,6661.55,35319.22,19536.99,98932.88,27914.26,7630.27,7577.59,tl_2025_24_sldu.zip,https://dev.planscore.org/plan.html?20260308T223441.883586368Z
MD,33,"SLDUST=""033""",43998.68,29924.65,3012.79,44825.31,30321.37,2506.58,32955.87,29361.65,5662.82,34101.63,40989.58,1710.91,,,,31226.85,23544.98,3429.0,31716.5,32637.97,2160.38,,,,,47997.51,23915.09,,,,,8139.96,3297.95,14732.94,9812.78,,,123835.2135,30973.032,48352.88,10581.69,5263.39,2196.51,131785,128016.69,31542.05,89229.03,20718.97,28021.29,18686.07,393.4,2019.63,4816.18,5566.39,13521.23,10189.58,97257.95,24154.23,5607.36,5599.56,tl_2025_24_sldu.zip,https://dev.planscore.org/plan.html?20260308T223441.883586368Z
MD,34,"SLDUST=""034""",35900.18,31470.02,2126.14,35969.09,30101.94,1911.72,27299.94,29047.26,4011.35,29157.85,37403.26,2490.19,,,,25216.65,20018.34,3163.51,27809.43,29761.41,2087.75,,,,,30384.96,18854.19,,,,,7785.73,4261.3,23475.6,14125.93,,,82459.7375,24674.2526,49566.67,11728.44,5397.26,3068.08,131550,127551.52,34237.42,88457.22,22327.77,33169.67,22352.69,347.29,2476.32,3799.73,5411.91,24344.3,16469.66,101590.82,27128.03,5578.91,5518.11,tl_2025_24_sldu.zip,https://dev.planscore.org/plan.html?20260308T223441.883586368Z
MD,35,"SLDUST=""035""",24548.34,52751.89,2258.0,24248.5,49599.28,2062.18,18997.27,49600.01,4553.66,17586.23,57507.06,3679.96,,,,19680.47,36297.14,3970.4,20074.08,49930.92,2034.67,,,,,29800.8,17229.45,,,,,3985.0,2362.81,26077.4,13448.78,,,89903.2386,23755.932,46552.64,9808.91,2903.14,1864.62,134595,130262.7,31756.89,89747.05,20100.53,31494.48,19244.35,545.67,2422.43,2044.52,4031.47,4729.35,5960.19,100482.43,24653.55,2903.53,3728.33,tl_2025_24_sldu.zip,https://dev.planscore.org/plan.html?20260308T223441.883586368Z
MD,36,"SLDUST=""036""",28093.44,45324.89,2021.06,27433.49,41652.14,1877.64,21466.58,38043.98,3802.15,21478.25,49986.18,3165.98,,,,21620.88,27478.51,2885.11,22678.15,37302.39,1905.03,,,,,29748.97,19166.32,,,,,5601.37,3142.5,31904.51,15914.59,,,73528.4747,22180.4441,51974.39,12103.95,2145.18,1527.21,134818,137891.71,33934.87,96990.07,23702.35,29999.98,19782.96,601.42,2823.39,1193.14,3622.55,9624.23,8575.06,105310.7,26910.59,3592.6,4266.76,tl_2025_24_sldu.zip,https://dev.planscore.org/plan.html?20260308T223441.883586368Z
MD,37,"SLDUST=""037""",30615.15,36683.93,1842.94,31475.94,34972.43,1672.27,26623.37,33445.02,3072.23,24831.09,41271.84,2580.99,,,,25461.26,24164.14,2375.42,27620.53,32688.4,1622.4,,,,,25973.39,17248.28,,,,,7934.21,4269.6,30275.54,14986.75,,,63893.0748,17619.3758,54245.4,12780.3,3269.09,2322.87,134722,132995.06,33422.64,93115.46,22267.26,31445.0,19972.47,523.25,2844.39,1160.5,3778.09,23207.32,15023.23,99490.71,26056.0,2967.63,3812.86,tl_2025_24_sldu.zip,https://dev.planscore.org/plan.html?20260308T223441.883586368Z
MD,38,"SLDUST=""038""",28747.6,40096.71,1877.15,28766.01,38301.09,1458.85,22976.76,36020.21,3108.5,21786.43,44913.95,3245.16,,,,22367.58,26016.08,2247.56,23865.52,35207.8,1807.52,,,,,25415.34,19273.13,,,,,6298.72,3588.35,30248.79,16760.63,,,59548.3991,20411.8367,52684.33,14175.32,2856.84,1917.07,136645,136394.42,37875.31,93517.21,25223.03,34240.87,23394.9,664.73,3327.47,2215.44,5210.73,22024.38,14518.44,108830.17,30760.16,3347.28,4263.01,tl_2025_24_sldu.zip,https://dev.planscore.org/plan.html?20260308T223441.883586368Z
MD,39,"SLDUST=""039""",39308.38,13931.38,2319.18,44617.33,11968.72,1561.73,42508.26,10967.78,3144.08,34592.24,19449.1,1092.39,,,,34238.68,8307.57,1826.07,41675.4,11855.24,1985.3,,,,,41333.13,22466.64,,,,,41247.83,8274.17,15134.45,11478.86,,,121448.5425,25742.2183,43628.32,10423.47,22424.55,5089.88,133845,132178.25,36018.82,87368.8,23042.87,25043.39,16793.45,607.24,2513.4,16166.89,11372.06,19729.31,13866.35,81829.36,24341.11,18041.54,11606.75,tl_2025_24_sldu.zip,https://dev.planscore.org/plan.html?20260308T223441.883586368Z
MD,40,"SLDUST=""040""",38328.64,3691.62,1565.37,42332.36,3347.7,912.82,49328.08,3625.48,2259.53,36965.39,5740.11,815.13,,,,35555.72,2261.2,1547.13,46708.19,4360.7,2851.09,,,,,23802.75,21164.25,,,,,7846.53,4767.07,29384.79,21733.81,,,42265.9114,18120.0713,55327.59,19104.27,3273.83,2657.75,124305,128665.91,50388.18,93124.46,34804.52,32529.88,28698.83,534.64,4607.06,1620.36,5292.54,66278.95,35223.82,94653.24,37420.93,3114.22,4914.52,tl_2025_24_sldu.zip,https://dev.planscore.org/plan.html?20260308T223441.883586368Z
MD,41,"SLDUST=""041""",43075.99,8463.2,1451.23,46944.93,7283.85,958.99,40049.58,5373.2,2180.51,40640.13,11543.61,730.47,,,,34199.08,3138.53,1383.59,39504.34,5610.07,1861.54,,,,,28762.03,22495.41,,,,,9774.93,5173.5,25684.43,18603.58,,,55007.4813,22141.8617,51464.38,15632.31,4962.79,3194.22,125128,133081.98,49119.94,91037.88,31232.71,35050.61,28181.88,394.48,3775.46,1556.86,4665.28,64832.24,33194.18,95327.79,35268.85,3279.5,5019.25,tl_2025_24_sldu.zip,https://dev.planscore.org/plan.html?20260308T223441.883586368Z
MD,42,"SLDUST=""042""",33126.55,39606.32,2714.07,33426.25,38441.91,2490.46,26810.44,38960.41,5232.15,24586.49,48513.44,2224.02,,,,25298.32,29737.87,4414.22,25433.22,42330.53,2070.02,,,,,42000.47,22067.99,,,,,9002.09,3699.18,18719.12,10588.83,,,109627.1301,26932.6492,45930.55,10221.14,4729.06,2445.53,127486,122577.51,29569.89,86964.98,20364.73,26268.49,17066.85,401.6,2332.68,3253.69,4873.5,6969.09,7307.17,95704.07,25566.99,3695.13,4261.14,tl_2025_24_sldu.zip,https://dev.planscore.org/plan.html?20260308T223441.883586368Z
MD,43,"SLDUST=""043""",46742.61,5888.3,2026.79,49020.21,6230.09,1295.56,43794.26,6371.77,3103.13,43827.01,9870.76,851.99,,,,37806.88,5264.5,2144.08,40987.58,8132.54,3107.06,,,,,38027.06,24240.56,,,,,12714.83,5412.09,18903.03,14453.28,,,60720.9709,22133.3788,49373.69,13513.65,5783.83,3245.23,126409,130121.23,40266.38,82915.69,25990.89,24906.0,19419.31,596.98,3359.64,4027.77,5972.0,49527.84,25167.78,97997.98,31057.93,4399.97,4836.95,tl_2025_24_sldu.zip,https://dev.planscore.org/plan.html?20260308T223441.883586368Z
MD,44,"SLDUST=""044""",43331.3,15668.71,2180.57,46198.31,15000.78,1486.42,37797.66,14090.77,3084.94,39361.19,19967.12,1450.46,,,,33567.68,10108.31,2549.97,37428.91,14704.87,2030.25,,,,,28553.41,19241.91,,,,,18186.0,7209.27,25870.25,15890.03,,,74858.9435,21834.9485,48217.27,12214.64,8681.8,4263.56,132532,129188.79,36773.45,88040.03,23911.37,29289.1,19210.61,274.08,2567.92,5915.57,6782.03,42940.44,21213.35,95452.24,29308.48,4026.53,4783.36,tl_2025_24_sldu.zip,https://dev.planscore.org/plan.html?20260308T223441.883586368Z
MD,45,"SLDUST=""045""",40605.09,4812.23,1422.35,43418.35,4242.62,836.25,45623.78,4658.29,1925.26,38586.49,7143.04,938.07,,,,34541.11,2911.64,1457.15,43832.17,5130.37,2233.56,,,,,20750.86,20698.59,,,,,8751.85,5424.37,31042.86,21924.23,,,54053.2816,19582.4692,49635.05,16106.58,3503.42,2652.96,124582,132296.08,51365.49,89970.84,32433.62,31974.09,26576.92,425.04,4209.69,943.0,4543.62,67326.88,34200.36,89573.25,35223.7,2477.93,4258.3,tl_2025_24_sldu.zip,https://dev.planscore.org/plan.html?20260308T223441.883586368Z
MD,46,"SLDUST=""046""",40201.76,8772.41,1891.91,39824.44,8473.13,1396.41,36144.3,9668.8,3422.68,35854.73,13714.38,984.98,,,,29867.8,6397.13,2385.4,34202.67,11699.38,2219.55,,,,,42110.24,24132.5,,,,,14870.14,6454.2,17899.25,13059.38,,,66841.0193,20321.1273,51167.92,13629.55,5185.04,3093.78,127466,118383.72,37545.4,87240.97,25220.55,18973.77,16738.67,419.83,3497.99,3468.39,5536.39,25923.41,16312.29,87137.3,26381.8,7241.8,7414.25,tl_2025_24_sldu.zip,https://dev.planscore.org/plan.html?20260308T223441.883586368Z
MD,47,"SLDUST=""047""",28082.86,4431.7,1220.2,32972.45,3017.74,913.19,41220.94,2540.83,1455.48,27023.63,6014.07,531.04,,,,28753.9,1930.44,699.31,39671.21,2783.01,1603.55,,,,,18495.91,14343.29,,,,,54775.44,10718.59,22942.51,13143.07,,,68701.3505,15417.7871,42324.35,10563.1,16558.49,5338.97,136259,130291.48,36896.17,84826.65,22959.68,24116.36,16283.94,360.03,2450.34,1982.17,3773.7,39416.89,19220.12,62425.24,22211.85,13838.0,9424.42,tl_2025_24_sldu.zip,https://dev.planscore.org/plan.html?20260308T223441.883586368Z
MA,1,"SLDUST=""D01""",61443.0,30067.0,0.0,66758.49,27632.23,2289.02,55966.46,25831.21,7267.07,,,,66158.49,27388.24,896.01,50349.43,21077.19,2420.02,,,,,,,,45345.0,28387.0,,,,,8159.81,4258.17,35630.0,19559.0,,,75226.2502,16166.1717,71424.0,16883.0,4992.7,2949.37,167288,165355.0,42025.0,123038.0,30129.0,36545.0,25684.0,772.0,4549.0,1855.0,5670.0,3446.0,7173.0,135820.0,35855.0,4879.0,6175.0,tl_2025_25_sldu.zip,https://dev.planscore.org/plan.html?20260308T223446.881416177Z
MA,2,"SLDUST=""D02""",43246.0,35950.0,0.0,48454.11,35047.66,2091.97,41546.81,31985.35,6266.34,,,,47549.31,34710.18,1275.5,34069.59,26467.01,2368.93,,,,,,,,36907.87,25316.13,,,,,13381.99,6939.12,34808.82,20482.26,,,66497.6833,19424.5987,68048.45,16994.16,8830.22,5145.55,167628,169543.08,48530.11,119122.8,31552.18,36145.82,27048.0,598.32,3761.27,2421.24,5952.08,4028.65,7116.27,129183.26,37231.0,20675.67,14107.76,tl_2025_25_sldu.zip,https://dev.planscore.org/plan.html?20260308T223446.881416177Z
MA,3,"SLDUST=""D03""",34122.0,18343.0,0.0,40868.98,15962.54,1177.66,41608.82,12861.54,3425.26,,,,40268.67,15339.05,618.1,28307.49,9121.29,1447.14,,,,,,,,17708.19,18477.41,,,,,15773.6,7245.74,34401.83,23927.38,,,43533.1958,15408.8331,61931.42,18378.91,8027.03,4338.19,168062,165173.06,55358.42,103676.35,34968.08,33666.66,27451.34,345.88,3850.6,2317.56,5691.81,20162.91,18059.11,119829.22,42422.31,51386.13,29752.04,tl_2025_25_sldu.zip,https://dev.planscore.org/plan.html?20260308T223446.881416177Z
MA,4,"SLDUST=""D04""",49996.0,42451.0,0.0,54184.61,40510.44,2197.35,43218.14,38382.78,6737.35,,,,53462.71,39971.44,1196.39,37395.73,31489.44,2860.91,,,,,,,,44805.58,26938.59,,,,,11726.32,4799.06,32274.26,17506.27,,,82073.7948,23249.8388,64930.76,15079.98,8027.83,3559.28,167192,166846.43,42913.81,119932.02,29349.84,33946.68,23877.72,483.83,3128.17,3122.2,5478.14,4724.32,7447.53,130642.8,35510.95,8950.46,8073.56,tl_2025_25_sldu.zip,https://dev.planscore.org/plan.html?20260308T223446.881416177Z
MA,5,"SLDUST=""D05""",58200.0,22880.0,0.0,62922.51,21033.77,2398.98,55339.54,19853.79,7734.93,,,,63099.51,20899.76,1232.0,49712.57,16564.81,2464.98,,,,,,,,46044.0,26644.0,,,,,13240.19,4933.83,26089.0,15218.0,,,72451.7078,18412.0594,61717.0,14292.0,5722.3,3045.63,167716,167353.0,38371.0,105137.0,24829.0,27297.0,19819.0,852.0,3694.0,5345.0,5714.0,3786.0,6159.0,131205.0,29932.0,7215.0,6672.0,tl_2025_25_sldu.zip,https://dev.planscore.org/plan.html?20260308T223446.881416177Z
MA,6,"SLDUST=""D06""",45785.0,45488.0,0.0,48802.69,42378.89,2599.5,37851.16,38647.13,7768.74,,,,49017.14,41545.73,1781.56,31805.93,33745.4,3175.81,,,,,,,,39594.37,23565.95,,,,,10677.69,4995.78,33682.32,18164.97,,,87250.0794,24293.8817,62988.32,14600.51,6982.78,3495.91,167231,163840.29,40870.7,116602.27,27622.99,38835.53,25421.88,734.51,3431.43,2789.07,5356.49,3960.49,5838.15,129510.33,32825.47,6889.45,6674.17,tl_2025_25_sldu.zip,https://dev.planscore.org/plan.html?20260308T223446.881416177Z
MA,7,"SLDUST=""D07""",48053.55,52988.65,0.0,51689.8,48910.03,2770.0,39329.87,44850.03,8350.97,,,,51392.84,49054.98,1262.0,31873.89,38402.97,3288.0,,,,,,,,43240.36,26242.87,,,,,7897.08,4019.08,38529.08,20868.09,,,86778.1655,26519.9848,68655.37,15385.94,5023.92,2980.98,181709,181377.43,46102.66,126949.84,30805.9,40536.85,27220.94,581.97,3448.97,2330.0,5383.97,2362.12,5309.09,140549.72,36477.74,10789.74,8506.64,tl_2025_25_sldu.zip,https://dev.planscore.org/plan.html?20260308T223446.881416177Z
MA,8,"SLDUST=""D08""",44654.0,29458.0,0.0,50199.42,27824.68,1970.23,40260.03,25983.48,5628.83,,,,49857.63,28188.45,686.13,32239.81,23281.26,2309.08,,,,,,,,49619.75,27632.04,,,,,23139.56,6855.72,26193.59,15795.01,,,84841.5376,27406.4191,59277.15,13454.18,12217.07,4353.92,166976,157447.14,40282.53,108270.71,26429.21,26324.16,19347.63,603.77,3192.34,9084.82,9131.89,7111.06,8560.94,115638.63,31212.42,9829.02,8574.14,tl_2025_25_sldu.zip,https://dev.planscore.org/plan.html?20260308T223446.881416177Z
MA,9,"SLDUST=""D09""",40481.0,21568.0,0.0,46130.29,20535.16,1755.25,39401.8,17953.38,4919.43,,,,45793.66,20791.52,626.3,30989.85,16353.08,1810.08,,,,,,,,39855.88,25332.02,,,,,23569.75,7788.5,25174.09,16488.01,,,76877.7445,23308.9379,58937.53,15319.3,12712.14,4832.17,167438,152893.56,42749.77,102092.02,28212.81,28663.3,22256.49,468.72,3549.23,6643.11,8771.62,8823.45,10644.92,118851.05,35124.11,21341.53,15349.7,tl_2025_25_sldu.zip,https://dev.planscore.org/plan.html?20260308T223446.881416177Z
MA,10,"SLDUST=""D10""",49824.0,36246.0,0.0,54326.72,34287.79,2572.98,43200.79,32786.81,7446.95,,,,53609.74,34827.78,1368.99,34761.82,29272.82,2661.98,,,,,,,,45511.0,27189.0,,,,,15774.0,5659.0,31782.0,19306.0,,,88982.3212,24768.1063,65342.0,16525.0,9870.0,4205.0,177088,171823.0,47239.0,119564.0,30562.0,34190.0,24028.0,569.0,3406.0,6086.0,8100.0,4890.0,7482.0,130690.0,36542.0,15848.0,12246.0,tl_2025_25_sldu.zip,https://dev.planscore.org/plan.html?20260308T223446.881416177Z
MA,11,"SLDUST=""D11""",37670.0,29992.0,0.0,43395.72,28614.89,1539.99,37147.0,26005.0,5023.0,,,,43832.71,26776.9,436.0,28218.82,21302.93,2197.99,,,,,,,,34994.0,25182.0,,,,,35469.0,10663.0,35028.0,21074.0,,,83588.2627,26243.1028,61863.0,16451.0,18861.0,6780.0,175513,170698.0,51178.0,113838.0,33264.0,30541.0,23403.0,362.0,3395.0,17043.0,15407.0,7304.0,9805.0,121885.0,38515.0,14903.0,12400.0,tl_2025_25_sldu.zip,https://dev.planscore.org/plan.html?20260308T223446.881416177Z
MA,12,"SLDUST=""D12""",68276.0,27789.0,0.0,73940.23,26857.2,2774.02,59526.2,26332.2,7979.05,,,,71581.25,29894.18,838.01,51026.19,26313.17,2937.02,,,,,,,,72367.0,35948.0,,,,,24161.0,6484.0,20108.0,13671.0,,,134220.8506,41181.6062,65101.0,14192.0,13381.0,4172.0,178130,175020.0,44955.0,122197.0,28748.0,26571.0,21041.0,465.0,3365.0,9808.0,10080.0,3079.0,6090.0,122385.0,32402.0,6826.0,7714.0,tl_2025_25_sldu.zip,https://dev.planscore.org/plan.html?20260308T223446.881416177Z
MA,13,"SLDUST=""D13""",60662.0,25322.0,0.0,66246.91,24186.3,2180.66,54291.66,23126.31,6654.45,,,,64323.89,26576.8,615.09,45282.64,22996.32,2297.5,,,,,,,,72576.0,38710.0,,,,,23976.0,5900.0,21174.0,14599.0,,,124359.238,38104.1669,67072.0,15719.0,10885.0,3699.0,175069,172897.0,44858.0,122596.0,30704.0,24704.0,21112.0,370.0,3393.0,8250.0,9936.0,4948.0,7708.0,115100.0,33448.0,8045.0,7706.0,tl_2025_25_sldu.zip,https://dev.planscore.org/plan.html?20260308T223446.881416177Z
MA,14,"SLDUST=""D14""",62527.45,38304.35,0.0,67688.17,35825.19,2718.37,52799.79,34025.94,8385.66,,,,64192.09,40039.78,685.92,43037.01,33771.15,2869.54,,,,,,,,66783.0,33833.0,,,,,11215.0,3813.0,21633.0,13673.0,,,134881.7517,38466.8539,62887.0,14033.0,6138.0,2232.0,178044,175588.0,43377.0,120104.0,28086.0,27715.0,21658.0,374.0,3262.0,6265.0,7782.0,3251.0,5708.0,127675.0,32883.0,4979.0,5954.0,tl_2025_25_sldu.zip,https://dev.planscore.org/plan.html?20260308T223446.881416177Z
MA,15,"SLDUST=""D15""",61530.0,23900.0,0.0,67464.0,23977.0,2425.0,55668.63,23471.85,6338.95,,,,66000.0,25957.0,543.0,47173.0,22702.0,2643.0,,,,,,,,70710.29,36957.76,,,,,30486.35,7712.54,17208.4,13265.29,,,131640.0388,39685.6562,61168.38,14651.75,15564.96,4947.87,170258,166000.57,44232.15,113161.92,29548.14,20424.93,18220.07,561.33,3821.27,11872.21,12242.76,4791.42,7635.31,120326.15,35274.42,8465.37,8332.65,tl_2025_25_sldu.zip,https://dev.planscore.org/plan.html?20260308T223446.881416177Z
MA,16,"SLDUST=""D16""",64381.0,32318.0,0.0,71013.81,31449.81,2084.97,58687.92,30973.78,6034.91,,,,70945.82,31330.81,681.99,50047.05,27556.83,2976.97,,,,,,,,75157.71,42077.24,,,,,27991.65,6777.46,25107.6,17597.71,,,120394.8177,36144.1613,68922.62,17035.25,14794.04,4589.13,178462,179455.43,48987.85,130403.08,34436.86,26917.07,23027.93,443.67,4060.73,12499.79,12472.24,4268.58,7558.69,130028.85,40066.58,5267.63,6289.35,tl_2025_25_sldu.zip,https://dev.planscore.org/plan.html?20260308T223446.881416177Z
MA,17,"SLDUST=""D17""",71495.89,15604.68,0.0,80687.0,15070.0,1964.0,71614.0,14174.0,5412.0,,,,77993.0,18205.0,368.0,60508.0,15774.0,2570.0,,,,,,,,92921.0,46026.0,,,,,33636.0,7411.0,7884.0,8491.0,,,170527.4258,56535.08,64042.0,14398.0,18690.0,4947.0,181664,176292.0,42186.0,114482.0,27559.0,12431.0,13401.0,322.0,3828.0,17477.0,14222.0,3793.0,6733.0,127655.0,34092.0,6077.0,6211.0,tl_2025_25_sldu.zip,https://dev.planscore.org/plan.html?20260308T223446.881416177Z
MA,18,"SLDUST=""D18""",65671.49,31271.86,0.0,74066.57,29646.48,2317.03,62173.64,28505.34,6473.59,,,,72540.21,30864.64,563.16,52077.63,27934.84,2404.39,,,,,,,,73425.12,40625.61,,,,,30735.13,8857.45,23861.98,16054.34,,,120646.3171,32301.3641,70795.03,16780.32,19587.05,6062.3,180666,185007.11,50260.86,133260.77,34530.83,31723.75,24521.86,334.48,4038.47,6503.33,9356.53,13438.28,12661.24,132632.25,38139.97,12133.71,10455.14,tl_2025_25_sldu.zip,https://dev.planscore.org/plan.html?20260308T223446.881416177Z
MA,19,"SLDUST=""D19""",28610.6,23363.71,0.0,36944.81,19802.82,1057.4,36403.6,16324.4,2797.02,,,,38131.94,17575.77,564.35,24735.05,12299.08,1367.46,,,,,,,,19645.94,17022.79,,,,,46581.93,11481.03,30883.24,18906.41,,,62194.2518,22342.6163,53188.4,14376.04,24277.08,7089.66,167027,153115.59,47830.98,99830.23,29623.23,35449.12,25998.62,295.22,3116.71,2708.19,5962.99,3754.45,6573.24,101426.03,34233.06,49375.97,24905.81,tl_2025_25_sldu.zip,https://dev.planscore.org/plan.html?20260308T223446.881416177Z
MA,20,"SLDUST=""D20""",58129.72,43167.89,0.0,63335.61,41430.47,2571.61,48924.59,40183.73,7472.01,,,,63202.49,41650.53,998.65,40266.23,35569.16,3538.55,,,,,,,,60573.62,31356.17,,,,,18649.79,6523.56,29225.66,17084.87,,,107857.2777,28890.4902,67238.2,14575.63,12145.26,4825.45,181376,180526.26,45112.59,126176.76,29834.29,32176.66,21651.04,428.28,3369.76,6625.13,8358.95,3243.06,6149.03,138222.94,36094.45,8227.88,7401.47,tl_2025_25_sldu.zip,https://dev.planscore.org/plan.html?20260308T223446.881416177Z
MA,21,"SLDUST=""D21""",69530.21,43359.08,0.0,73612.07,41770.03,2880.76,57990.74,39856.82,8711.93,,,,71934.04,44193.27,774.24,49578.58,38275.1,3555.21,,,,,,,,71972.44,37021.04,,,,,10267.28,4579.41,24624.1,15762.71,,,115672.1806,36865.1226,70205.4,15843.33,6189.65,3081.89,180195,182926.15,45447.43,132456.01,31563.49,33831.21,24863.34,336.5,3585.53,3317.68,6549.06,1414.5,4614.73,140236.03,35714.49,3760.16,4764.72,tl_2025_25_sldu.zip,https://dev.planscore.org/plan.html?20260308T223446.881416177Z
MA,22,"SLDUST=""D22""",55409.89,34232.71,0.0,61392.91,32056.65,1978.22,50281.05,30881.9,6257.97,,,,62059.85,31348.49,659.74,41797.62,27285.75,2849.76,,,,,,,,50688.96,31283.21,,,,,16107.02,5879.34,30196.36,19080.43,,,84419.2977,27238.9424,68321.65,17717.74,10062.65,4097.25,169718,165893.02,46019.8,118779.68,32207.01,31816.26,24646.32,440.0,3421.26,3232.0,6029.26,4288.71,7285.14,131746.05,38291.37,11194.04,10232.11,tl_2025_25_sldu.zip,https://dev.planscore.org/plan.html?20260308T223446.881416177Z
MA,23,"SLDUST=""D23""",59446.57,30110.8,0.0,67171.71,29117.9,2059.99,54639.0,28649.0,5932.0,,,,67028.7,28713.91,567.0,45116.83,26146.93,2659.99,,,,,,,,66753.24,41151.33,,,,,30269.28,7517.7,27039.65,19629.09,,,109721.7129,36994.7876,68672.32,18448.43,16771.61,5441.59,183642,176108.38,54866.08,127923.68,37162.07,29045.25,24947.09,339.84,4182.84,14010.06,14625.2,7095.02,10663.7,127495.49,41259.14,6130.92,7648.57,tl_2025_25_sldu.zip,https://dev.planscore.org/plan.html?20260308T223446.881416177Z
MA,24,"SLDUST=""D24""",46377.21,31500.18,0.0,55478.67,29124.08,1647.01,46799.28,27653.76,4584.0,,,,56426.79,27423.92,696.0,36622.6,24093.9,2108.02,,,,,,,,42324.04,29833.79,,,,,40666.98,10701.66,32780.64,20786.57,,,93855.5478,34008.6928,63931.35,18306.26,19211.35,6325.75,181758,174792.98,57267.2,120506.32,36647.99,29915.74,25017.68,486.0,4208.74,5840.0,9125.74,9509.29,12432.86,122568.95,41317.63,21301.96,16464.89,tl_2025_25_sldu.zip,https://dev.planscore.org/plan.html?20260308T223446.881416177Z
MA,25,"SLDUST=""D25""",43672.92,20936.44,0.0,52831.81,18795.21,1450.84,45247.74,17800.2,4139.36,,,,52416.23,17917.38,458.82,35628.26,14999.4,1779.82,,,,,,,,59306.65,37172.7,,,,,47464.59,11147.36,31243.37,20904.04,,,81946.1846,26199.1225,72493.98,19103.62,17094.98,5822.35,183880,175848.26,54341.0,128770.65,39478.04,25989.71,23269.71,647.0,4557.31,6641.43,8844.54,5380.95,9054.12,116886.72,38704.72,20626.09,15738.92,tl_2025_25_sldu.zip,https://dev.planscore.org/plan.html?20260308T223446.881416177Z
MA,26,"SLDUST=""D26""",45280.85,12069.11,0.0,55986.94,10653.38,1251.51,50858.44,9580.66,3651.47,,,,55888.52,10157.18,275.84,41706.8,8067.41,1423.81,,,,,,,,62214.21,34930.47,,,,,46775.53,10031.29,24966.93,17924.88,,,86624.4923,28587.8133,67899.74,17042.86,16971.19,5405.48,184151,181501.06,52997.92,124463.29,36543.73,25093.7,23135.27,403.79,4151.18,13485.39,12432.58,13512.02,14320.94,112734.18,35048.38,20462.48,15849.45,tl_2025_25_sldu.zip,https://dev.planscore.org/plan.html?20260308T223446.881416177Z
MA,27,"SLDUST=""D27""",71182.38,15406.26,0.0,79596.02,14873.97,2018.09,71516.53,14694.61,5683.81,,,,79898.74,15019.58,392.04,63599.87,13190.66,2209.24,,,,,,,,84856.96,49494.83,,,,,25272.41,6924.69,19200.22,16444.34,,,110314.0709,37118.8456,73899.4,20338.46,10932.05,4020.28,180853,179500.94,53073.09,130638.55,39689.82,21796.97,21912.29,423.14,4546.28,13241.86,13702.73,8674.95,10992.99,134252.62,42879.77,9230.26,9576.88,tl_2025_25_sldu.zip,https://dev.planscore.org/plan.html?20260308T223446.881416177Z
MA,28,"SLDUST=""D28""",55909.33,12075.71,0.0,64324.81,11954.07,1959.95,57313.65,11792.83,5422.89,,,,63787.33,12873.81,404.14,50420.37,10911.25,2195.99,,,,,,,,85452.35,49442.49,,,,,29889.18,6932.78,12113.22,12113.85,,,106348.3687,36742.9417,69643.27,17322.01,13148.44,4100.16,183947,179256.57,47984.2,117494.32,33873.74,17139.19,17210.95,418.23,4319.35,16946.59,14248.46,8679.81,10269.94,128939.78,36519.48,9799.46,8529.83,tl_2025_25_sldu.zip,https://dev.planscore.org/plan.html?20260308T223446.881416177Z
MA,29,"SLDUST=""D29""",52560.95,6916.78,0.0,67021.84,4928.61,1013.51,64772.77,3167.37,2591.29,,,,66303.46,4639.88,237.14,50564.22,2616.12,952.58,,,,,,,,42173.77,33968.88,,,,,50853.8,13786.26,31556.94,24018.08,,,54710.2706,21811.4494,69405.3,21754.17,27918.48,8476.94,181874,189000.72,66464.29,123841.74,45103.35,40390.28,34166.2,471.12,4737.5,6183.95,8002.37,56981.27,36557.79,125848.13,47845.48,26143.3,19504.49,tl_2025_25_sldu.zip,https://dev.planscore.org/plan.html?20260308T223446.881416177Z
MA,30,"SLDUST=""D30""",56768.58,18854.63,0.0,68143.23,16400.48,1650.14,62011.18,12822.96,4451.93,,,,65938.8,17391.72,405.9,48591.2,13096.31,1886.25,,,,,,,,69626.7,43860.68,,,,,42437.08,10195.46,27016.68,20502.37,,,97885.2918,36300.5193,76917.96,21263.13,24265.2,7054.91,184255,183519.97,57295.56,137076.99,42381.42,30389.15,26808.62,444.41,4808.06,15523.39,15431.59,31598.7,23394.27,138639.83,46849.07,13881.78,11703.71,tl_2025_25_sldu.zip,https://dev.planscore.org/plan.html?20260308T223446.881416177Z
MA,31,"SLDUST=""D31""",62388.18,42476.85,0.0,68308.18,40609.15,2508.09,52760.0,39174.84,7707.87,,,,64400.2,45252.1,488.04,42565.34,39665.95,2507.08,,,,,,,,67460.0,37241.0,,,,,6371.0,2870.0,23369.0,16417.0,,,120568.576,37730.8009,68061.0,17353.0,4333.0,2163.0,172503,172002.0,47636.0,124177.0,33460.0,31701.0,23859.0,425.0,3828.0,3712.0,6902.0,2723.0,6063.0,133395.0,38133.0,2981.0,4483.0,tl_2025_25_sldu.zip,https://dev.planscore.org/plan.html?20260308T223446.881416177Z
MA,32,"SLDUST=""D32""",45652.38,34188.1,0.0,52899.6,31877.35,1959.62,43325.95,30310.87,4795.9,,,,53140.4,31144.72,639.75,33866.66,28695.12,1931.79,,,,,,,,51895.56,33003.85,,,,,29467.95,7567.51,29666.96,19362.31,,,92071.7617,27695.5052,66635.12,17406.93,16264.21,5193.89,172439,163700.5,50440.25,121009.58,35315.0,32192.13,26067.05,535.71,3911.41,17871.1,15115.19,7097.88,9851.01,124785.27,39696.22,5518.39,6667.75,tl_2025_25_sldu.zip,https://dev.planscore.org/plan.html?20260308T223446.881416177Z
MA,33,"SLDUST=""D33""",52362.71,34396.1,0.0,58987.0,32593.34,1951.31,47588.24,31049.78,5572.68,,,,58541.0,32176.41,650.52,37671.54,28988.06,2064.1,,,,,,,,48836.13,28402.19,,,,,22458.62,6260.99,27642.6,16120.71,,,110269.274,30251.3708,56799.68,13701.38,15471.67,4918.37,169378,163440.8,42296.82,111797.84,28416.64,29245.88,20316.07,420.2,3312.07,9412.83,9855.29,15454.09,13211.63,125192.37,35200.13,5136.54,5738.59,tl_2025_25_sldu.zip,https://dev.planscore.org/plan.html?20260308T223446.881416177Z
MA,34,"SLDUST=""D34""",43749.0,27556.0,0.0,51171.4,25090.19,1487.0,42460.56,24507.59,4274.38,,,,51551.53,23951.86,467.71,31874.76,22004.85,1395.04,,,,,,,,25028.31,19529.97,,,,,31110.43,8676.5,37080.44,20729.98,,,85751.9152,24528.271,55144.19,14588.7,19455.12,6100.74,172727,163293.71,49950.93,108515.58,31107.37,35024.99,24700.87,872.09,3931.52,3844.07,6661.53,36519.04,22472.36,117812.35,37915.65,9653.07,9770.67,tl_2025_25_sldu.zip,https://dev.planscore.org/plan.html?20260308T223446.881416177Z
MA,35,"SLDUST=""D35""",56689.0,40878.0,0.0,63067.0,38131.0,2507.0,48670.0,36127.0,7121.0,,,,61557.0,39394.0,679.0,39530.0,31827.0,2819.0,,,,,,,,59398.0,33176.0,,,,,15710.0,5263.0,28007.0,18466.0,,,108135.9617,29704.5562,67344.0,16064.0,10446.0,4007.0,181920,178521.0,47524.0,125160.0,31971.0,33960.0,24207.0,404.0,3478.0,7476.0,9102.0,6480.0,8978.0,135850.0,37594.0,5249.0,6048.0,tl_2025_25_sldu.zip,https://dev.planscore.org/plan.html?20260308T223446.881416177Z
MA,36,"SLDUST=""D36""",46820.99,51556.13,0.0,50558.92,45589.94,2381.94,39856.99,41051.23,6640.87,,,,50868.89,44173.98,1124.96,31502.33,34792.17,2353.94,,,,,,,,38456.0,27341.0,,,,,12655.0,5368.0,40838.0,22631.0,,,82578.9658,23225.8046,69362.0,18221.0,8752.0,3999.0,181988,178985.0,51591.0,128922.0,35511.0,39705.0,29037.0,688.0,3732.0,1594.0,4778.0,6881.0,8718.0,142390.0,42303.0,5202.0,6361.0,tl_2025_25_sldu.zip,https://dev.planscore.org/plan.html?20260308T223446.881416177Z
MA,37,"SLDUST=""D37""",36450.66,41985.81,0.0,40910.25,37500.04,1570.03,36548.46,31818.42,4360.09,,,,42553.26,34226.05,582.01,26897.16,23992.1,1772.01,,,,,,,,29658.0,21822.0,,,,,21700.0,7800.0,37538.0,22276.0,,,78217.7253,21355.9844,68375.0,17323.0,14502.0,5894.0,172232,166958.0,47176.0,121333.0,33451.0,36018.0,26815.0,713.0,4052.0,2750.0,6217.0,4402.0,7614.0,128310.0,37606.0,7114.0,7609.0,tl_2025_25_sldu.zip,https://dev.planscore.org/plan.html?20260308T223446.881416177Z
MA,38,"SLDUST=""D38""",37255.54,35036.83,0.0,41546.49,30194.55,1342.02,38188.32,25543.05,4310.01,,,,43284.42,27457.66,546.01,28787.33,20431.78,1836.0,,,,,,,,26511.0,21578.0,,,,,25592.0,8737.0,36529.0,20592.0,,,66126.8391,23627.3725,64602.0,16800.0,15733.0,6033.0,167853,162452.0,46140.0,111272.0,29785.0,29887.0,21696.0,843.0,4432.0,1642.0,5111.0,7822.0,9410.0,121610.0,36128.0,12346.0,10532.0,tl_2025_25_sldu.zip,https://dev.planscore.org/plan.html?20260308T223446.881416177Z
MA,39,"SLDUST=""D39""",65343.91,52701.65,0.0,67298.84,47877.31,2671.78,51267.51,45730.69,7549.41,,,,65920.15,49714.97,691.98,43250.29,43561.45,2908.67,,,,,,,,58232.0,33796.0,,,,,8441.0,4407.0,32790.0,18365.0,,,89871.1194,27857.0354,74580.0,18095.0,5630.0,3246.0,184504,181554.0,48046.0,136347.0,33770.0,41341.0,27626.0,1460.0,4639.0,2342.0,5896.0,2745.0,5767.0,150595.0,39850.0,3059.0,4476.0,tl_2025_25_sldu.zip,https://dev.planscore.org/plan.html?20260308T223446.881416177Z
MA,40,"SLDUST=""D40""",68908.02,38592.67,0.0,72773.82,37081.39,2253.2,58139.13,36421.36,7081.64,,,,71356.61,39005.59,584.03,49921.49,34573.93,2691.33,,,,,,,,55458.0,36314.0,,,,,15228.0,6671.0,28281.0,19727.0,,,77258.045,25734.3566,69157.0,20643.0,7759.0,4207.0,175563,156764.0,51248.0,123724.0,38408.0,39127.0,30343.0,918.0,5257.0,1631.0,5796.0,5163.0,9051.0,141635.0,47434.0,4482.0,6066.0,tl_2025_25_sldu.zip,https://dev.planscore.org/plan.html?20260308T223446.881416177Z
MI,1,"SLDUST=""001""",69245.85,37220.25,2545.48,76155.18,33126.67,1447.44,69127.23,27372.63,3479.7,,,,74778.47,31153.29,3394.0,57058.02,20802.07,1932.96,,,,,,,,25895.1,28492.95,,,,,19186.56,8337.57,61494.17,35530.2,,,38183.169,14182.8946,107053.62,31699.47,7877.51,4996.83,266557,266533.41,89474.21,177898.97,55467.68,72761.16,50088.14,1422.84,6648.47,1623.07,7112.74,70534.48,39974.18,187129.79,63789.31,24372.59,18522.33,tl_2025_26_sldu.zip,https://dev.planscore.org/plan.html?20260308T223447.956343370Z
MI,2,"SLDUST=""002""",48368.78,32466.64,14178.6,73126.47,25458.04,1222.04,62918.89,22827.57,3821.08,,,,71728.0,23696.23,2659.45,53687.53,17081.84,1374.37,,,,,,,,32951.54,27059.13,,,,,45006.38,10576.33,43083.47,26274.37,,,45841.0038,14442.8936,85769.93,23949.6,28349.72,7213.5,262619,244288.45,78095.88,149280.1,44728.92,53672.14,37987.83,968.0,4817.43,2457.0,6498.43,44089.63,26875.6,168327.73,56772.19,11000.0,10542.71,tl_2025_26_sldu.zip,https://dev.planscore.org/plan.html?20260308T223447.956343370Z
MI,3,"SLDUST=""003""",79883.29,29439.45,4196.11,88529.8,24299.43,1411.29,79433.78,20190.91,3465.84,,,,86544.99,23279.72,2998.14,67239.73,16147.64,2057.4,,,,,,,,44612.69,38038.92,,,,,29296.4,9845.44,55565.49,34754.62,,,33749.8917,14904.1525,115658.41,32424.6,15359.55,6279.62,267500,270862.28,85760.83,187934.88,57618.82,75782.65,51353.29,1206.13,6315.41,15033.92,16511.2,87953.32,43044.05,193457.88,63524.42,3122.61,5625.07,tl_2025_26_sldu.zip,https://dev.planscore.org/plan.html?20260308T223447.956343370Z
MI,4,"SLDUST=""004""",75505.99,76838.94,2983.89,78464.79,71973.76,2225.92,63399.76,60479.44,6151.89,,,,77540.91,69299.7,3554.94,63783.93,48339.26,2187.94,,,,,,,,41922.0,33124.0,,,,,9256.0,5269.0,59866.0,31728.0,,,67281.1259,18433.3811,105425.0,25786.0,6102.0,3909.0,270210,258614.0,71398.0,184149.0,47602.0,81312.0,48998.0,2393.0,6631.0,3917.0,8474.0,28806.0,24279.0,205440.0,59790.0,10440.0,11206.0,tl_2025_26_sldu.zip,https://dev.planscore.org/plan.html?20260308T223447.956343370Z
MI,5,"SLDUST=""005""",79158.0,58332.0,5115.0,85323.0,55838.0,1886.0,66902.0,48696.0,5859.0,,,,83226.0,55148.0,2909.0,64703.0,39943.0,1980.0,,,,,,,,57810.59,34233.33,,,,,26631.12,9303.86,43044.04,23535.36,,,64424.2889,16306.6665,98884.38,22966.26,15899.63,6509.2,260891,248766.27,66396.14,172734.38,43190.81,68744.61,42636.34,1837.0,5433.28,13449.73,13166.3,39217.86,27820.29,190339.14,54088.59,6116.2,7729.77,tl_2025_26_sldu.zip,https://dev.planscore.org/plan.html?20260308T223447.956343370Z
MI,6,"SLDUST=""006""",94387.86,43368.85,3284.63,99037.01,43222.12,1877.56,83971.58,39515.81,5371.83,,,,96502.75,43506.36,2908.65,77281.53,34251.98,1981.0,,,,,,,,57465.3,35490.89,,,,,16487.46,7665.22,44772.03,27876.68,,,59798.3584,15614.1643,103426.91,25059.65,9408.38,5054.65,260091,252917.12,71302.9,178160.48,46823.93,73405.4,44182.76,1288.0,5202.25,6175.27,9640.23,80112.84,38134.72,192375.71,55869.85,4946.8,6671.49,tl_2025_26_sldu.zip,https://dev.planscore.org/plan.html?20260308T223447.956343370Z
MI,7,"SLDUST=""007""",99338.51,38543.78,3177.14,106132.03,36380.49,1458.46,93183.33,32272.66,4047.28,,,,103107.21,38006.37,2204.35,82909.27,30076.6,1528.99,,,,,,,,70148.25,43703.25,,,,,23563.23,9310.95,38531.22,26480.46,,,64363.27,19513.0654,103756.68,27344.53,11560.45,5422.6,262085,255285.25,76852.35,177768.89,50540.27,68750.29,46760.28,855.69,5403.69,6498.1,10738.44,92041.33,44959.48,196123.03,60428.65,9027.09,9506.38,tl_2025_26_sldu.zip,https://dev.planscore.org/plan.html?20260308T223447.956343370Z
MI,8,"SLDUST=""008""",114973.23,35165.46,2910.78,119715.75,33598.49,1857.48,103938.66,30302.44,6124.99,,,,115441.07,36196.6,2595.47,94745.43,28968.37,1999.6,,,,,,,,83394.82,48492.4,,,,,13721.44,6857.07,38898.9,26985.15,,,74182.4866,19289.0936,116625.83,30177.09,7933.13,4724.09,258822,264612.71,77417.94,191140.29,53273.4,72672.86,50405.97,854.77,5445.66,4665.71,9371.2,86044.74,42317.93,203328.35,62279.11,4551.12,6428.53,tl_2025_26_sldu.zip,https://dev.planscore.org/plan.html?20260308T223447.956343370Z
MI,9,"SLDUST=""009""",68730.73,76554.64,4116.99,72950.66,72152.25,1678.01,55475.43,63476.09,5579.25,,,,70282.59,73009.33,1815.01,55412.55,53866.31,1391.01,,,,,,,,94221.45,48035.5,,,,,61717.63,12685.87,31026.15,18771.78,,,96996.2135,22730.937,97773.73,21308.07,35317.9,8890.07,262182,256273.14,64566.01,179027.45,41545.38,46370.04,31475.48,1090.05,4749.16,23608.77,20494.81,8832.1,11613.74,184383.48,50992.28,4011.51,5714.26,tl_2025_26_sldu.zip,https://dev.planscore.org/plan.html?20260308T223447.956343370Z
MI,10,"SLDUST=""010""",76471.62,48434.14,3266.25,82775.2,44243.39,1537.84,74259.86,38016.65,3977.82,,,,82009.28,41834.99,3134.37,62906.22,29222.11,1845.6,,,,,,,,32601.96,28444.21,,,,,23817.86,9893.42,62513.89,35779.47,,,38951.9976,13624.8863,105276.74,27656.4,14285.46,6564.94,269435,272323.25,84427.14,181938.59,51362.33,76708.62,49483.17,1088.53,5832.97,8360.34,13458.87,87039.58,45318.87,199790.57,65616.11,2921.6,5246.15,tl_2025_26_sldu.zip,https://dev.planscore.org/plan.html?20260308T223447.956343370Z
MI,11,"SLDUST=""011""",70978.95,73918.34,2531.36,73368.82,69859.05,1878.05,58230.12,60061.19,5227.44,,,,73140.58,66743.96,3143.65,57561.2,45813.13,1922.28,,,,,,,,41405.18,29945.29,,,,,10211.55,5065.46,54977.65,30305.06,,,64316.0374,17428.0694,103772.47,25130.8,6875.88,3893.21,260723,255938.75,69541.61,177859.8,44631.31,78537.27,46324.55,1527.21,5217.97,4373.93,8634.79,43307.13,31095.34,197018.9,55147.08,4056.25,5747.71,tl_2025_26_sldu.zip,https://dev.planscore.org/plan.html?20260308T223447.956343370Z
MI,12,"SLDUST=""012""",74259.74,86189.38,2625.95,75952.57,82978.23,2136.86,60403.94,72859.55,6430.39,,,,74869.51,81350.35,2967.94,61982.87,59148.76,1903.78,,,,,,,,58260.47,36587.6,,,,,9234.36,5186.15,48627.98,27244.99,,,70663.1208,19115.3632,108132.68,24214.98,6259.58,4038.15,258715,256723.3,65460.65,185239.24,43798.65,75744.8,44067.41,1416.18,5312.67,3017.17,7373.65,24865.13,20539.95,202075.33,52265.7,4685.25,6356.58,tl_2025_26_sldu.zip,https://dev.planscore.org/plan.html?20260308T223447.956343370Z
MI,13,"SLDUST=""013""",91582.4,74447.31,4250.87,96324.03,71822.14,1860.22,75912.33,64281.97,6401.43,,,,92168.75,74869.66,1787.86,75275.84,57233.6,1426.84,,,,,,,,108980.86,53721.52,,,,,41138.79,10910.27,26051.31,18629.62,,,105727.0299,27985.215,103808.49,23786.97,24900.14,7733.53,267881,257898.88,64337.42,186746.45,44483.62,52298.68,36575.8,785.02,4835.74,15942.9,16066.57,19053.9,18731.19,191910.43,54190.15,4901.05,6729.74,tl_2025_26_sldu.zip,https://dev.planscore.org/plan.html?20260308T223447.956343370Z
MI,14,"SLDUST=""014""",83260.32,69081.89,3265.2,82081.52,66118.83,2336.98,66138.18,57066.07,7060.98,,,,80319.51,65770.85,2847.0,66661.33,50285.99,2104.98,,,,,,,,73713.12,43747.99,,,,,15019.6,4929.77,43744.7,25812.19,,,73716.2597,19605.4249,104206.47,25275.9,7117.28,3077.3,270717,266175.4,66387.72,181393.83,43659.95,62226.88,40079.09,1722.54,5585.02,6653.79,9704.35,15225.96,14927.21,203725.24,54140.75,6411.06,7847.46,tl_2025_26_sldu.zip,https://dev.planscore.org/plan.html?20260308T223447.956343370Z
MI,15,"SLDUST=""015""",109938.88,42288.06,5628.87,110725.72,39624.27,2155.08,90821.15,35370.69,6814.23,,,,106156.13,42478.87,2768.0,85222.97,32588.22,1968.14,,,,,,,,84609.77,46743.78,,,,,27459.64,9198.72,28033.79,19323.44,,,82200.958,19022.3928,104543.93,23833.33,13536.91,5684.29,270492,268438.01,66269.49,166086.54,40356.64,55362.48,36402.3,1325.77,5264.23,13852.25,14290.85,32052.81,23776.85,206743.97,54694.07,9510.12,9960.6,tl_2025_26_sldu.zip,https://dev.planscore.org/plan.html?20260308T223447.956343370Z
MI,16,"SLDUST=""016""",52896.14,99163.38,2364.94,53470.28,91531.39,2455.96,43569.45,75505.5,7073.71,,,,52576.86,88821.79,3122.02,43817.37,59978.32,2180.9,,,,,,,,38390.26,29672.46,,,,,5359.98,3716.64,67062.0,31491.2,,,62432.795,16035.9803,106330.64,24177.32,2865.13,2280.1,271179,265637.37,65393.88,186505.16,43282.08,72187.73,42686.49,1985.03,5658.57,1394.81,6015.24,5443.68,8857.12,211733.9,52456.81,9258.55,9115.34,tl_2025_26_sldu.zip,https://dev.planscore.org/plan.html?20260308T223447.956343370Z
MI,17,"SLDUST=""017""",47479.14,89059.05,2118.17,46880.06,83662.19,2324.11,37474.19,70197.88,6108.58,,,,45012.89,82970.28,2991.12,36702.25,58072.64,2659.14,,,,,,,,36126.76,26333.74,,,,,8589.87,4063.69,65695.48,29596.64,,,54306.8975,13103.1866,106729.73,23078.09,3239.65,2062.56,270347,268491.91,61944.97,185521.52,40433.11,71159.52,39294.54,2538.72,6101.14,2159.38,6837.03,9888.61,11731.83,204348.38,46873.26,7212.75,7706.68,tl_2025_26_sldu.zip,https://dev.planscore.org/plan.html?20260308T223447.956343370Z
MI,18,"SLDUST=""018""",57505.2,93986.32,2174.93,55574.5,86692.14,2765.4,43436.22,73225.47,7924.98,,,,53203.17,87378.44,3071.55,43798.97,62492.16,2642.71,,,,,,,,43694.66,30387.97,,,,,6324.9,4111.2,61902.92,30101.82,,,62235.2786,13608.3583,103671.17,22864.29,2728.55,2132.85,268291,262300.08,60689.55,180981.29,40130.27,73722.02,42490.16,2513.31,5974.79,2701.77,6831.8,11114.39,11831.5,203014.31,49113.75,7353.38,8040.7,tl_2025_26_sldu.zip,https://dev.planscore.org/plan.html?20260308T223447.956343370Z
MI,19,"SLDUST=""019""",87379.6,61427.71,3054.97,86330.25,59427.12,2980.0,69069.29,52907.5,8439.04,,,,81240.25,63032.11,3252.01,67584.96,48018.78,2802.01,,,,,,,,67822.0,42555.0,,,,,7387.0,4361.0,39354.0,26576.0,,,62942.5068,17662.4352,107365.0,26728.0,3375.0,2328.0,271390,272686.0,75640.0,172051.0,45603.0,64737.0,41685.0,1796.0,5982.0,4594.0,9343.0,22036.0,21230.0,204290.0,59748.0,7970.0,9681.0,tl_2025_26_sldu.zip,https://dev.planscore.org/plan.html?20260308T223447.956343370Z
MI,20,"SLDUST=""020""",60937.16,85551.51,2456.98,59148.94,80273.75,2423.85,45304.05,69339.85,7005.48,,,,55332.07,82702.15,2560.88,43892.59,61134.66,2410.81,,,,,,,,46444.21,29609.83,,,,,8806.32,4469.42,55919.87,29081.78,,,57387.1173,14866.7784,100631.5,22789.35,3556.76,2244.34,262284,259521.08,63145.64,177015.02,40116.07,64621.86,39279.79,2082.84,5496.64,3433.59,7231.12,17748.92,14021.55,193267.64,46258.43,10003.11,9347.2,tl_2025_26_sldu.zip,https://dev.planscore.org/plan.html?20260308T223447.956343370Z
MI,21,"SLDUST=""021""",80743.31,62494.66,2762.85,82858.83,59975.89,2876.78,66132.19,52097.04,8366.02,,,,82500.8,58645.26,3155.53,67606.87,45224.44,2500.71,,,,,,,,52476.72,35980.05,,,,,15755.04,9503.71,48851.51,27073.37,,,64145.6949,13493.5542,110168.37,25439.87,7428.75,5613.5,263361,269254.77,70737.26,183334.66,44588.66,80489.72,46746.47,2048.74,6043.34,4432.49,9134.69,24845.07,22483.12,199110.84,54180.47,14382.64,13818.73,tl_2025_26_sldu.zip,https://dev.planscore.org/plan.html?20260308T223447.956343370Z
MI,22,"SLDUST=""022""",65537.58,107655.02,2327.02,63713.62,101712.95,2622.03,46048.26,85900.48,7839.03,,,,61730.63,101866.94,2462.02,49544.54,75265.77,2126.02,,,,,,,,62511.29,33546.77,,,,,5980.13,3766.4,48420.37,24119.58,,,83088.8909,18952.6263,98457.2,19896.71,4001.36,2966.9,260296,254568.35,53831.95,180508.8,36782.98,69499.29,36397.16,1750.62,4832.8,2208.0,5959.22,2249.89,6126.3,205144.96,44616.54,4793.26,6119.51,tl_2025_26_sldu.zip,https://dev.planscore.org/plan.html?20260308T223447.956343370Z
MI,23,"SLDUST=""023""",70851.95,96135.73,2709.03,70478.27,92219.06,2557.75,50566.86,79893.39,7760.57,,,,68004.62,92580.43,2672.13,54435.81,69273.73,2142.16,,,,,,,,69670.9,39575.9,,,,,15584.03,7327.79,43098.25,25394.96,,,85442.6346,22734.65,104685.61,23463.45,8534.14,4605.22,268135,266264.19,67631.33,185235.58,44658.6,73359.52,44951.2,1558.97,5435.15,4633.91,9115.72,9482.04,12932.74,203803.23,53663.44,7254.47,9220.55,tl_2025_26_sldu.zip,https://dev.planscore.org/plan.html?20260308T223447.956343370Z
MI,24,"SLDUST=""024""",59017.91,110989.74,2671.79,58376.11,103949.7,2203.0,42423.05,88713.96,6620.41,,,,57229.1,102866.71,2226.99,46714.79,75312.43,1696.99,,,,,,,,69454.9,39542.1,,,,,16918.2,7077.58,42100.46,23804.28,,,91265.8185,22894.4567,98290.52,21874.14,9891.54,4704.4,260296,259888.02,61476.59,183601.9,42730.26,70274.96,41548.77,1065.61,4401.16,4033.17,7332.06,3735.92,7661.91,197379.42,49450.13,5461.47,6834.74,tl_2025_26_sldu.zip,https://dev.planscore.org/plan.html?20260308T223447.956343370Z
MI,25,"SLDUST=""025""",47617.61,105812.0,2334.12,48082.06,98343.81,2243.14,38169.4,81566.07,6645.33,,,,49621.2,93417.61,3177.12,42442.53,63928.59,2534.07,,,,,,,,33067.68,25668.64,,,,,5858.85,3710.32,67828.33,27786.33,,,54163.3023,10444.2863,107386.97,21527.23,3122.52,2404.55,264345,261472.62,56781.12,186184.84,38353.2,74973.18,40787.27,1973.8,5892.67,1048.51,6026.02,5895.1,9408.07,205263.55,45889.19,5946.22,6884.54,tl_2025_26_sldu.zip,https://dev.planscore.org/plan.html?20260308T223447.956343370Z
MI,26,"SLDUST=""026""",55639.82,98543.6,2195.79,56907.29,91769.84,2310.8,47541.44,78839.37,7026.83,,,,58931.89,87432.4,2863.84,50049.35,62881.18,2526.85,,,,,,,,32241.78,24892.56,,,,,3626.69,2911.03,67285.87,27951.33,,,56557.4857,12441.1097,105422.59,21327.16,1812.42,1937.1,260766,256485.29,55307.8,183688.57,38023.15,77198.17,42271.86,2067.0,5729.64,1327.49,5903.0,7361.99,9943.8,205554.84,47537.76,7342.79,8015.63,tl_2025_26_sldu.zip,https://dev.planscore.org/plan.html?20260308T223447.956343370Z
MI,27,"SLDUST=""027""",78232.69,53437.69,2110.99,82651.0,50326.0,1876.0,72731.76,43443.88,5295.98,,,,82767.0,48247.0,2648.0,65698.0,35478.0,2290.0,,,,,,,,37765.54,33360.79,,,,,7232.45,5332.65,57133.8,37333.33,,,39664.9714,13671.9384,112787.44,33780.6,4681.06,3684.35,259877,266829.09,87610.08,180159.59,55371.65,82638.66,56403.87,1977.21,7072.7,2369.0,7833.98,56248.91,36523.13,195941.61,64452.05,7123.99,9643.83,tl_2025_26_sldu.zip,https://dev.planscore.org/plan.html?20260308T223447.956343370Z
MI,28,"SLDUST=""028""",79432.11,65633.32,2786.13,76775.55,61187.16,2358.19,64390.81,54951.96,7794.98,,,,75341.57,61729.8,2133.45,64342.59,47887.79,2025.26,,,,,,,,63325.99,36834.17,,,,,15212.83,6241.9,38661.12,20994.05,,,70141.0696,14785.8537,99899.43,21622.42,5169.89,3247.59,261214,261319.88,58641.79,162282.55,36571.35,61823.99,36101.38,1824.64,5380.86,6709.51,8806.09,9265.05,11953.58,200698.19,46688.99,9029.1,8835.76,tl_2025_26_sldu.zip,https://dev.planscore.org/plan.html?20260308T223447.956343370Z
MI,29,"SLDUST=""029""",79607.22,46300.92,2699.95,80338.29,45069.84,2510.12,62255.92,41437.46,7517.5,,,,75659.25,48920.01,2603.0,57760.17,38215.7,2336.04,,,,,,,,56740.0,36364.84,,,,,26890.25,9903.0,40749.93,25847.2,,,56643.9155,15994.8953,97176.95,23195.35,8933.46,4699.88,263780,262649.09,73163.28,168514.7,44711.38,59039.87,39881.95,1255.29,4733.64,6276.13,9520.97,31752.64,27226.42,182748.76,53504.42,19488.13,15693.71,tl_2025_26_sldu.zip,https://dev.planscore.org/plan.html?20260308T223447.956343370Z
MI,30,"SLDUST=""030""",81917.94,75084.09,3263.8,78354.44,72537.93,3144.43,56304.11,65948.64,9423.11,,,,72654.03,77729.34,2767.33,58164.96,60493.94,2615.21,,,,,,,,72403.98,40095.17,,,,,11598.22,6100.43,38801.24,24042.5,,,71488.3179,17722.8662,102337.47,23888.29,5709.57,3516.94,271211,268471.57,68395.09,174803.42,43459.27,62557.25,40114.01,1577.36,4855.18,4399.01,7925.74,10927.45,12705.11,203823.57,52755.71,11082.55,11026.88,tl_2025_26_sldu.zip,https://dev.planscore.org/plan.html?20260308T223447.956343370Z
MI,31,"SLDUST=""031""",65533.11,95966.29,2525.1,61416.44,91888.05,2717.07,42590.25,81186.5,8633.19,,,,55839.41,97087.03,2135.08,43038.74,74422.44,1991.08,,,,,,,,59884.98,36083.48,,,,,8172.63,4659.52,45684.08,25077.24,,,73562.812,18243.6829,95716.3,22142.05,5165.22,3495.64,264573,258278.06,64308.63,168444.31,40246.13,58111.78,35786.85,1068.68,4243.42,5108.85,8320.66,3792.25,7443.91,197259.25,50448.54,15989.3,13619.1,tl_2025_26_sldu.zip,https://dev.planscore.org/plan.html?20260308T223447.956343370Z
MI,32,"SLDUST=""032""",68073.85,78352.12,2302.06,66941.22,74161.66,2404.02,54022.83,60264.41,7271.4,,,,64891.2,73879.13,3044.03,53717.75,52683.41,2932.09,,,,,,,,38575.81,26612.54,,,,,5405.93,3513.92,61079.85,28679.37,,,52802.7295,11087.0559,100563.51,22517.83,2189.18,1797.57,261805,258975.93,62587.51,181795.65,41508.97,73406.1,41773.03,3329.53,6870.54,1529.27,5999.44,19018.18,16554.31,203240.28,49077.83,8642.79,8733.26,tl_2025_26_sldu.zip,https://dev.planscore.org/plan.html?20260308T223447.956343370Z
MI,33,"SLDUST=""033""",48508.9,101369.59,2406.03,45839.09,93337.0,2533.03,34986.69,75085.88,7526.93,,,,44481.97,92564.13,2991.03,38466.17,63530.94,2681.99,,,,,,,,37567.64,25201.12,,,,,4143.6,2842.66,67225.27,26996.39,,,53817.6116,10191.9963,98073.86,19082.82,1969.27,1595.23,267378,262738.33,52857.9,182788.4,34870.39,69427.53,35347.62,2813.5,5884.06,1320.58,4973.67,6669.54,8098.54,206354.51,43526.33,7558.13,7641.25,tl_2025_26_sldu.zip,https://dev.planscore.org/plan.html?20260308T223447.956343370Z
MI,34,"SLDUST=""034""",49052.72,94228.1,2306.17,48707.55,87023.22,2240.16,40200.83,70568.7,6666.96,,,,49503.71,84599.84,2333.26,41937.34,58946.24,2603.17,,,,,,,,35717.84,23618.83,,,,,3332.29,2198.61,70494.13,26016.43,,,49395.1844,9533.7002,106965.1,19570.23,1723.86,1401.88,268708,278783.82,54227.86,185320.6,35189.2,70115.31,33981.33,4257.29,6740.35,1538.81,6226.84,6076.88,8289.73,215861.71,43203.09,6523.2,6433.09,tl_2025_26_sldu.zip,https://dev.planscore.org/plan.html?20260308T223447.956343370Z
MI,35,"SLDUST=""035""",74482.37,73176.65,2265.95,75484.78,70753.11,2422.88,62682.44,62427.64,7396.86,,,,75228.94,69617.11,2368.77,59888.3,53438.51,2322.92,,,,,,,,48327.42,35997.12,,,,,5949.96,3810.52,57155.64,31356.08,,,47728.5577,13364.3568,113508.28,28095.46,2491.43,2197.43,270366,270763.87,71924.91,187269.53,46976.47,75144.22,48685.97,1713.63,6282.63,2896.0,7665.52,26104.0,20659.52,209017.22,56332.84,13469.55,13060.57,tl_2025_26_sldu.zip,https://dev.planscore.org/plan.html?20260308T223447.956343370Z
MI,36,"SLDUST=""036""",52641.57,115431.31,2481.96,51318.43,107640.27,2374.98,41301.85,90138.71,6975.98,,,,53211.34,104052.39,2417.97,45898.12,75796.59,3058.93,,,,,,,,34739.55,25112.12,,,,,3311.8,2153.91,74277.1,27802.72,,,46782.1342,9349.6876,118742.1,22119.69,1942.72,1544.99,270486,270351.49,51675.58,202634.01,37803.07,83337.47,38888.85,3459.52,7055.8,1328.76,6661.77,1827.67,6944.39,219875.25,43042.18,3608.37,4907.14,tl_2025_26_sldu.zip,https://dev.planscore.org/plan.html?20260308T223447.956343370Z
MI,37,"SLDUST=""037""",76277.35,95063.37,2990.0,72779.6,91698.27,2634.98,54542.48,80871.92,8250.84,,,,70039.65,93903.2,2113.0,59436.56,72770.29,2825.03,,,,,,,,63859.54,35761.97,,,,,4044.88,2407.34,50134.69,23326.94,,,57709.4364,12827.4967,109723.92,22578.79,1874.33,1382.39,261707,256640.2,54138.89,189044.71,38660.4,74835.22,39077.49,9739.34,10041.75,1516.28,5995.6,2129.07,7000.23,212627.44,45432.64,4068.62,5358.94,tl_2025_26_sldu.zip,https://dev.planscore.org/plan.html?20260308T223447.956343370Z
MI,38,"SLDUST=""038""",61032.67,89421.66,2417.02,60944.92,83980.42,2365.02,48976.82,72238.32,7524.98,,,,61738.89,81830.48,2108.0,53106.21,59799.1,2445.98,,,,,,,,46328.46,28533.03,,,,,4506.12,2728.66,66493.31,26336.06,,,49118.7763,10487.8785,111659.08,21412.21,2195.67,1928.61,266616,265864.8,52406.11,188610.29,35954.6,70718.78,35548.51,8965.66,9091.25,1579.72,6239.4,5920.93,7475.77,217432.56,42337.36,3184.38,4467.06,tl_2025_26_sldu.zip,https://dev.planscore.org/plan.html?20260308T223447.956343370Z
MO,1,"SLDUST=""001""",52122.6,43854.74,1818.05,53606.43,46060.14,1745.5,44759.26,46675.25,5197.86,,,,,,,47746.72,35967.09,2052.88,52716.25,40794.98,3515.5,,,,,51728.28,29659.67,,,,,9316.05,4236.04,31906.9,19915.54,,,71957.0706,19599.825,76524.53,17459.87,6479.64,3186.09,184853,182043.51,49118.28,130189.59,32425.59,45422.61,29400.72,790.6,3253.94,3300.91,6113.72,4943.73,7239.53,140992.73,37973.97,2900.85,4117.07,tl_2025_29_sldu.zip,https://dev.planscore.org/plan.html?20260308T223454.398132092Z
MO,2,"SLDUST=""002""",38539.86,62373.28,1377.7,37023.5,60220.58,1625.34,28257.58,56693.33,4260.36,,,,,,,32228.46,44121.54,1999.11,36753.6,49087.86,3437.66,,,,,50989.88,26334.88,,,,,5341.14,3021.98,26686.06,15151.79,,,103244.214,21364.4865,61958.2,13150.44,2871.9,1981.52,176200,171808.15,40376.36,117496.13,26479.0,40165.84,24737.94,763.27,2536.13,2913.05,5164.12,6251.63,8243.38,133386.67,32496.66,3897.78,4956.68,tl_2025_29_sldu.zip,https://dev.planscore.org/plan.html?20260308T223454.398132092Z
MO,3,"SLDUST=""003""",19431.37,64240.95,844.7,20236.9,61270.04,1237.69,18345.58,52524.99,3084.61,,,,,,,23126.37,37753.68,2503.95,29973.78,39479.3,4023.84,,,,,18205.55,18828.27,,,,,1116.58,1109.64,48067.04,25106.31,,,50629.4342,18616.1746,68173.11,18885.94,571.63,729.08,177838,179389.79,52935.71,126371.47,34880.26,48581.87,32736.47,1942.39,4406.48,727.93,3927.32,3346.09,4430.28,138978.98,39044.73,1746.59,3185.14,tl_2025_29_sldu.zip,https://dev.planscore.org/plan.html?20260308T223454.398132092Z
MO,4,"SLDUST=""004""",68781.84,22521.45,1922.01,72889.46,24913.73,1828.48,61652.29,25050.45,5346.31,,,,,,,63367.64,20159.06,1953.63,65454.11,23927.58,3303.24,,,,,70077.65,43062.71,,,,,14079.8,6496.91,23432.3,18340.35,,,61737.7677,19787.1428,86508.73,23114.29,6466.87,3744.49,184241,182636.34,54626.68,133858.45,37966.13,39593.27,30283.42,729.54,4560.98,5581.61,8758.59,22958.78,19876.19,141736.94,41909.38,4939.03,6273.45,tl_2025_29_sldu.zip,https://dev.planscore.org/plan.html?20260308T223454.398132092Z
MO,5,"SLDUST=""005""",49156.51,6412.63,1080.93,61525.94,6798.67,1029.28,63042.64,6101.56,2403.01,,,,,,,54471.06,4750.0,1077.61,62797.01,6372.25,2153.75,,,,,38615.62,30611.8,,,,,11218.66,6528.51,34227.66,26521.98,,,34167.687,14596.9992,83804.3,27032.54,4512.78,3885.82,180730,183720.04,69197.69,126663.62,44276.9,51002.26,39952.16,696.5,4998.12,3198.78,6809.92,78048.83,44321.1,134533.79,49761.54,4188.65,5824.37,tl_2025_29_sldu.zip,https://dev.planscore.org/plan.html?20260308T223454.398132092Z
MO,6,"SLDUST=""006""",23891.76,70709.54,1107.99,23615.79,68296.62,1435.98,20435.78,62950.73,3407.98,,,,,,,22714.79,52095.11,2361.94,29255.65,53973.89,3556.96,,,,,33736.0,25150.0,,,,,2367.0,1826.0,45600.0,24605.0,,,53227.7128,14970.4436,71132.0,18334.0,1217.0,1163.0,181225,184167.0,49879.0,130424.0,34989.0,45849.0,30806.0,1792.0,4430.0,1041.0,4558.0,7439.0,8534.0,140935.0,35890.0,3206.0,4447.0,tl_2025_29_sldu.zip,https://dev.planscore.org/plan.html?20260308T223454.398132092Z
MO,7,"SLDUST=""007""",58921.21,19877.09,1452.94,64019.78,20013.12,1630.2,52638.81,18704.6,4146.74,,,,,,,52272.53,16083.67,1600.85,54548.77,18660.45,2822.37,,,,,60362.68,37769.87,,,,,14671.95,6584.31,23622.08,18307.73,,,60561.0857,18032.0546,82138.34,23148.25,5738.09,3587.4,176411,174953.22,55351.75,126066.3,38745.2,41087.69,31968.21,1079.05,4811.12,4449.39,8231.85,23346.62,20157.7,133259.92,40363.15,11469.95,11326.99,tl_2025_29_sldu.zip,https://dev.planscore.org/plan.html?20260308T223454.398132092Z
MO,8,"SLDUST=""008""",46979.56,52411.89,1528.1,45219.65,51746.78,1902.62,32861.11,46898.96,4785.81,,,,,,,35657.42,38315.94,2083.88,39410.93,41529.26,3796.61,,,,,48222.15,28765.17,,,,,3483.81,2012.81,26326.99,17573.6,,,89068.3623,24758.2298,65080.41,16738.52,2098.35,1323.02,178186,172805.43,48334.36,115780.26,30673.93,45220.51,30183.83,1133.34,3533.54,2300.47,4935.55,11194.03,12036.33,131017.58,35748.63,6094.15,7092.47,tl_2025_29_sldu.zip,https://dev.planscore.org/plan.html?20260308T223454.398132092Z
MO,9,"SLDUST=""009""",50096.8,13519.91,1160.06,58185.92,13908.79,1374.44,56790.47,13622.78,2791.39,,,,,,,48855.1,10443.5,1458.55,58302.5,11971.73,2752.04,,,,,22000.73,21136.76,,,,,8295.17,5791.38,41729.4,26588.52,,,41023.3543,14904.0221,75158.26,22847.53,3039.69,2889.95,180309,179650.49,64675.72,118587.71,39458.97,56210.21,39657.04,880.73,4638.52,1146.14,5169.57,73344.19,40577.07,130526.4,46131.81,6446.57,8088.87,tl_2025_29_sldu.zip,https://dev.planscore.org/plan.html?20260308T223454.398132092Z
MO,10,"SLDUST=""010""",24621.56,68287.33,1123.92,24122.82,63255.67,1705.39,19266.81,53791.2,3647.34,,,,,,,23601.47,40480.26,2530.67,29027.8,43398.03,4113.74,,,,,28081.93,20456.64,,,,,1353.81,1073.51,43123.63,21511.42,,,58439.9761,18806.5342,63211.09,15181.42,817.71,760.71,182358,178064.07,45217.21,118650.82,29297.16,40377.93,25301.75,1280.03,3358.55,1324.52,4016.52,6159.08,7702.45,138384.48,34540.4,2606.69,3765.73,tl_2025_29_sldu.zip,https://dev.planscore.org/plan.html?20260308T223454.398132092Z
MO,11,"SLDUST=""011""",31028.44,39801.11,1056.9,32416.65,40866.3,1648.74,26681.62,36984.66,4087.05,,,,,,,27231.96,27899.9,2310.72,33503.8,29827.56,4243.98,,,,,22899.43,20828.2,,,,,8865.06,4424.49,42682.53,24677.15,,,56525.4768,15901.7527,69154.99,20290.7,3324.87,2256.63,182298,173323.86,55367.17,117379.73,35503.9,47064.59,32268.91,1890.88,4601.82,2029.0,5467.02,12036.16,13923.9,131771.1,42662.41,11765.33,11002.67,tl_2025_29_sldu.zip,https://dev.planscore.org/plan.html?20260308T223454.398132092Z
MO,12,"SLDUST=""012""",19124.26,71098.53,911.99,19820.66,69622.99,1275.31,18266.5,64183.6,3927.13,,,,,,,20722.45,48189.62,2779.94,29290.82,52610.08,4200.6,,,,,25762.71,18921.98,,,,,2454.97,1563.57,52470.57,19898.64,,,55495.928,11344.9323,71731.22,14233.85,1198.69,1066.49,181905,184106.87,37017.32,125443.42,23852.43,40841.81,22409.75,1519.0,4402.85,793.25,4705.46,2934.79,5674.33,139417.72,27826.76,2809.05,3693.08,tl_2025_29_sldu.zip,https://dev.planscore.org/plan.html?20260308T223454.398132092Z
MO,13,"SLDUST=""013""",58946.73,13383.0,1043.09,67849.87,15221.95,1187.06,65426.18,17317.89,3019.81,,,,,,,59351.98,11744.86,1545.99,68187.28,14786.94,2739.43,,,,,28220.68,24749.85,,,,,4701.75,3918.85,37438.59,25989.38,,,52204.444,19042.5366,73788.7,23429.44,2777.56,2514.75,185863,186312.96,66412.56,123872.09,41226.54,58686.23,41477.63,519.09,3601.39,765.56,4190.78,91531.93,44677.33,136940.67,48845.42,1557.12,3197.6,tl_2025_29_sldu.zip,https://dev.planscore.org/plan.html?20260308T223454.398132092Z
MO,14,"SLDUST=""014""",56312.56,17043.36,1221.94,64625.57,18293.37,1342.99,62847.39,18880.48,3495.38,,,,,,,58307.34,14068.0,1826.04,65112.6,16845.25,3287.93,,,,,38459.08,31540.5,,,,,7685.73,4344.8,38501.67,27367.04,,,46506.6342,15676.6466,81981.54,26113.51,3177.45,2096.19,185861,192158.83,68925.16,129930.74,43639.74,51849.14,38777.92,634.18,4437.15,3028.34,6951.35,65198.73,37093.62,138305.8,48385.68,5343.93,7178.19,tl_2025_29_sldu.zip,https://dev.planscore.org/plan.html?20260308T223454.398132092Z
MO,15,"SLDUST=""015""",53085.06,55154.96,2297.03,54427.02,58250.21,1713.41,41908.14,57899.34,4987.04,,,,,,,44115.35,50038.32,1600.02,45876.67,56892.81,3033.39,,,,,82789.56,38535.04,,,,,13229.68,4506.2,14607.18,10643.38,,,118103.2577,27129.4998,71122.57,14687.82,8685.04,3248.86,186330,183022.47,42696.21,128873.24,27842.36,37724.13,24619.3,653.2,2798.58,10100.45,11073.51,3889.6,6431.55,136243.81,33402.39,4050.04,4788.68,tl_2025_29_sldu.zip,https://dev.planscore.org/plan.html?20260308T223454.398132092Z
MO,16,"SLDUST=""016""",14737.25,57243.46,811.01,15195.21,54904.38,1317.02,13183.22,51335.27,2851.02,,,,,,,14988.21,40234.9,1984.06,19576.35,44604.11,3174.04,,,,,24105.0,21953.0,,,,,2792.0,1669.0,39277.0,22461.0,,,49661.6381,16019.2439,64827.0,18695.0,1427.0,1101.0,175673,175191.0,50272.0,111106.0,32069.0,40747.0,29637.0,2446.0,4959.0,2396.0,5497.0,5815.0,7708.0,133790.0,37017.0,6212.0,5345.0,tl_2025_29_sldu.zip,https://dev.planscore.org/plan.html?20260308T223454.398132092Z
MO,17,"SLDUST=""017""",43888.4,40957.11,1492.87,43375.17,38284.81,1701.59,32694.55,35306.32,4574.86,,,,,,,34459.62,28281.93,2132.42,38816.52,30311.54,3808.77,,,,,37787.35,27101.23,,,,,7827.87,4193.44,30834.64,21251.8,,,66766.7239,23017.824,64274.45,18023.29,4680.94,2882.59,176002,165850.21,52991.61,113461.76,35128.78,44862.27,33076.37,1465.74,4387.45,4285.57,7487.89,11628.75,13520.52,131850.41,41349.89,9354.03,9030.43,tl_2025_29_sldu.zip,https://dev.planscore.org/plan.html?20260308T223454.398132092Z
MO,18,"SLDUST=""018""",18517.0,62694.0,856.0,19620.0,61588.0,1400.0,18601.0,57593.0,3380.0,,,,,,,19631.0,45235.0,2608.0,26746.0,48757.0,3630.0,,,,,22586.0,19383.0,,,,,2135.0,1774.0,49032.0,21807.0,,,50433.8524,13193.5549,67547.0,15620.0,1013.0,1291.0,177689,179010.0,43936.0,119010.0,27903.0,38925.0,24492.0,1293.0,4729.0,930.0,5006.0,5202.0,7787.0,135840.0,33724.0,1886.0,3767.0,tl_2025_29_sldu.zip,https://dev.planscore.org/plan.html?20260308T223454.398132092Z
MO,19,"SLDUST=""019""",48452.0,39673.0,1961.0,50064.0,38646.0,2420.0,41125.0,36200.0,6101.0,,,,,,,42315.0,30710.0,2167.0,45100.0,34171.0,3781.0,,,,,51964.0,34060.0,,,,,4840.0,2232.0,22402.0,16406.0,,,65965.4065,15398.8713,71919.0,19163.0,1550.0,1095.0,183610,179704.0,51519.0,108906.0,30490.0,34470.0,26582.0,1259.0,3582.0,4790.0,7620.0,13594.0,13286.0,141915.0,39015.0,4348.0,5224.0,tl_2025_29_sldu.zip,https://dev.planscore.org/plan.html?20260308T223454.398132092Z
MO,20,"SLDUST=""020""",25097.09,72621.65,1071.51,23007.11,68350.25,1542.57,18796.83,60621.21,3767.96,,,,,,,22065.77,50349.4,2194.48,24861.26,55663.51,3247.68,,,,,32724.41,22938.03,,,,,1313.65,1068.76,35894.1,18538.67,,,56740.9628,16337.5884,65960.25,15845.8,796.43,761.49,176251,169443.15,45259.48,114885.1,28525.27,45556.29,27902.0,2087.11,3917.72,1907.72,4679.89,2071.66,4936.91,131379.86,33945.38,3116.09,4302.96,tl_2025_29_sldu.zip,https://dev.planscore.org/plan.html?20260308T223454.398132092Z
MO,21,"SLDUST=""021""",30091.72,64478.2,1255.13,30171.83,63214.19,1780.41,25756.45,55139.68,4815.14,,,,,,,28159.38,43390.07,2735.58,36289.48,45040.46,4546.23,,,,,32015.65,22692.76,,,,,2732.13,1802.55,45611.36,22860.2,,,65518.4799,15575.8118,67753.55,15793.71,1325.06,1191.41,184062,186702.79,46481.39,125866.24,30327.22,44658.73,27546.63,1823.27,4463.55,988.43,4289.11,5263.25,7691.48,139334.59,34739.12,4353.97,5108.57,tl_2025_29_sldu.zip,https://dev.planscore.org/plan.html?20260308T223454.398132092Z
MO,22,"SLDUST=""022""",30733.21,62279.77,1249.49,30966.25,59696.5,1708.75,25769.23,54254.6,4469.12,,,,,,,30704.74,38921.33,2678.26,37713.1,42197.8,4314.56,,,,,27521.14,21192.61,,,,,2689.39,2186.28,38329.68,22134.1,,,66985.268,20714.4911,67656.95,16577.95,1677.68,1512.66,180739,178621.78,48192.51,123343.48,31783.32,50269.45,31775.65,1077.64,3091.63,1404.07,4031.92,2142.91,5009.96,138257.6,38153.41,3007.24,4146.36,tl_2025_29_sldu.zip,https://dev.planscore.org/plan.html?20260308T223454.398132092Z
MO,23,"SLDUST=""023""",44687.21,50926.64,1603.4,43786.37,51904.2,1973.25,34591.3,51783.29,5309.34,,,,,,,38729.59,39468.78,2542.21,43399.28,43994.01,4291.63,,,,,49187.19,27036.48,,,,,8735.05,5041.51,29980.32,16038.79,,,75985.9394,15560.2395,72001.71,14921.14,3801.39,2649.77,179470,180705.78,44838.42,125910.05,28229.84,47513.22,28058.31,785.7,2760.33,3309.44,5457.36,9101.29,10323.16,140528.85,32417.94,4342.53,4941.59,tl_2025_29_sldu.zip,https://dev.planscore.org/plan.html?20260308T223454.398132092Z
MO,24,"SLDUST=""024""",58945.92,44495.52,1867.75,60872.33,47120.54,1839.88,49476.69,47434.94,5158.87,,,,,,,51467.57,40064.89,1832.62,53503.61,46248.51,3172.36,,,,,75479.6,37475.87,,,,,13628.93,5129.83,18031.34,12497.49,,,94270.8216,23291.3969,75884.25,16958.14,7003.03,3511.77,184862,179802.22,43780.19,129269.98,29683.37,37441.57,25791.39,480.96,3269.73,6085.34,8093.94,9714.4,10690.48,135670.76,35236.31,2985.75,4310.81,tl_2025_29_sldu.zip,https://dev.planscore.org/plan.html?20260308T223454.398132092Z
MO,25,"SLDUST=""025""",13294.0,63356.0,515.0,14725.0,63449.0,781.0,15689.0,60764.0,1975.0,,,,,,,14663.0,46151.0,1536.0,23685.0,50466.0,3051.0,,,,,16702.0,18699.0,,,,,1982.0,1885.0,55895.0,28588.0,,,40518.6074,12956.7085,75984.0,20180.0,677.0,1145.0,179247,191603.0,54609.0,132608.0,36109.0,43245.0,31165.0,2924.0,6191.0,751.0,5489.0,10272.0,10330.0,134535.0,39197.0,2190.0,3888.0,tl_2025_29_sldu.zip,https://dev.planscore.org/plan.html?20260308T223454.398132092Z
MO,26,"SLDUST=""026""",24963.57,72519.39,1082.0,24412.54,68227.39,1726.98,20594.9,61964.68,3816.96,,,,,,,25650.71,46257.2,2669.0,31728.91,50143.67,4314.96,,,,,27605.83,20987.68,,,,,1140.43,863.94,42475.63,21841.41,,,61910.0642,17096.0406,69340.33,16555.5,753.32,677.28,181378,178305.06,47726.01,123743.35,30701.77,46907.47,30188.34,1204.9,3287.0,850.0,3638.96,2066.0,4500.96,139998.91,34248.17,2348.8,3580.32,tl_2025_29_sldu.zip,https://dev.planscore.org/plan.html?20260308T223454.398132092Z
MO,27,"SLDUST=""027""",18881.0,67377.0,827.0,19420.0,66413.0,1190.0,16770.0,61601.0,2874.0,,,,,,,18264.0,49799.0,1508.0,25120.0,52140.0,3338.0,,,,,27606.0,21512.0,,,,,2694.0,2154.0,43660.0,21781.0,,,52566.4873,15241.3857,69093.0,17253.0,885.0,1094.0,177551,177380.0,46645.0,119347.0,29822.0,41973.0,27793.0,1382.0,3880.0,1180.0,4485.0,8436.0,8799.0,136890.0,35595.0,2470.0,3869.0,tl_2025_29_sldu.zip,https://dev.planscore.org/plan.html?20260308T223454.398132092Z
MO,28,"SLDUST=""028""",18581.0,71583.0,951.0,18939.0,69300.0,1568.0,17279.0,62028.0,3580.01,,,,,,,19500.0,48915.0,2779.0,26315.0,52339.0,4203.0,,,,,20785.0,19590.0,,,,,4157.0,2465.0,51527.0,24952.0,,,45823.0896,13301.17,73781.0,18179.0,1900.0,1488.0,184368,186063.0,49498.0,128860.0,32328.0,48374.0,30377.0,2662.0,5038.0,773.0,4492.0,2060.0,5427.0,142045.0,36967.0,3547.0,4560.0,tl_2025_29_sldu.zip,https://dev.planscore.org/plan.html?20260308T223454.398132092Z
MO,29,"SLDUST=""029""",19394.33,74362.51,961.03,18732.37,69237.56,1412.03,15448.26,62063.34,3414.05,,,,,,,17109.3,49777.09,2400.04,21850.37,55209.22,4009.05,,,,,27603.0,22482.0,,,,,3353.0,1582.0,43430.0,23135.0,,,53373.8363,17261.7309,69601.0,17652.0,703.0,669.0,184680,184062.0,50597.0,124470.0,32291.0,46127.0,29637.0,2773.0,4489.0,1519.0,4393.0,1070.0,4088.0,136895.0,36875.0,5090.0,5572.0,tl_2025_29_sldu.zip,https://dev.planscore.org/plan.html?20260308T223454.398132092Z
MO,30,"SLDUST=""030""",36017.9,37957.35,1225.49,37133.89,38741.75,1947.43,28540.17,38396.8,5128.05,,,,,,,31210.23,30562.6,2726.52,32917.74,36068.49,3716.32,,,,,34216.58,27809.97,,,,,4676.35,3409.24,32980.9,22059.33,,,38854.1828,12720.3121,83126.75,22599.2,1830.57,1761.51,180955,180560.85,53280.52,115119.9,33786.73,47383.71,33332.0,2086.89,5299.28,2680.28,6336.11,6770.34,9979.09,145250.14,42406.62,6029.91,7504.03,tl_2025_29_sldu.zip,https://dev.planscore.org/plan.html?20260308T223454.398132092Z
MO,31,"SLDUST=""031""",28275.88,61791.69,1217.99,27698.0,59283.0,1955.0,22394.0,52818.0,4776.0,,,,,,,24722.0,40793.0,2710.0,31809.0,43773.0,4423.0,,,,,30316.0,22381.0,,,,,2052.0,1521.0,38399.0,19534.0,,,60485.0083,16643.2757,66893.0,16423.0,977.0,904.0,177879,174917.0,44312.0,114479.0,28278.0,44730.0,28041.0,1694.0,4006.0,1444.0,4408.0,6419.0,7864.0,136625.0,34833.0,5306.0,5785.0,tl_2025_29_sldu.zip,https://dev.planscore.org/plan.html?20260308T223454.398132092Z
MO,32,"SLDUST=""032""",19810.0,62007.0,1070.0,19367.0,59848.0,1521.0,15562.0,55623.0,3531.0,,,,,,,15730.0,44293.0,2934.0,20490.0,50721.0,3813.0,,,,,26590.0,21624.0,,,,,6064.0,2909.0,41621.0,24381.0,,,51335.1952,14602.3232,68584.0,18161.0,2007.0,1704.0,181409,178816.0,52480.0,119072.0,33448.0,44165.0,30460.0,4460.0,6164.0,1684.0,4652.0,2705.0,5877.0,133405.0,37720.0,6311.0,6782.0,tl_2025_29_sldu.zip,https://dev.planscore.org/plan.html?20260308T223454.398132092Z
MO,33,"SLDUST=""033""",15929.67,75829.48,762.97,16252.63,73092.44,1137.97,14352.74,66291.66,2773.95,,,,,,,16388.7,53806.9,2007.96,21411.63,57698.78,4051.95,,,,,23451.0,22207.0,,,,,1039.0,885.0,49109.0,26421.0,,,43393.5823,13867.0156,72950.0,20164.0,535.0,554.0,178541,183766.0,53516.0,131433.0,36926.0,50572.0,34147.0,3331.0,5800.0,831.0,4517.0,1713.0,5140.0,141445.0,38339.0,4052.0,5150.0,tl_2025_29_sldu.zip,https://dev.planscore.org/plan.html?20260308T223454.398132092Z
MO,34,"SLDUST=""034""",39261.75,49143.46,1352.01,39689.33,48696.01,1801.69,31263.51,45012.39,4985.87,,,,,,,33405.54,35805.39,2589.06,38655.17,38752.93,4020.41,,,,,42186.29,26582.02,,,,,6132.03,3843.43,37074.43,21669.36,,,61518.5431,16748.4719,71566.78,17314.15,2615.31,2081.51,185939,185493.13,50337.68,126313.58,32499.57,48784.19,31480.25,1443.0,4119.15,3145.75,6567.54,9543.21,11275.67,140972.28,37146.24,7498.95,7934.92,tl_2025_29_sldu.zip,https://dev.planscore.org/plan.html?20260308T223454.398132092Z
NV,1,"SLDUST=""001""",40458.09,29367.86,0.0,37502.16,23946.21,1448.43,27544.8,17165.77,2959.51,,,,,,,24439.51,14110.63,1736.23,26591.33,16409.46,3881.51,,,,,19829.43,13469.58,,,,,11629.1,3311.55,25053.55,13821.1,,,75256.2165,14816.7402,43414.41,9748.7,6777.3,2242.21,148900,140548.56,35953.78,87209.97,21774.19,41519.66,21963.46,821.58,2628.36,10312.06,8791.58,25976.4,14887.27,106900.79,25401.3,26520.11,13949.26,tl_2025_32_sldu.zip,https://dev.planscore.org/plan.html?20260308T223508.639135098Z
NV,2,"SLDUST=""002""",21067.04,11082.11,0.0,23031.9,8836.61,736.46,20395.75,5838.29,1474.26,,,,,,,15080.93,4226.85,1089.05,19058.35,5243.68,2755.55,,,,,5714.04,9517.9,,,,,46058.38,9074.3,28105.89,17222.27,,,36773.0231,12413.4629,44871.75,12168.62,13206.67,4618.52,148240,142691.66,46552.88,85831.83,27312.17,28073.7,20775.77,967.17,4072.83,3090.48,5901.79,12453.02,11292.35,72938.41,26959.61,35038.53,18164.65,tl_2025_32_sldu.zip,https://dev.planscore.org/plan.html?20260308T223508.639135098Z
NV,3,"SLDUST=""003""",29433.7,23639.85,0.0,31793.53,22414.22,1210.97,26866.46,18329.95,2858.49,,,,,,,22762.8,14453.51,1780.74,25866.1,16985.28,4353.78,,,,,18883.55,16422.94,,,,,37010.8,9946.38,33402.85,19704.68,,,54392.8128,17128.1892,56670.55,14812.08,15185.16,5967.31,148276,152464.01,49031.78,103484.98,31102.69,41291.58,28138.8,961.02,3705.27,7050.82,8661.03,14539.72,13654.42,96004.79,32364.14,29035.94,18544.1,tl_2025_32_sldu.zip,https://dev.planscore.org/plan.html?20260308T223508.639135098Z
NV,4,"SLDUST=""004""",31672.08,15395.41,0.0,34269.14,12724.07,1035.5,29912.43,8911.81,1920.7,,,,,,,23991.07,6761.31,1474.35,28330.94,7985.73,3579.46,,,,,9514.16,10057.22,,,,,33646.0,8334.72,29438.91,15523.52,,,52180.1889,11893.031,44340.19,10785.24,11390.24,4310.41,147742,142680.74,40640.32,86994.65,24171.79,32390.46,19955.58,1071.49,3380.38,4106.15,5616.8,26804.0,15817.29,86112.99,26030.32,30678.34,16149.05,tl_2025_32_sldu.zip,https://dev.planscore.org/plan.html?20260308T223508.639135098Z
NV,5,"SLDUST=""005""",38674.3,42680.56,0.0,37076.47,37736.29,1648.18,26941.52,28433.43,3878.36,,,,,,,25989.5,24301.93,2194.4,26024.92,27261.78,5017.97,,,,,31418.18,21890.39,,,,,13207.44,4934.0,28925.16,17676.15,,,72962.9714,18988.3742,56615.19,14418.31,8375.33,3537.51,149008,146080.47,43830.69,104844.26,29434.64,45259.6,28663.64,1298.13,3732.71,10445.58,9411.64,9683.81,10051.17,114065.45,31972.89,17874.99,11350.68,tl_2025_32_sldu.zip,https://dev.planscore.org/plan.html?20260308T223508.639135098Z
NV,6,"SLDUST=""006""",38026.15,35193.13,0.0,39887.74,33395.14,1424.29,32033.75,27672.24,3648.83,,,,,,,28988.42,22670.53,2000.12,31210.78,26157.05,4901.03,,,,,32720.28,22145.99,,,,,27040.14,7848.16,28624.91,18126.82,,,63600.9437,18990.0798,59330.1,14787.06,14649.18,5097.2,148675,150613.95,44089.42,108873.21,30847.26,46917.87,29196.01,750.35,3656.82,10181.86,10458.89,12094.04,11807.59,110065.75,32271.26,22760.09,15097.4,tl_2025_32_sldu.zip,https://dev.planscore.org/plan.html?20260308T223508.639135098Z
NV,7,"SLDUST=""007""",30525.97,22388.98,0.0,33156.59,20969.94,1209.66,27021.64,16112.31,2787.52,,,,,,,22787.45,12268.19,1780.98,26023.37,14541.68,4484.52,,,,,18501.4,14236.74,,,,,36210.18,9311.54,32315.48,17923.5,,,54128.526,13019.3005,53337.44,12849.86,15986.57,5589.1,148212,142672.53,40623.05,99470.28,27057.36,40382.05,22037.38,1034.59,3098.17,9263.6,8335.38,13579.64,11095.97,93919.54,25844.84,27628.79,14814.07,tl_2025_32_sldu.zip,https://dev.planscore.org/plan.html?20260308T223508.639135098Z
NV,8,"SLDUST=""008""",36722.08,38379.69,0.0,38613.38,35451.83,1454.64,30274.16,28115.19,3427.21,,,,,,,27655.24,23668.38,1672.8,28606.55,27735.4,4268.64,,,,,40554.51,24770.89,,,,,25313.27,7013.71,24589.33,14942.24,,,76111.2138,22187.1817,58695.1,13954.52,15517.94,4872.85,148308,148264.64,40881.92,107967.64,28870.72,44485.29,26750.98,759.65,3053.68,15793.59,11898.66,11409.17,11704.59,108095.49,30135.25,16774.02,11502.12,tl_2025_32_sldu.zip,https://dev.planscore.org/plan.html?20260308T223508.639135098Z
NV,9,"SLDUST=""009""",34421.26,32622.41,0.0,35380.08,27982.5,1206.7,24607.69,18763.67,2621.06,,,,,,,22853.11,15704.49,1526.02,23327.45,17755.13,3924.11,,,,,30654.85,18272.93,,,,,33310.22,7047.93,28690.32,15351.46,,,71155.2686,15961.5186,54874.47,11483.04,19799.8,4906.26,148821,149230.47,34097.07,106068.41,24772.32,45269.06,23066.1,782.85,2542.14,23666.78,12474.88,12827.17,10648.21,109880.79,25762.93,20446.72,12117.83,tl_2025_32_sldu.zip,https://dev.planscore.org/plan.html?20260308T223508.639135098Z
NV,10,"SLDUST=""010""",25961.01,21134.03,0.0,28645.75,19069.74,980.11,23631.65,14189.69,2312.91,,,,,,,18925.74,10874.14,1314.08,22444.28,13113.02,3644.52,,,,,23205.03,18695.93,,,,,48230.14,11879.25,31310.55,19643.67,,,47534.4259,17035.69,61342.93,15867.21,18272.27,6311.81,148261,145594.94,43806.28,104524.68,30580.06,43629.42,27799.15,1147.76,4070.26,12922.29,11970.98,17509.22,15081.45,95182.22,30064.83,20990.22,14093.6,tl_2025_32_sldu.zip,https://dev.planscore.org/plan.html?20260308T223508.639135098Z
NV,11,"SLDUST=""011""",38246.32,38571.71,0.0,36045.88,30195.4,1211.07,22892.92,18525.53,2569.57,,,,,,,22199.84,15623.29,1456.95,21511.19,17962.14,3629.74,,,,,32603.95,15164.71,,,,,22774.45,5308.66,23511.7,10925.36,,,90472.1581,14325.3248,48512.77,7985.72,14728.45,3802.8,148692,140897.15,26568.9,97491.87,18237.13,42196.16,17526.27,802.63,1870.76,27131.36,11466.38,13086.12,9651.48,108202.53,19656.1,16591.5,8018.72,tl_2025_32_sldu.zip,https://dev.planscore.org/plan.html?20260308T223508.639135098Z
NV,12,"SLDUST=""012""",37609.08,37208.33,0.0,39103.8,34168.97,1465.63,29716.06,25727.5,3595.24,,,,,,,27400.79,20811.87,1958.9,28472.0,24714.85,4858.48,,,,,34654.9,21828.17,,,,,22230.02,7154.5,28406.15,16854.84,,,74731.4814,19023.3034,58276.01,13137.13,14599.25,5036.53,148532,155373.57,42252.22,109939.47,28903.45,50509.78,27638.98,1302.6,3468.01,17804.55,13860.26,9399.57,9559.33,112613.8,30114.46,20939.11,13815.08,tl_2025_32_sldu.zip,https://dev.planscore.org/plan.html?20260308T223508.639135098Z
NV,13,"SLDUST=""013""",33295.62,22476.96,0.0,34855.99,20903.7,1718.02,28159.99,17332.21,4350.29,,,,,,,25726.89,14612.02,2089.09,27662.59,17247.22,4371.67,,,,,20119.11,18841.1,,,,,16892.68,4539.41,25831.85,17600.09,,,48121.5812,16854.8882,59001.25,16614.43,7378.0,2796.91,144306,137837.62,44621.18,93079.96,29366.37,38936.68,28175.4,2216.19,4793.94,5782.7,8401.64,3988.91,6751.35,97873.38,32269.43,24545.48,16411.34,tl_2025_32_sldu.zip,https://dev.planscore.org/plan.html?20260308T223508.639135098Z
NV,14,"SLDUST=""014""",31932.91,51656.73,0.0,29401.7,46440.45,2114.17,21506.4,36132.04,5077.81,,,,,,,21170.07,33344.76,2604.75,21652.64,35845.1,4710.92,,,,,24636.03,17996.01,,,,,9602.48,3309.7,26503.47,16206.4,,,64533.0005,22428.3708,51261.99,13179.61,5128.28,2107.54,144716,138503.22,39307.82,95527.23,25113.85,43838.02,25032.74,3546.7,4403.37,3746.32,5899.07,1864.69,4229.09,106979.35,29304.21,18440.68,12072.68,tl_2025_32_sldu.zip,https://dev.planscore.org/plan.html?20260308T223508.639135098Z
NV,15,"SLDUST=""015""",41309.89,32083.91,0.0,41722.3,30398.17,2258.48,32660.87,26442.39,5680.55,,,,,,,31337.54,23375.19,2140.26,31962.25,27581.6,4616.75,,,,,32297.47,21489.28,,,,,17815.82,5672.53,21427.57,14677.67,,,74315.9325,20507.392,55577.18,13684.39,8181.57,3476.45,144657,141386.28,40426.01,97874.07,26884.28,40985.9,25922.27,1645.79,4010.01,6379.15,7986.67,3539.65,6372.96,106364.59,31688.1,18159.52,12034.2,tl_2025_32_sldu.zip,https://dev.planscore.org/plan.html?20260308T223508.639135098Z
NV,16,"SLDUST=""016""",40589.16,50267.26,0.0,38624.75,46961.06,2447.52,27719.28,37444.86,6002.06,,,,,,,27637.78,36450.47,2364.31,27371.57,38822.26,4423.21,,,,,38422.54,24898.17,,,,,10563.77,3930.97,21336.81,15180.79,,,84480.9164,24407.8185,56162.18,14236.07,5362.13,2483.04,146412,135802.37,38128.2,99933.7,27086.6,39420.22,24210.73,2130.4,4354.9,5261.37,7427.38,2586.56,5496.83,111283.42,31585.4,13157.66,10048.79,tl_2025_32_sldu.zip,https://dev.planscore.org/plan.html?20260308T223508.639135098Z
NV,17,"SLDUST=""017""",24778.02,60387.98,0.0,24304.0,55290.0,2380.0,17767.0,44003.0,4894.0,,,,,,,16689.0,40400.0,2993.0,17950.0,43139.0,5087.0,,,,,21667.44,16695.79,,,,,6597.2,3318.04,30012.97,16672.46,,,56167.6472,12627.2086,57340.74,14042.33,3260.44,2137.5,143769,138615.87,36065.59,102276.92,25437.08,50008.73,28267.68,4395.65,5181.88,2830.04,4992.14,1701.92,4554.87,114345.06,30905.17,13652.63,10478.77,tl_2025_32_sldu.zip,https://dev.planscore.org/plan.html?20260308T223508.639135098Z
NV,18,"SLDUST=""018""",38069.35,45105.93,0.0,35004.03,40110.1,1635.81,26093.32,30522.24,3864.77,,,,,,,25125.53,26297.16,2032.79,25859.45,28926.16,4796.03,,,,,28510.13,17615.47,,,,,12696.36,4533.07,24782.5,13371.56,,,90066.451,18572.3594,51830.98,11462.87,8445.43,3452.05,147363,147313.2,36174.99,98909.49,23138.09,49173.53,24536.47,1163.09,2917.04,8190.28,7656.36,15432.35,12885.24,112135.2,27518.89,18432.83,10562.44,tl_2025_32_sldu.zip,https://dev.planscore.org/plan.html?20260308T223508.639135098Z
NV,19,"SLDUST=""019""",24834.56,55729.55,0.0,20424.31,48324.01,1711.39,13436.81,36151.77,3890.03,,,,,,,13145.19,31719.64,2688.11,13295.87,34066.21,5493.97,,,,,19659.03,17243.84,,,,,6926.47,3182.6,33843.63,18926.03,,,62338.6492,18967.3382,51885.94,14485.52,2847.58,1838.69,154256,145638.27,42080.37,101493.65,28073.05,46204.23,28265.52,3483.09,4931.37,4862.4,6152.88,6325.18,6271.75,117974.56,33080.06,16449.38,11902.52,tl_2025_32_sldu.zip,https://dev.planscore.org/plan.html?20260308T223508.639135098Z
NV,20,"SLDUST=""020""",37614.0,60054.21,0.0,33802.99,54074.86,1619.92,23795.97,41700.32,3766.0,,,,,,,24734.61,37671.53,2346.24,23619.68,40063.11,4612.54,,,,,34762.68,20942.72,,,,,10795.93,4075.15,29395.84,16541.27,,,73612.4332,21797.1099,57821.38,13072.71,7174.33,3031.92,148846,144565.18,38205.27,108597.49,27253.62,47073.56,24387.83,1030.73,3158.95,8332.16,7866.16,4478.34,6522.66,116016.88,28080.56,14403.34,10415.3,tl_2025_32_sldu.zip,https://dev.planscore.org/plan.html?20260308T223508.639135098Z
NV,21,"SLDUST=""021""",29017.4,24355.39,0.0,30839.51,20496.72,1083.02,26281.54,14543.8,2487.82,,,,,,,21429.97,11856.11,1615.84,25152.69,13523.15,3809.6,,,,,14668.29,12965.24,,,,,39400.13,9285.84,29188.57,17167.11,,,56885.862,14415.4147,48848.45,12340.58,17334.08,5457.37,148622,143506.3,46127.27,93426.25,26971.27,34789.49,21869.24,554.55,2881.14,8218.47,8355.41,10202.52,9991.14,88279.99,28263.24,33675.13,18139.4,tl_2025_32_sldu.zip,https://dev.planscore.org/plan.html?20260308T223508.639135098Z
MT,1,"SLDUST=""001""",2822.0,10029.0,0.0,3044.43,9615.71,269.13,2201.56,7427.51,552.13,,,,3477.12,9426.53,0.0,3127.61,6791.98,330.54,,,,,,,,3303.48,2815.8,,,,,318.0,231.0,6197.37,3348.86,,,46424.1922,13772.5562,9318.52,2308.28,216.0,171.0,21710,21629.63,5712.29,16598.36,4280.52,7186.4,4294.27,567.41,859.93,77.24,535.33,14.06,514.92,18198.71,5069.08,283.13,456.13,tl_2025_30_sldu.zip,https://dev.planscore.org/plan.html?20260308T223501.350844482Z
MT,2,"SLDUST=""002""",6380.15,6601.79,0.0,6636.35,6326.52,332.27,4262.32,5159.35,784.02,,,,7050.27,6281.41,0.0,6009.57,4360.03,254.32,,,,,,,,6589.21,4615.23,,,,,200.64,162.05,4425.29,2993.22,,,52656.0,22157.6443,9047.48,2680.91,122.83,133.54,21528,21722.01,6899.3,16333.69,5105.77,5486.29,3964.11,243.86,620.88,70.35,510.42,112.59,564.83,17526.57,5703.2,327.34,566.88,tl_2025_30_sldu.zip,https://dev.planscore.org/plan.html?20260308T223501.350844482Z
MT,3,"SLDUST=""003""",4097.97,9728.58,0.0,3898.17,8896.58,262.45,2520.81,6794.12,592.44,,,,4277.21,8819.24,0.0,3849.97,6216.25,277.25,,,,,,,,4899.38,2921.31,,,,,185.67,120.81,3897.35,2188.46,,,59928.6965,12841.8914,7551.23,1756.65,99.88,88.48,21836,20079.85,5013.02,14350.29,3490.43,5859.25,3267.74,398.92,603.59,201.88,476.18,68.37,355.74,16361.17,3922.55,413.78,448.62,tl_2025_30_sldu.zip,https://dev.planscore.org/plan.html?20260308T223501.350844482Z
MT,4,"SLDUST=""004""",3475.72,6929.96,0.0,3455.51,6545.94,314.84,2373.81,5276.01,615.95,,,,3894.53,6386.9,0.0,3528.51,4358.35,298.27,,,,,,,,3664.34,3322.23,,,,,257.0,230.0,4971.38,3130.54,,,47744.9148,10069.2475,8774.25,2502.86,169.0,159.0,21429,22279.13,6659.82,14918.91,4322.75,5600.97,4109.8,457.29,839.01,147.24,528.13,3.66,400.13,17988.97,5087.98,617.25,752.63,tl_2025_30_sldu.zip,https://dev.planscore.org/plan.html?20260308T223501.350844482Z
MT,5,"SLDUST=""005""",3258.49,9174.43,0.0,3375.36,8298.51,249.93,2163.07,6648.34,531.46,,,,3757.92,8206.42,0.0,3341.43,5854.06,292.4,,,,,,,,3560.19,2729.38,,,,,,,3885.01,2609.65,,,57365.7076,14246.6329,7666.9,2044.09,,,21690,19740.56,5695.74,13806.04,4011.13,6273.78,4142.5,374.75,649.45,297.94,576.97,92.53,415.95,16794.19,4382.54,334.11,458.15,tl_2025_30_sldu.zip,https://dev.planscore.org/plan.html?20260308T223501.350844482Z
MT,6,"SLDUST=""006""",4012.41,10238.57,0.0,4174.01,9633.52,230.45,2860.74,7589.61,542.48,,,,4517.73,9538.19,0.0,4075.49,7011.56,270.53,,,,,,,,6093.31,3765.95,,,,,167.1,94.5,3815.13,2124.05,,,64185.13,11991.2507,8639.79,2248.51,96.4,69.33,21608,21974.68,6018.78,16392.11,4183.73,6790.4,3859.04,1054.52,1068.55,87.87,503.24,66.03,513.97,18375.09,4478.48,703.06,752.32,tl_2025_30_sldu.zip,https://dev.planscore.org/plan.html?20260308T223501.350844482Z
MT,7,"SLDUST=""007""",3738.74,9100.99,0.0,3929.36,8528.83,262.97,2724.62,6616.66,633.13,,,,4532.4,8147.22,0.0,4208.59,5876.76,330.93,,,,,,,,3832.39,2659.02,,,,,83.4,48.19,4921.02,2491.21,,,45424.7529,13188.765,8709.15,1852.96,52.99,41.02,21636,20503.76,4718.94,14919.83,3248.57,6145.57,3296.74,2064.96,1480.75,154.19,461.59,69.12,435.47,17380.54,3842.66,501.49,535.33,tl_2025_30_sldu.zip,https://dev.planscore.org/plan.html?20260308T223501.350844482Z
MT,8,"SLDUST=""008""",4460.35,3730.78,0.0,5277.29,3507.8,218.34,4270.26,2828.12,512.34,,,,5900.97,3215.71,0.0,5541.25,2242.3,157.72,,,,,,,,3157.24,2436.14,,,,,286.43,214.26,4225.3,2369.72,,,40748.1497,14666.1689,6903.11,1574.47,108.67,133.79,21764,21962.17,5574.89,13248.33,3227.37,5130.69,2870.27,8361.21,3183.03,46.52,489.93,148.16,604.75,15712.81,4126.16,448.85,563.31,tl_2025_30_sldu.zip,https://dev.planscore.org/plan.html?20260308T223501.350844482Z
MT,9,"SLDUST=""009""",2994.37,8805.55,0.0,3132.59,8904.29,254.58,2370.51,7502.94,696.76,,,,3759.77,8566.03,0.0,3974.36,6170.87,336.49,,,,,,,,4022.64,2643.03,,,,,358.45,238.56,4889.0,2183.71,,,56135.9884,12257.5547,8450.74,1749.74,256.07,204.52,22438,21194.49,4610.17,15261.67,3067.5,6483.11,3176.92,925.15,1052.08,61.81,541.51,134.05,604.59,17074.96,3746.95,348.34,488.16,tl_2025_30_sldu.zip,https://dev.planscore.org/plan.html?20260308T223501.350844482Z
MT,10,"SLDUST=""010""",3825.0,4299.0,0.0,4417.8,5222.78,331.23,3458.78,4495.0,739.07,,,,5080.35,4922.98,0.0,4839.57,3400.41,275.03,,,,,,,,3587.27,2988.5,,,,,349.67,309.44,4926.11,2823.47,,,44711.007,13709.776,9662.33,2276.88,231.93,233.85,21549,21379.02,5887.74,14636.78,3771.85,5394.96,3455.25,1457.27,1458.28,259.96,756.46,357.85,798.13,17417.44,4789.23,809.28,915.95,tl_2025_30_sldu.zip,https://dev.planscore.org/plan.html?20260308T223501.350844482Z
MT,11,"SLDUST=""011""",3443.0,5224.0,0.0,3796.2,4990.23,293.92,2908.85,4300.3,618.85,,,,4368.67,4738.89,0.0,4185.34,3199.86,234.23,,,,,,,,3773.43,2646.19,,,,,318.8,236.94,3710.38,2168.62,,,55250.936,14603.9513,8255.07,1789.76,133.73,131.79,21780,21050.7,4984.45,13046.74,3069.56,5521.22,3431.29,515.64,859.24,244.06,603.56,531.21,833.53,15876.58,4094.58,855.39,808.03,tl_2025_30_sldu.zip,https://dev.planscore.org/plan.html?20260308T223501.350844482Z
MT,12,"SLDUST=""012""",4007.0,5519.0,0.0,4312.88,6054.39,274.9,3463.17,5147.76,661.22,,,,4918.23,5795.07,0.0,4783.4,4163.36,253.0,,,,,,,,4468.77,3446.2,,,,,266.59,164.57,4496.6,2613.12,,,52367.7859,13676.8512,9210.12,2315.52,165.88,140.33,21765,20983.97,5873.9,14831.77,3817.59,6145.14,4273.34,929.22,1145.23,218.4,609.76,174.61,565.7,16975.23,4580.82,592.85,739.35,tl_2025_30_sldu.zip,https://dev.planscore.org/plan.html?20260308T223501.350844482Z
MT,13,"SLDUST=""013""",3237.87,8437.58,0.0,3412.72,8142.65,262.09,2733.34,6725.6,649.19,,,,3969.53,7899.08,0.0,4319.56,5575.74,283.82,,,,,,,,4078.62,2332.76,,,,,339.6,208.55,5228.44,2111.58,,,54620.5551,12920.7991,8377.26,1671.23,214.31,157.43,21873,20825.99,4549.33,15134.9,2956.27,5583.05,2774.04,788.93,850.44,150.55,506.97,79.19,464.26,17143.5,3335.41,337.86,427.3,tl_2025_30_sldu.zip,https://dev.planscore.org/plan.html?20260308T223501.350844482Z
MT,14,"SLDUST=""014""",2835.14,6802.26,0.0,3312.8,7221.59,303.24,2601.79,6375.97,776.8,,,,3997.72,6872.47,0.0,4436.55,4797.37,388.13,,,,,,,,3820.87,2429.72,,,,,244.09,205.06,4392.99,2053.13,,,57552.887,7826.0,9338.9,1944.82,151.98,141.51,21573,21848.84,4855.84,14776.57,3121.26,6476.48,3479.95,1531.21,1407.6,66.39,522.15,80.94,530.41,16080.42,3801.36,363.19,489.48,tl_2025_30_sldu.zip,https://dev.planscore.org/plan.html?20260308T223501.350844482Z
MT,15,"SLDUST=""015""",2112.49,8484.32,0.0,2283.27,9060.42,269.73,1910.62,7708.37,652.97,,,,2860.17,8744.74,0.0,3128.64,6112.89,426.18,,,,,,,,3039.08,2101.93,,,,,395.19,337.32,5315.95,2400.73,,,60119.3822,9317.9964,9057.65,1780.32,174.51,173.77,21799,21524.95,4471.57,14826.15,2918.88,6785.98,3416.79,801.82,818.41,102.58,486.4,84.29,477.02,15932.35,3461.55,464.16,508.3,tl_2025_30_sldu.zip,https://dev.planscore.org/plan.html?20260308T223501.350844482Z
MT,16,"SLDUST=""016""",3774.14,3421.26,0.0,4290.51,3160.42,166.63,3335.18,2733.33,504.86,,,,4716.13,2950.23,0.0,4727.59,2095.85,151.6,,,,,,,,2130.37,1378.93,,,,,242.06,148.75,3735.07,1429.01,,,45477.6067,9897.5487,6227.89,1126.64,136.28,109.55,20631,20225.89,3526.06,11701.9,2014.18,5496.86,2335.36,8368.54,2307.59,40.14,347.56,34.91,378.9,13451.24,2471.23,266.59,322.48,tl_2025_30_sldu.zip,https://dev.planscore.org/plan.html?20260308T223501.350844482Z
MT,17,"SLDUST=""017""",1742.22,9938.14,0.0,1923.37,10345.57,221.66,1620.66,9249.0,503.67,,,,2400.88,10090.92,0.0,2697.72,7590.51,345.85,,,,,,,,3473.44,2581.97,,,,,383.51,355.48,4880.71,2157.36,,,52513.7974,8252.6938,9380.53,2086.7,157.08,196.5,21771,21388.68,4828.11,15358.47,3250.27,5906.16,3335.55,556.09,843.03,101.18,557.31,32.0,518.17,17034.73,3604.45,342.3,569.26,tl_2025_30_sldu.zip,https://dev.planscore.org/plan.html?20260308T223501.350844482Z
MT,18,"SLDUST=""018""",2335.0,8646.0,0.0,2557.61,8749.66,253.83,1956.14,7681.9,618.38,,,,3137.28,8418.2,0.0,3396.8,6056.43,352.26,,,,,,,,3763.17,2650.73,,,,,325.01,352.34,5291.25,2519.77,,,47144.5628,11652.0781,9437.61,2099.44,195.25,258.65,21668,22212.46,4970.15,15905.86,3446.04,7285.86,3815.76,713.72,1022.94,121.84,559.75,65.7,551.88,16817.11,3673.29,442.3,580.47,tl_2025_30_sldu.zip,https://dev.planscore.org/plan.html?20260308T223501.350844482Z
MT,19,"SLDUST=""019""",2500.02,10378.63,0.0,2481.15,9924.17,261.09,1995.51,8327.93,646.45,,,,3028.9,9666.34,0.0,3288.82,7240.6,402.71,,,,,,,,3916.68,2767.45,,,,,233.26,219.1,5510.75,2674.51,,,46436.6173,13899.2618,9799.0,2195.2,139.11,143.62,21786,21778.39,4964.23,15974.23,3543.46,6673.26,3700.01,541.95,816.04,161.87,559.36,87.34,490.76,17492.91,3945.99,410.21,494.24,tl_2025_30_sldu.zip,https://dev.planscore.org/plan.html?20260308T223501.350844482Z
MT,20,"SLDUST=""020""",2817.0,6953.0,0.0,3092.37,7146.78,306.12,2181.73,5712.85,622.81,,,,3686.63,6847.93,0.0,3490.96,4802.42,331.69,,,,,,,,3485.45,2623.33,,,,,165.05,166.99,5407.39,2852.13,,,63505.2698,18173.0829,8874.92,2279.2,48.2,50.17,21472,22734.47,6297.11,15323.42,3975.79,7035.77,4846.24,815.47,911.78,94.18,398.0,74.84,366.99,16311.16,4356.96,696.98,725.71,tl_2025_30_sldu.zip,https://dev.planscore.org/plan.html?20260308T223501.350844482Z
MT,21,"SLDUST=""021""",3200.0,3347.0,0.0,3775.87,3471.4,158.73,3142.56,2822.86,461.4,,,,4130.38,3299.17,0.0,4451.48,2266.96,162.67,,,,,,,,2584.07,1827.34,,,,,188.57,190.45,3762.0,1637.13,,,50525.1024,14007.6779,6301.57,1464.34,53.33,92.36,20560,21433.45,4654.96,12395.04,2723.76,5737.65,2608.41,7276.94,2290.38,46.09,394.9,194.78,495.69,13860.0,3143.38,585.96,574.04,tl_2025_30_sldu.zip,https://dev.planscore.org/plan.html?20260308T223501.350844482Z
MT,22,"SLDUST=""022""",3496.0,6714.0,0.0,3771.96,6991.87,292.51,2611.62,5480.89,790.68,,,,4375.56,6736.4,0.0,3945.08,4630.8,308.75,,,,,,,,4350.69,2664.36,,,,,401.96,301.18,3775.5,2262.79,,,80391.0864,16822.642,8319.41,2080.77,252.63,222.67,21594,20092.97,5644.3,13416.7,3282.33,5411.49,3178.93,721.68,1066.72,56.09,382.11,212.81,533.12,16260.95,4215.94,625.51,660.94,tl_2025_30_sldu.zip,https://dev.planscore.org/plan.html?20260308T223501.350844482Z
MT,23,"SLDUST=""023""",4870.0,4761.0,0.0,5466.08,4917.19,327.16,4175.47,4279.42,826.59,,,,5931.81,4841.02,0.0,5505.5,3539.89,288.5,,,,,,,,5933.2,3858.73,,,,,662.09,428.75,3531.38,2484.16,,,55625.4474,19864.0,9990.64,2692.77,326.56,293.52,21738,21459.17,6144.31,14042.89,3648.81,5510.88,3762.89,709.82,1008.28,150.47,559.8,195.72,596.86,17562.59,4966.73,1151.57,1188.22,tl_2025_30_sldu.zip,https://dev.planscore.org/plan.html?20260308T223501.350844482Z
MT,24,"SLDUST=""024""",3732.0,4176.0,0.0,4224.87,4280.84,346.8,2904.22,3380.34,761.76,,,,4845.82,3989.37,0.0,4242.19,2465.79,315.61,,,,,,,,2919.97,2328.86,,,,,399.22,366.6,5219.2,3017.19,,,48828.7835,11170.6876,8734.86,2213.68,223.64,236.01,21743,20157.37,5730.74,13520.85,3547.2,5237.51,3574.57,1512.25,1548.9,129.15,530.76,176.66,549.0,16821.98,4992.55,1567.99,1554.28,tl_2025_30_sldu.zip,https://dev.planscore.org/plan.html?20260308T223501.350844482Z
MT,25,"SLDUST=""025""",4180.21,6952.58,0.0,4260.37,6773.21,305.73,3050.7,5455.58,711.37,,,,4813.72,6569.2,0.0,4338.77,4654.91,277.75,,,,,,,,5097.13,3336.98,,,,,486.54,399.57,3794.31,2291.2,,,65228.0608,19567.4896,9203.62,2118.15,382.97,309.01,21699,20131.12,4948.11,14234.15,3353.12,5947.59,3489.05,716.19,1034.12,142.93,492.28,87.59,409.64,16372.58,4224.29,539.39,654.06,tl_2025_30_sldu.zip,https://dev.planscore.org/plan.html?20260308T223501.350844482Z
MT,26,"SLDUST=""026""",4764.0,7386.0,0.0,4995.55,7548.2,307.32,3658.65,6169.34,715.79,,,,5397.48,7570.62,0.0,5074.47,5627.11,266.05,,,,,,,,7159.7,4295.21,,,,,258.61,196.33,3190.75,1910.16,,,86251.2434,21035.922,8382.99,2063.85,205.32,176.81,21657,20327.57,5551.7,14909.38,3828.29,5101.04,3259.69,278.95,594.36,380.07,674.36,77.09,368.26,17058.08,4818.5,376.05,451.9,tl_2025_30_sldu.zip,https://dev.planscore.org/plan.html?20260308T223501.350844482Z
MT,27,"SLDUST=""027""",3065.62,8363.84,0.0,3256.56,8057.92,333.44,2354.92,6391.82,668.19,,,,3827.43,7841.65,0.0,3657.64,5530.89,346.7,,,,,,,,4543.79,3019.0,,,,,116.62,118.96,3968.54,2223.99,,,65277.5511,18737.8089,8610.75,2046.96,35.52,41.92,21583,21009.19,5736.79,14371.77,3573.19,5845.33,3545.92,901.36,1073.71,80.0,359.18,60.47,341.28,16605.07,4874.88,498.73,591.22,tl_2025_30_sldu.zip,https://dev.planscore.org/plan.html?20260308T223501.350844482Z
MT,28,"SLDUST=""028""",3652.09,10362.68,0.0,3816.72,9886.13,288.68,2906.61,8206.62,723.14,,,,4233.01,9726.18,0.0,4463.91,7156.22,364.99,,,,,,,,4684.44,2569.55,,,,,215.34,194.02,5305.79,1989.58,,,64493.05,12718.4212,9055.17,1685.78,130.27,153.75,21199,21934.04,3886.34,16316.12,2922.41,7156.2,3234.54,410.77,603.2,55.99,466.77,116.76,519.0,17429.41,3188.7,456.67,470.91,tl_2025_30_sldu.zip,https://dev.planscore.org/plan.html?20260308T223501.350844482Z
MT,29,"SLDUST=""029""",7332.18,7002.38,0.0,7509.59,7005.69,335.68,5224.99,5764.65,975.17,,,,8089.34,6823.74,0.0,7157.24,5047.56,302.54,,,,,,,,6197.44,3680.85,,,,,545.41,349.28,3936.95,2290.78,,,59334.9526,16447.8765,10192.28,2332.96,292.92,232.0,21743,20896.8,4848.23,16015.59,3573.48,7121.13,4286.35,419.75,820.31,200.97,598.37,126.21,591.9,18393.76,4522.88,461.9,516.55,tl_2025_30_sldu.zip,https://dev.planscore.org/plan.html?20260308T223501.350844482Z
MT,30,"SLDUST=""030""",8117.0,6063.0,0.0,7980.73,5736.75,361.1,5370.8,4546.24,902.4,,,,8297.75,5883.62,0.0,7051.73,4184.81,237.89,,,,,,,,8483.13,3994.51,,,,,706.16,431.53,1789.15,1274.54,,,67157.434,16491.6394,7819.65,1790.2,352.07,238.27,21753,19907.61,4586.55,14115.84,3166.36,4243.54,2626.8,169.02,436.94,233.85,527.4,56.86,435.49,15770.37,3924.81,621.95,669.4,tl_2025_30_sldu.zip,https://dev.planscore.org/plan.html?20260308T223501.350844482Z
MT,31,"SLDUST=""031""",5850.0,4012.0,0.0,7147.89,4255.05,446.29,4924.25,3273.03,1088.53,,,,7583.99,4334.94,0.0,6360.72,2966.03,257.6,,,,,,,,5532.38,2894.93,,,,,907.5,286.35,1535.09,1185.19,,,78150.2662,20169.9831,7158.33,1650.49,229.7,159.96,21600,20122.86,4151.17,9873.33,2616.72,4048.29,2459.25,337.17,464.97,282.15,470.93,164.6,420.48,18323.36,3602.31,886.03,777.96,tl_2025_30_sldu.zip,https://dev.planscore.org/plan.html?20260308T223501.350844482Z
MT,32,"SLDUST=""032""",6677.0,5592.0,0.0,7000.05,5195.26,436.22,3858.52,3435.42,909.43,,,,7480.0,5201.32,0.0,5679.22,3098.89,225.99,,,,,,,,6647.65,3820.4,,,,,48.16,26.78,1548.6,1338.43,,,84944.3489,19447.4085,7694.88,2003.31,22.58,16.79,21607,17979.67,5085.84,11382.76,3356.95,3633.08,2659.59,306.32,482.7,363.09,637.47,57.9,261.78,17474.82,5026.32,648.68,708.07,tl_2025_30_sldu.zip,https://dev.planscore.org/plan.html?20260308T223501.350844482Z
MT,33,"SLDUST=""033""",7603.82,5784.62,0.0,7933.02,5785.64,392.8,5659.62,4663.52,1059.19,,,,8357.85,5834.5,0.0,7525.96,4105.24,285.83,,,,,,,,8167.79,4385.69,,,,,565.33,363.07,2300.58,1577.57,,,81562.8854,19953.0,10009.54,2247.11,338.9,285.04,21758,22456.02,5340.15,15059.9,3743.5,5445.82,3207.52,369.41,589.7,522.61,796.4,105.58,475.09,19051.61,4979.03,544.36,741.41,tl_2025_30_sldu.zip,https://dev.planscore.org/plan.html?20260308T223501.350844482Z
MT,34,"SLDUST=""034""",3808.0,7984.0,0.0,3944.12,7444.48,428.48,2231.69,5421.56,829.18,,,,4518.76,7362.55,0.0,3644.38,4696.93,281.7,,,,,,,,4867.96,3021.74,,,,,77.11,44.22,3768.17,2111.53,,,75114.2653,24124.4445,8053.14,1865.67,54.58,37.52,21812,20990.66,5399.98,13720.44,3200.93,5745.22,3166.83,258.36,500.06,230.03,492.63,101.85,363.17,17270.25,4219.82,649.59,764.27,tl_2025_30_sldu.zip,https://dev.planscore.org/plan.html?20260308T223501.350844482Z
MT,35,"SLDUST=""035""",3843.06,10255.21,0.0,4005.86,9542.7,308.98,2786.36,7752.79,749.29,,,,4694.23,9205.99,0.0,4541.99,6628.56,401.88,,,,,,,,5126.73,3004.63,,,,,432.47,316.79,4731.0,2329.34,,,53719.2395,12077.4096,9434.72,2018.03,127.87,116.98,21746,21705.51,4648.86,15940.83,3370.28,6157.96,3224.41,408.67,705.68,141.23,547.72,146.69,562.23,18464.02,4201.81,643.5,723.76,tl_2025_30_sldu.zip,https://dev.planscore.org/plan.html?20260308T223501.350844482Z
MT,36,"SLDUST=""036""",5542.1,4881.3,0.0,5887.29,4538.23,331.86,4801.5,3658.59,873.81,,,,6860.6,3946.12,0.0,6545.04,2413.77,261.66,,,,,,,,3492.17,3127.54,,,,,411.22,356.02,5682.4,3564.66,,,50104.7726,16408.4504,9366.17,2878.87,201.36,209.83,21518,21028.79,6594.1,15091.74,4661.94,6079.08,4287.42,560.63,963.62,154.69,703.94,49.48,560.65,18205.16,5398.73,529.11,791.84,tl_2025_30_sldu.zip,https://dev.planscore.org/plan.html?20260308T223501.350844482Z
MT,37,"SLDUST=""037""",5808.0,4876.0,0.0,6646.83,4788.9,314.23,5567.84,3984.78,896.23,,,,7777.94,4067.16,0.0,7537.68,2678.25,240.11,,,,,,,,4239.6,3216.67,,,,,235.2,231.78,4920.45,3175.6,,,54447.194,18676.7237,9137.44,2672.61,174.02,187.78,21395,21538.62,6620.05,14993.38,4320.71,6255.97,4305.39,585.06,1058.5,19.0,516.03,22.95,498.31,16757.58,4924.88,768.46,927.68,tl_2025_30_sldu.zip,https://dev.planscore.org/plan.html?20260308T223501.350844482Z
MT,38,"SLDUST=""038""",3984.52,9841.22,0.0,4225.78,9420.34,301.48,3177.28,7674.36,858.37,,,,4889.13,9079.2,0.0,4920.39,6561.19,380.94,,,,,,,,4838.32,2779.37,,,,,160.73,133.69,5775.17,2598.89,,,61259.2992,14636.6599,8822.45,2001.0,88.83,101.61,23266,23062.61,4612.64,17312.63,3440.89,6606.4,3308.85,878.16,919.72,196.84,617.82,130.38,548.59,19302.32,4003.06,357.94,425.44,tl_2025_30_sldu.zip,https://dev.planscore.org/plan.html?20260308T223501.350844482Z
MT,39,"SLDUST=""039""",2827.05,10375.26,0.0,2903.1,9704.52,303.84,2141.84,7731.78,743.34,,,,3433.24,9511.71,0.0,3691.68,6727.37,369.49,,,,,,,,3816.98,2319.06,,,,,307.95,233.62,4482.33,1980.87,,,51565.9897,13182.3656,8593.07,1892.57,129.12,118.47,21851,20596.63,4711.43,14834.7,3301.58,6885.68,3391.49,388.45,674.65,40.45,488.48,104.24,512.2,17608.85,3988.7,377.11,541.44,tl_2025_30_sldu.zip,https://dev.planscore.org/plan.html?20260308T223501.350844482Z
MT,40,"SLDUST=""040""",6226.82,5893.01,0.0,6941.96,6007.02,347.37,5125.8,4869.94,938.75,,,,7576.27,5852.84,0.0,7105.06,4067.76,258.52,,,,,,,,6824.66,4060.93,,,,,113.2,94.72,3301.69,2269.05,,,70119.7691,19683.6567,8523.25,1870.94,86.79,78.88,21827,21414.05,5328.54,14614.78,3496.06,4705.33,3096.57,506.69,771.94,72.64,370.09,112.87,452.69,17517.1,4033.96,583.23,579.24,tl_2025_30_sldu.zip,https://dev.planscore.org/plan.html?20260308T223501.350844482Z
MT,41,"SLDUST=""041""",6212.0,5425.0,0.0,6428.02,5627.07,339.92,4845.46,4639.86,898.07,,,,7139.31,5325.03,0.0,6553.15,3677.11,282.62,,,,,,,,6374.61,3963.71,,,,,193.47,164.26,3505.84,2531.3,,,60056.1773,20567.0338,9823.79,2454.53,127.03,121.57,21771,22696.04,6064.16,15780.75,4020.35,6081.6,3931.16,700.92,1026.19,98.19,462.77,147.82,511.27,18061.11,5201.51,583.06,730.48,tl_2025_30_sldu.zip,https://dev.planscore.org/plan.html?20260308T223501.350844482Z
MT,42,"SLDUST=""042""",5769.0,7565.0,0.0,5494.78,7206.94,351.38,3930.16,5430.48,847.09,,,,6180.7,6920.28,0.0,5797.97,4679.64,295.96,,,,,,,,6204.51,3385.25,,,,,82.85,73.77,3309.96,2075.48,,,76653.6267,17101.6388,8009.54,1797.72,52.59,61.67,21630,19734.31,4777.82,14160.02,3247.32,5026.56,3245.2,299.78,570.02,261.7,527.75,56.31,344.44,16845.38,4147.75,526.68,612.22,tl_2025_30_sldu.zip,https://dev.planscore.org/plan.html?20260308T223501.350844482Z
MT,43,"SLDUST=""043""",4311.0,10039.0,0.0,4446.82,9384.94,295.17,3199.37,7528.5,672.87,,,,4975.66,9185.49,0.0,4655.19,6761.61,311.83,,,,,,,,4674.75,3527.84,,,,,144.43,120.75,5057.2,2856.61,,,59126.0773,15036.382,9478.13,2222.27,95.36,93.74,22087,21322.18,5581.35,16726.23,4195.24,6084.05,3835.99,400.39,675.33,128.86,449.86,23.0,380.97,17953.39,4921.86,471.84,564.62,tl_2025_30_sldu.zip,https://dev.planscore.org/plan.html?20260308T223501.350844482Z
MT,44,"SLDUST=""044""",4174.0,10578.0,0.0,4316.17,9729.06,334.83,3023.63,7281.51,640.13,,,,4892.34,9520.52,0.0,4500.81,6860.39,311.16,,,,,,,,4558.25,2910.16,,,,,136.57,123.25,4484.8,2340.39,,,60437.3598,17276.2313,8344.87,1793.73,100.64,110.26,22087,22101.82,5502.65,15792.77,3674.76,6386.95,3706.01,382.61,626.67,77.14,392.14,118.0,399.03,18946.61,4166.14,787.16,690.38,tl_2025_30_sldu.zip,https://dev.planscore.org/plan.html?20260308T223501.350844482Z
MT,45,"SLDUST=""045""",5241.88,7764.47,0.0,5269.45,7418.55,279.85,3765.64,5985.15,792.09,,,,5844.51,7140.99,0.0,5420.31,5216.44,312.75,,,,,,,,4711.02,2929.85,,,,,165.71,138.45,4110.37,2144.7,,,50012.1916,16500.1253,8400.37,1831.91,135.0,117.37,21677,20397.9,4729.08,14868.82,3212.72,6173.82,3317.73,493.75,724.23,256.0,608.22,71.26,360.28,17162.92,3895.58,465.67,616.82,tl_2025_30_sldu.zip,https://dev.planscore.org/plan.html?20260308T223501.350844482Z
MT,46,"SLDUST=""046""",7020.8,5488.09,0.0,7235.87,5199.29,292.46,5296.38,4416.69,823.35,,,,7791.83,4968.76,0.0,7005.89,3631.35,264.48,,,,,,,,5861.31,3525.77,,,,,472.92,281.61,3738.33,2045.36,,,52592.1681,13310.8203,8940.97,1986.52,183.9,159.08,21804,21845.1,5571.81,15230.99,3582.8,6049.59,3513.7,2438.84,1757.57,248.29,734.04,99.99,535.58,17646.96,4478.35,997.32,1082.52,tl_2025_30_sldu.zip,https://dev.planscore.org/plan.html?20260308T223501.350844482Z
MT,47,"SLDUST=""047""",8226.0,5165.0,0.0,8332.51,5092.15,329.55,6205.15,4431.11,874.41,,,,8784.76,5064.62,0.0,8026.66,3814.34,218.7,,,,,,,,7360.63,4335.86,,,,,532.0,318.32,2918.08,2167.87,,,72790.1139,22173.5157,9058.08,2197.02,374.87,259.54,21711,22611.82,6302.34,15098.29,4159.08,5211.32,3582.58,402.9,724.83,369.17,706.24,41.2,370.47,17650.04,5026.21,642.31,790.44,tl_2025_30_sldu.zip,https://dev.planscore.org/plan.html?20260308T223501.350844482Z
MT,48,"SLDUST=""048""",8937.0,3642.0,0.0,9245.63,3496.8,300.34,7298.54,3228.58,1172.81,,,,9758.6,3368.56,0.0,9187.46,2545.32,235.84,,,,,,,,7149.0,4392.46,,,,,270.44,227.93,2405.57,1838.12,,,51446.0746,16523.5575,9468.72,2309.67,158.68,153.42,21494,23337.08,5784.8,14562.95,3766.26,5264.87,3557.24,844.12,1197.91,340.43,707.44,185.01,530.87,17595.67,4319.0,530.9,656.95,tl_2025_30_sldu.zip,https://dev.planscore.org/plan.html?20260308T223501.350844482Z
MT,49,"SLDUST=""049""",7364.0,5142.0,0.0,7092.42,4802.64,375.48,4758.48,3901.98,919.54,,,,7710.14,4592.59,0.0,6628.97,3208.72,275.54,,,,,,,,5175.24,3927.6,,,,,94.93,79.89,3609.0,2857.86,,,65907.2691,21970.0859,8730.11,2487.2,42.54,36.83,21585,20680.14,6596.88,14346.61,4376.42,5917.23,4478.34,398.26,691.53,517.22,916.38,135.39,454.95,18087.24,5350.75,527.71,641.39,tl_2025_30_sldu.zip,https://dev.planscore.org/plan.html?20260308T223501.350844482Z
MT,50,"SLDUST=""050""",8201.76,4204.47,0.0,8426.38,4016.86,344.92,5797.48,3131.92,999.08,,,,8938.42,3875.39,0.0,7707.73,2601.58,208.0,,,,,,,,7259.51,4886.35,,,,,138.79,104.16,2625.35,2209.83,,,60891.073,21703.2523,9707.06,2440.19,51.3,54.51,21424,21694.26,6209.87,14611.71,4048.64,4839.62,3482.6,420.87,678.42,231.47,588.11,182.07,478.6,17615.15,4950.1,1149.19,1170.42,tl_2025_30_sldu.zip,https://dev.planscore.org/plan.html?20260308T223501.350844482Z
MN,1,"SLDUST=""001""",13642.12,30277.08,0.0,14804.12,29451.38,967.01,12774.07,26120.33,3310.02,,,,15561.11,25686.38,3196.02,31068.16,36032.56,2640.02,,,,,,,,13260.88,7677.28,,,,,2617.88,1269.87,19807.44,7381.46,,,63094.3445,9796.8345,35273.38,5980.74,1365.37,862.92,85175,85969.03,15394.32,58888.96,9969.79,22141.03,9897.71,1341.84,2179.23,766.98,1941.92,770.38,2058.12,63675.88,10656.91,2241.16,2052.84,tl_2025_27_sldu.zip,https://dev.planscore.org/plan.html?20260308T223451.578560823Z
MN,2,"SLDUST=""002""",18848.81,26330.28,0.0,19347.61,24983.44,975.19,14920.05,21926.9,3387.17,,,,17351.22,23210.25,4054.57,32723.48,32458.57,3253.56,,,,,,,,14460.85,7499.34,,,,,684.71,329.11,17042.62,6196.36,,,52086.5348,8979.3449,33379.99,5631.41,428.44,261.21,85461,85837.84,14227.07,55421.76,9102.75,20972.02,8686.89,12352.83,6036.84,508.81,1567.68,512.39,1691.11,63574.1,10779.62,1114.46,1379.12,tl_2025_27_sldu.zip,https://dev.planscore.org/plan.html?20260308T223451.578560823Z
MN,3,"SLDUST=""003""",26027.67,26781.35,0.0,26559.05,26589.52,1068.8,22053.5,23138.31,3915.01,,,,25374.22,24495.76,3313.37,49656.16,34746.29,3013.14,,,,,,,,17060.02,9714.17,,,,,877.64,561.71,18139.23,7622.01,,,59734.3684,9201.1879,37256.96,7217.83,560.17,403.74,84754,84380.79,17233.81,62956.68,12133.17,25217.95,11510.2,2144.23,2328.89,504.5,1800.32,468.27,1753.55,67828.32,13432.11,815.93,1361.55,tl_2025_27_sldu.zip,https://dev.planscore.org/plan.html?20260308T223451.578560823Z
MN,4,"SLDUST=""004""",20044.17,22953.01,0.0,20359.0,21890.0,1062.0,16093.0,19554.0,3530.0,,,,18933.0,19533.0,3913.0,35569.0,26962.0,3006.0,,,,,,,,17284.17,9003.85,,,,,1557.99,810.88,12089.11,5900.55,,,76853.5048,9562.6388,32553.99,6130.06,440.61,371.98,85002,82437.13,15828.0,51954.65,9701.79,20285.23,10190.82,1579.23,2174.24,855.21,1664.7,1980.97,3037.89,63676.52,12145.6,1777.9,1957.89,tl_2025_27_sldu.zip,https://dev.planscore.org/plan.html?20260308T223451.578560823Z
MN,5,"SLDUST=""005""",13426.72,37038.98,0.0,13669.45,34241.8,910.99,10992.58,29704.97,2758.92,,,,13458.52,31524.83,3188.9,26667.95,43771.17,2539.9,,,,,,,,11755.71,5800.74,,,,,1604.46,689.59,20200.21,6239.11,,,56936.1149,9126.9444,34872.32,5230.38,533.64,343.92,85402,84042.24,13031.47,59045.57,8411.84,23597.81,8686.66,1379.86,1864.36,326.94,1455.03,555.25,1599.64,65673.55,9709.1,1419.72,1446.99,tl_2025_27_sldu.zip,https://dev.planscore.org/plan.html?20260308T223451.578560823Z
MN,6,"SLDUST=""006""",19036.17,33365.69,0.0,18586.99,31439.35,1002.85,15047.42,27457.55,3397.08,,,,17650.3,29191.37,3508.68,35239.1,42338.23,3365.75,,,,,,,,16368.75,9332.54,,,,,463.03,350.76,17842.14,8114.84,,,56384.0893,11464.3986,36167.69,7003.09,307.59,264.08,84563,83426.46,16104.7,60409.97,11001.66,25177.35,12120.42,1229.37,1966.21,386.97,1531.9,668.39,1924.23,68326.06,13257.71,784.36,1156.51,tl_2025_27_sldu.zip,https://dev.planscore.org/plan.html?20260308T223451.578560823Z
MN,7,"SLDUST=""007""",20889.23,27523.91,0.0,22250.9,26495.63,1157.01,19944.82,22720.55,3811.02,,,,21504.93,23854.66,3643.95,46080.47,32097.5,3817.94,,,,,,,,12996.82,9489.96,,,,,1248.54,1107.87,18872.16,9153.85,,,57884.7964,9766.9255,38678.94,8285.16,821.99,803.98,84730,85408.63,19980.37,62086.52,13392.66,27947.9,14634.43,1729.92,2799.73,438.43,2075.52,558.03,2227.45,67756.76,16612.87,501.79,1185.2,tl_2025_27_sldu.zip,https://dev.planscore.org/plan.html?20260308T223451.578560823Z
MN,8,"SLDUST=""008""",33728.16,14472.74,0.0,33891.68,14227.15,1305.17,28427.27,14469.45,4746.93,,,,30681.51,13325.91,4392.6,59898.33,20948.26,3806.81,,,,,,,,20802.17,12575.95,,,,,2541.59,1737.92,11470.61,7023.38,,,53190.715,13565.0267,35769.52,7827.84,1293.44,1088.31,85155,84142.1,20009.41,52598.64,12013.86,21562.36,12719.57,2103.97,3132.1,1149.8,2451.35,1889.49,3182.15,69760.64,16740.65,1216.13,1827.44,tl_2025_27_sldu.zip,https://dev.planscore.org/plan.html?20260308T223451.578560823Z
MN,9,"SLDUST=""009""",16266.03,34221.38,0.0,16656.45,33546.41,958.67,13378.96,29577.69,3336.93,,,,16525.17,30551.75,3247.74,32807.86,42672.05,2580.75,,,,,,,,14415.32,7159.5,,,,,1706.26,806.49,17173.41,6079.66,,,66442.6284,9338.4272,35327.77,5573.86,904.1,547.34,84673,82733.18,13733.63,59389.77,9205.91,22983.78,9330.92,910.61,1654.65,443.41,1542.97,673.91,1957.73,65662.11,10565.7,1418.21,1483.98,tl_2025_27_sldu.zip,https://dev.planscore.org/plan.html?20260308T223451.578560823Z
MN,10,"SLDUST=""010""",12877.28,38770.23,0.0,13002.47,36254.96,926.99,10835.52,31227.08,2826.93,,,,12844.48,32730.03,3610.93,27148.86,43896.67,2882.93,,,,,,,,10465.85,5477.07,,,,,1093.9,706.04,21539.38,6084.65,,,63066.272,9036.3859,34027.81,4686.64,650.09,493.29,85819,84407.21,12102.52,59081.53,7946.72,22807.84,8471.13,1679.23,1901.71,442.25,1495.55,506.97,1612.68,66215.71,9651.08,909.48,1123.49,tl_2025_27_sldu.zip,https://dev.planscore.org/plan.html?20260308T223451.578560823Z
MN,11,"SLDUST=""011""",18802.75,29108.08,0.0,19120.73,27061.78,1050.99,16047.77,22124.85,3422.92,,,,18044.72,24528.81,3717.96,36932.48,32014.76,3075.94,,,,,,,,11085.6,6199.5,,,,,624.04,370.75,22850.8,7380.47,,,59711.9196,10545.2842,32632.01,5350.19,398.66,301.11,85150,84824.99,13175.59,60998.88,9062.49,25312.61,10143.67,2969.9,2569.9,526.13,1387.22,1899.38,1970.23,67469.05,10383.22,1011.85,1101.75,tl_2025_27_sldu.zip,https://dev.planscore.org/plan.html?20260308T223451.578560823Z
MN,12,"SLDUST=""012""",15033.66,33505.22,0.0,15499.89,32046.28,933.31,13363.14,28558.71,3170.39,,,,15382.82,29660.49,2735.08,31976.97,39972.3,2528.04,,,,,,,,13628.86,7754.75,,,,,1688.86,883.34,19426.2,7285.49,,,66420.5583,10647.9981,35999.47,6022.5,569.84,473.51,85363,84086.82,14211.56,57957.56,9494.68,19339.78,8776.35,694.72,1709.08,428.7,1731.68,590.44,1887.44,65326.12,10826.73,1738.24,1750.52,tl_2025_27_sldu.zip,https://dev.planscore.org/plan.html?20260308T223451.578560823Z
MN,13,"SLDUST=""013""",16412.73,34035.4,0.0,16263.14,32313.01,1082.49,12888.46,29365.02,3290.25,,,,15378.45,29785.67,3634.67,31660.93,42567.52,2895.67,,,,,,,,16268.24,8124.58,,,,,1061.97,659.9,15179.94,5657.38,,,78332.5495,10303.0597,32579.67,5210.93,610.15,442.4,85750,87563.67,14401.86,56514.84,9289.3,21961.91,9900.58,501.12,1256.85,683.08,1556.61,838.8,1813.98,63916.7,11051.9,1021.06,1229.08,tl_2025_27_sldu.zip,https://dev.planscore.org/plan.html?20260308T223451.578560823Z
MN,14,"SLDUST=""014""",18995.04,20621.7,0.0,20474.55,19345.68,1245.88,16292.05,19191.08,3858.19,,,,18596.88,17705.71,3934.02,33738.74,26799.46,3358.36,,,,,,,,14634.84,9799.43,,,,,4619.55,2266.03,13389.64,8131.78,,,57416.603,17293.2038,32913.64,7913.87,2049.87,1203.13,85276,84242.74,22350.47,50570.63,12936.93,20219.68,13976.74,804.18,1695.04,2147.27,3492.31,7426.64,6514.37,62740.88,17123.27,2341.86,2731.34,tl_2025_27_sldu.zip,https://dev.planscore.org/plan.html?20260308T223451.578560823Z
MN,15,"SLDUST=""015""",14482.19,31032.15,0.0,15406.22,30223.61,966.13,12728.69,27351.22,3760.62,,,,15230.83,27905.1,2893.08,31827.85,38433.25,2896.29,,,,,,,,12602.62,7157.52,,,,,3447.11,1746.26,20035.93,7303.81,,,63675.2229,8673.8543,35011.62,5908.04,1360.26,900.13,84865,84565.81,14684.25,57165.4,9392.29,23094.14,10257.45,1156.84,1990.72,1180.97,2198.41,952.91,2355.4,63472.06,10900.34,1656.88,1914.15,tl_2025_27_sldu.zip,https://dev.planscore.org/plan.html?20260308T223451.578560823Z
MN,16,"SLDUST=""016""",14411.64,30254.81,0.0,15439.33,29425.16,983.07,13292.8,26022.16,3364.87,,,,15225.59,26835.25,3022.75,32701.54,36545.94,3135.58,,,,,,,,11729.78,6581.48,,,,,4589.55,2060.33,17801.95,6742.92,,,65043.725,9940.0797,33949.48,5660.84,1423.4,887.53,85283,83712.36,15041.12,57133.17,9682.17,23775.49,10013.65,568.54,1546.86,543.52,1771.74,1407.84,2595.22,61684.84,10546.63,3607.6,2805.43,tl_2025_27_sldu.zip,https://dev.planscore.org/plan.html?20260308T223451.578560823Z
MN,17,"SLDUST=""017""",15324.51,34281.21,0.0,15154.03,33289.73,1179.06,11551.73,28738.78,3762.11,,,,14432.79,30998.7,3511.33,29187.44,41811.98,2805.18,,,,,,,,11799.48,7227.45,,,,,2069.57,995.45,18980.47,6986.82,,,74131.2384,12043.1401,31956.11,5904.56,921.67,625.35,84826,82366.27,15883.23,56210.77,10216.73,22455.12,11043.92,387.92,1400.88,660.72,1822.72,540.51,1738.88,63541.92,12403.94,2147.44,2310.26,tl_2025_27_sldu.zip,https://dev.planscore.org/plan.html?20260308T223451.578560823Z
MN,18,"SLDUST=""018""",23074.38,20933.86,0.0,23874.65,19167.91,1218.81,19065.81,18336.52,4386.88,,,,21420.97,17504.82,4498.32,41228.02,25363.43,4017.25,,,,,,,,17734.53,9576.68,,,,,4700.34,2095.0,12022.36,6193.7,,,69929.825,12199.2282,31903.77,6276.8,1656.8,1127.87,85499,83021.98,17398.06,48833.38,9982.56,17306.78,9904.08,416.49,1229.58,1346.06,2054.58,2303.83,3194.65,65898.25,13981.93,2611.55,2544.27,tl_2025_27_sldu.zip,https://dev.planscore.org/plan.html?20260308T223451.578560823Z
MN,19,"SLDUST=""019""",16123.03,27274.15,0.0,16989.0,26738.0,1150.0,13521.0,23661.0,3529.0,,,,15777.0,24127.0,3988.0,31386.0,34020.0,3136.0,,,,,,,,13754.5,8760.95,,,,,3925.56,1474.5,19923.05,8232.78,,,74958.8184,11955.3673,33044.06,6579.56,1561.93,956.28,84872,84186.66,17726.41,58119.99,11355.71,20419.7,11598.63,650.49,1471.84,569.96,1607.32,2725.79,3115.62,62547.17,13894.03,3622.63,3193.43,tl_2025_27_sldu.zip,https://dev.planscore.org/plan.html?20260308T223451.578560823Z
MN,20,"SLDUST=""020""",19885.17,31013.12,0.0,19898.79,29886.46,1229.99,15860.19,25521.95,4015.3,,,,19055.76,27714.49,3475.99,37973.25,39077.95,3210.65,,,,,,,,16472.81,8295.35,,,,,1827.25,973.01,18062.14,6708.57,,,77759.8997,12628.2926,34426.85,5636.67,960.95,633.9,84757,83587.78,14154.7,58706.55,9402.79,20528.06,9131.4,708.16,1377.52,740.89,1543.66,570.64,1654.89,64801.78,11204.1,1213.95,1403.27,tl_2025_27_sldu.zip,https://dev.planscore.org/plan.html?20260308T223451.578560823Z
MN,21,"SLDUST=""021""",11376.0,26699.72,0.0,13273.0,28785.0,831.0,11973.0,26160.0,3004.0,,,,12833.0,26093.0,3091.0,28182.0,37088.0,2739.0,,,,,,,,11122.76,6452.49,,,,,7336.07,2107.48,19485.06,7120.04,,,65316.0748,9500.0652,34815.58,5771.61,2268.13,1060.95,85312,83350.77,15063.71,56761.73,9436.85,20365.87,9084.76,577.89,1785.2,1310.13,2386.99,926.77,2260.91,58563.31,10232.15,4121.16,3309.31,tl_2025_27_sldu.zip,https://dev.planscore.org/plan.html?20260308T223451.578560823Z
MN,22,"SLDUST=""022""",15802.43,32327.04,0.0,16310.92,31359.89,1078.98,13153.06,27526.28,3501.23,,,,15923.29,28373.84,3648.81,32488.73,39034.65,3262.95,,,,,,,,13902.05,7520.7,,,,,1688.37,850.44,19988.42,7222.31,,,70744.8592,11671.4239,34077.52,5838.82,669.23,546.8,84796,84662.12,14727.21,58944.19,9788.31,21465.79,9597.68,431.57,1525.37,512.68,1552.1,722.4,2015.96,64020.78,11140.96,2239.0,2227.27,tl_2025_27_sldu.zip,https://dev.planscore.org/plan.html?20260308T223451.578560823Z
MN,23,"SLDUST=""023""",17174.96,25859.89,0.0,18346.0,25007.0,959.0,15718.16,22479.45,3296.06,,,,17814.0,21781.0,3789.0,35678.0,31450.0,3463.0,,,,,,,,11608.62,7286.03,,,,,6414.88,2807.57,19655.21,7898.27,,,63973.8318,11024.9894,34539.66,6472.99,1887.78,1335.24,84988,83878.63,17207.4,58122.82,10679.37,20961.8,9959.22,420.49,1576.96,1694.09,2864.99,1248.95,2497.03,61736.27,11654.66,3704.02,3123.81,tl_2025_27_sldu.zip,https://dev.planscore.org/plan.html?20260308T223451.578560823Z
MN,24,"SLDUST=""024""",22879.97,24710.28,0.0,22954.75,24458.73,1179.07,16518.64,21391.42,4053.64,,,,21441.38,22547.82,3447.78,37693.23,34386.62,2568.07,,,,,,,,22739.51,10551.32,,,,,6657.43,2370.29,11812.66,5880.94,,,85578.6517,15691.0343,31513.4,5799.4,2990.43,1181.2,84622,81182.21,16825.95,54209.35,9947.19,16074.18,9009.53,284.56,1127.04,2325.69,2687.71,1573.77,2524.98,59534.03,12553.24,1852.78,2046.24,tl_2025_27_sldu.zip,https://dev.planscore.org/plan.html?20260308T223451.578560823Z
MN,25,"SLDUST=""025""",27178.69,17189.47,0.0,27462.54,17600.79,1169.94,20409.25,16172.58,4420.05,,,,25018.9,16498.68,3393.25,42993.61,26692.32,2648.3,,,,,,,,27037.3,15468.64,,,,,9436.25,3758.4,10457.61,7031.71,,,76670.3713,21964.561,34405.97,8072.74,4440.0,2087.41,85190,82370.82,21607.57,56010.03,13556.1,14966.84,10801.82,361.64,1368.07,4233.27,4866.39,5064.2,4998.7,62692.17,16195.84,2851.5,3417.61,tl_2025_27_sldu.zip,https://dev.planscore.org/plan.html?20260308T223451.578560823Z
MN,26,"SLDUST=""026""",21124.84,26921.08,0.0,21764.92,25414.03,1112.0,18642.77,22868.59,4135.96,,,,20235.96,22883.02,4041.98,39369.91,33296.11,3755.99,,,,,,,,15236.45,8153.41,,,,,1000.81,704.72,17178.08,6809.0,,,61109.1814,9288.7674,34837.58,5798.75,320.99,292.9,85003,85934.47,15130.56,56450.71,9487.38,20241.07,9632.59,479.26,1580.67,1049.77,2155.88,784.38,1959.99,67223.2,12097.55,1194.74,1557.8,tl_2025_27_sldu.zip,https://dev.planscore.org/plan.html?20260308T223451.578560823Z
MN,27,"SLDUST=""027""",14231.22,36841.73,0.0,13938.01,34494.68,1117.68,10350.91,29207.71,3422.42,,,,12852.31,31279.82,4379.54,24022.94,41362.95,3174.89,,,,,,,,13277.17,8722.48,,,,,524.07,337.01,16930.34,8425.74,,,89244.6373,17062.8677,29347.12,5802.55,261.79,174.21,85592,84912.26,18733.7,55519.0,11451.07,23473.19,12480.77,584.33,1365.06,784.41,1716.41,813.55,1692.32,64003.24,14267.81,1167.97,1565.93,tl_2025_27_sldu.zip,https://dev.planscore.org/plan.html?20260308T223451.578560823Z
MN,28,"SLDUST=""028""",17353.46,35657.09,0.0,16991.0,33175.0,1304.0,13324.34,27682.87,3701.11,,,,15911.0,29758.0,4707.0,31564.0,40251.0,3679.0,,,,,,,,12196.71,7445.91,,,,,774.54,571.44,18723.66,7210.77,,,84965.2191,14748.6367,30803.73,5205.71,581.5,489.49,84944,82669.63,14816.48,56676.17,9671.49,24554.95,11145.39,715.48,1331.02,1005.44,1796.56,722.08,1555.65,65135.3,12327.01,1278.67,1536.28,tl_2025_27_sldu.zip,https://dev.planscore.org/plan.html?20260308T223451.578560823Z
MN,29,"SLDUST=""029""",17541.47,34419.9,0.0,16897.59,31879.9,1258.77,12671.0,26815.13,3680.44,,,,15554.05,29337.59,4139.28,30261.63,40038.23,3353.01,,,,,,,,14815.59,8718.34,,,,,879.32,583.66,17743.05,7250.58,,,81865.4809,15185.1251,31515.59,5844.37,377.24,283.75,85734,84651.38,16625.19,55841.25,10351.33,21536.11,10713.35,556.38,1346.99,847.91,1622.79,492.19,1425.59,63131.84,12258.4,1368.84,1657.82,tl_2025_27_sldu.zip,https://dev.planscore.org/plan.html?20260308T223451.578560823Z
MN,30,"SLDUST=""030""",20232.76,34392.43,0.0,18111.85,31257.21,1156.1,12540.68,26252.46,3626.38,,,,16370.75,29158.24,3846.75,28866.52,39927.82,2831.42,,,,,,,,18146.58,12554.73,,,,,1168.99,661.75,12852.88,8610.17,,,105026.6068,29038.6253,27588.39,7216.9,540.37,483.42,85767,81799.36,23536.17,52493.09,14317.35,19087.91,13312.1,473.77,1253.55,1102.74,1992.42,2745.56,3673.77,63377.75,17451.59,1308.67,1868.51,tl_2025_27_sldu.zip,https://dev.planscore.org/plan.html?20260308T223451.578560823Z
MN,31,"SLDUST=""031""",19756.14,33611.87,0.0,19569.28,32534.01,1277.75,14546.87,27992.09,3934.97,,,,17657.05,30154.12,4557.24,32717.47,42580.34,3376.59,,,,,,,,16912.15,10300.19,,,,,3085.44,1872.97,15461.43,8512.77,,,96781.1815,21540.722,30178.93,6761.63,2185.35,1483.12,85863,85722.49,20727.0,58137.15,13400.91,24040.87,13902.2,451.93,1508.63,1824.84,2849.81,1816.52,2955.67,64504.21,16742.98,774.12,1379.83,tl_2025_27_sldu.zip,https://dev.planscore.org/plan.html?20260308T223451.578560823Z
MN,32,"SLDUST=""032""",23895.27,25541.2,0.0,24121.74,24635.36,1250.97,17596.69,21431.39,3839.99,,,,21463.06,23338.37,4200.3,38249.65,33156.23,3074.31,,,,,,,,18297.72,11293.3,,,,,4815.08,1725.12,14277.99,8195.67,,,93347.4023,20049.4834,28792.37,6468.87,3438.53,1486.83,85959,80841.37,20578.64,53943.12,13083.02,19307.52,12437.4,702.96,1748.39,4779.07,5381.84,4092.0,5133.53,62606.38,17040.86,1864.19,2567.46,tl_2025_27_sldu.zip,https://dev.planscore.org/plan.html?20260308T223451.578560823Z
MN,33,"SLDUST=""033""",27158.71,26883.99,0.0,26783.11,26409.16,1231.12,20751.23,23182.45,4254.92,,,,24549.72,25394.67,3396.02,45909.45,38569.23,3247.51,,,,,,,,24602.45,13829.85,,,,,1856.58,1044.24,13806.35,8543.76,,,95794.435,28344.4833,31923.98,7328.81,1252.71,834.85,85042,84138.08,20685.81,58904.06,13738.03,20441.68,12097.12,671.44,1665.08,1803.54,3035.21,1836.47,2428.97,63883.0,15608.15,1619.35,2037.77,tl_2025_27_sldu.zip,https://dev.planscore.org/plan.html?20260308T223451.578560823Z
MN,34,"SLDUST=""034""",28516.82,22062.38,0.0,27358.05,21693.1,1201.81,19951.37,18811.65,3627.81,,,,24229.84,20987.13,3993.72,42914.51,31047.7,2914.49,,,,,,,,20200.43,12918.21,,,,,7665.68,2551.89,10881.15,7415.82,,,97623.9399,30644.9577,27628.85,7011.85,4781.57,1617.15,85038,78695.57,23386.31,52920.71,14184.29,20318.3,14517.08,590.03,1643.95,6035.43,5758.0,5929.61,6705.42,57898.32,17548.13,1536.15,2323.17,tl_2025_27_sldu.zip,https://dev.planscore.org/plan.html?20260308T223451.578560823Z
MN,35,"SLDUST=""035""",23284.36,21910.51,0.0,24439.76,22402.56,1327.03,18496.38,20988.92,4246.25,,,,21292.99,20654.78,5188.41,38849.64,30560.85,3667.51,,,,,,,,15758.8,10622.32,,,,,6199.01,3020.64,18017.08,9812.47,,,76232.6805,18967.3083,32163.15,7442.18,3622.02,1996.31,85408,84038.61,21558.56,58608.99,14561.23,23618.37,14126.31,938.04,2082.96,4096.36,5481.99,4112.76,5089.77,64422.02,17246.88,2430.87,3126.69,tl_2025_27_sldu.zip,https://dev.planscore.org/plan.html?20260308T223451.578560823Z
MN,36,"SLDUST=""036""",29436.17,24432.64,0.0,29688.66,24338.11,1322.95,23116.88,22376.14,4647.81,,,,26769.78,23760.15,3835.83,49895.75,36944.67,3292.85,,,,,,,,26633.47,15137.55,,,,,3658.64,1846.14,13838.62,8476.83,,,94003.5887,23054.7359,34211.08,7682.96,2562.12,1396.2,85827,88458.93,21726.23,63342.6,14533.18,22481.48,13870.12,556.7,1685.87,3164.73,4145.05,1762.52,2884.59,64288.33,16457.42,1847.0,2424.24,tl_2025_27_sldu.zip,https://dev.planscore.org/plan.html?20260308T223451.578560823Z
MN,37,"SLDUST=""037""",29884.69,25249.39,0.0,29177.46,25668.66,1317.43,21117.37,23480.22,4438.2,,,,25979.3,25868.43,3351.1,46420.59,39955.75,2574.89,,,,,,,,31180.89,18525.52,,,,,2759.41,1125.61,9432.55,6977.32,,,117501.3173,36174.0841,33370.14,8362.63,1441.04,821.88,85837,87122.92,24903.71,60271.78,15785.93,19938.29,13874.14,365.94,1545.8,3133.51,3993.65,2701.71,4062.69,62918.18,18102.27,1108.46,1781.96,tl_2025_27_sldu.zip,https://dev.planscore.org/plan.html?20260308T223451.578560823Z
MN,38,"SLDUST=""038""",22194.46,9513.93,0.0,25522.8,10282.92,887.5,21445.12,9336.66,2521.47,,,,21822.44,9321.02,4389.0,38186.53,13941.09,3383.72,,,,,,,,12561.27,10286.16,,,,,16225.83,3894.15,13975.79,9492.04,,,67392.1188,18455.4901,29047.81,8941.08,9242.33,2584.44,85743,82960.96,27423.23,52109.34,16133.98,20504.83,14242.76,469.0,1701.71,9719.54,8572.67,16632.69,13268.83,53598.13,18742.23,2842.38,3375.44,tl_2025_27_sldu.zip,https://dev.planscore.org/plan.html?20260308T223451.578560823Z
MN,39,"SLDUST=""039""",27023.12,12860.11,0.0,30245.22,13568.46,1170.95,23789.66,13164.48,3966.83,,,,26716.17,13021.23,4196.85,48272.37,20384.02,3719.19,,,,,,,,19080.97,11758.16,,,,,13822.87,4680.49,15245.05,8447.05,,,66100.3525,16424.2819,32196.84,7330.84,7235.81,3031.34,84608,79664.97,20350.11,56304.35,13431.7,19949.92,12631.49,582.0,1593.95,3083.27,3988.68,9449.78,7811.43,60054.46,15549.14,3709.86,3627.59,tl_2025_27_sldu.zip,https://dev.planscore.org/plan.html?20260308T223451.578560823Z
MN,40,"SLDUST=""040""",32753.83,16245.39,0.0,33709.6,17271.16,1304.66,26889.95,16792.75,4903.36,,,,30627.49,17468.97,3245.12,56265.39,29267.93,2927.13,,,,,,,,29996.66,15786.35,,,,,6928.45,2682.22,10337.17,7262.23,,,89147.9984,23288.5035,33548.17,6974.69,3632.75,1734.34,85043,84948.87,21550.27,58355.68,13190.77,17737.88,11372.7,514.58,1713.09,4493.08,4995.71,3716.83,4717.45,62166.87,15408.18,2245.14,2748.71,tl_2025_27_sldu.zip,https://dev.planscore.org/plan.html?20260308T223451.578560823Z
MN,41,"SLDUST=""041""",27662.74,26855.59,0.0,26893.14,25500.34,1297.18,19870.59,22018.19,4175.3,,,,24437.67,24577.25,3844.11,44248.81,35594.42,3220.25,,,,,,,,22814.94,13064.95,,,,,2169.55,906.57,12775.6,7168.42,,,101434.939,21373.8096,29484.73,6299.12,1556.62,712.18,84744,82921.03,20620.11,56231.48,12894.19,19848.48,11250.26,525.11,1458.58,2267.91,2903.11,2262.37,3250.6,64286.53,14733.06,2146.68,2465.37,tl_2025_27_sldu.zip,https://dev.planscore.org/plan.html?20260308T223451.578560823Z
MN,42,"SLDUST=""042""",31592.0,17935.0,0.0,32442.13,19085.38,1135.79,24383.43,17502.36,4134.57,,,,29264.47,19949.99,2772.22,51566.12,31744.11,2199.64,,,,,,,,37260.77,18638.72,,,,,5749.61,2377.38,6484.4,5260.21,,,123804.4621,32196.1271,32627.44,7409.3,3096.81,1565.94,85056,83232.74,21107.65,58831.04,14049.13,15912.28,11603.54,309.09,1321.89,4565.6,4619.73,2975.38,3813.09,58688.29,15269.24,1780.26,2291.97,tl_2025_27_sldu.zip,https://dev.planscore.org/plan.html?20260308T223451.578560823Z
MN,43,"SLDUST=""043""",34975.58,12858.17,0.0,36312.82,14220.78,1373.76,28990.75,13444.76,4247.84,,,,32347.69,14311.39,4229.63,59716.29,22647.82,3790.43,,,,,,,,25231.61,14294.66,,,,,8853.39,4323.62,12524.39,8086.65,,,79787.0427,18165.2139,35295.15,8255.54,5089.19,3077.06,85306,82295.75,21815.88,60631.78,14942.2,22832.9,15194.64,505.91,1796.23,2205.03,3621.59,8214.62,7694.03,61861.86,17347.2,2698.74,3441.59,tl_2025_27_sldu.zip,https://dev.planscore.org/plan.html?20260308T223451.578560823Z
MN,44,"SLDUST=""044""",25993.33,16948.1,0.0,28203.52,17460.04,1155.9,23092.92,16134.84,3872.07,,,,24767.96,16113.52,4632.18,45030.52,23957.75,3706.65,,,,,,,,18319.41,12229.69,,,,,9104.41,3436.96,15977.43,9341.85,,,72214.4115,22846.1099,32092.36,7677.44,5335.02,2335.18,85040,83249.93,23542.77,57604.46,14883.61,19137.86,13815.72,744.34,1944.36,9238.24,9111.18,4731.92,6209.12,60688.38,18924.24,3110.01,3529.49,tl_2025_27_sldu.zip,https://dev.planscore.org/plan.html?20260308T223451.578560823Z
MN,45,"SLDUST=""045""",33168.85,23760.15,0.0,34045.92,24491.57,1236.64,25805.43,22303.44,4713.4,,,,30585.0,25185.84,3233.54,56099.53,40039.2,2651.65,,,,,,,,38785.74,18942.45,,,,,3991.51,1682.67,9244.63,7010.8,,,120853.0543,33278.3991,36796.51,8628.59,2255.56,1228.69,85939,87343.82,21873.18,65261.48,15815.4,19385.86,13221.14,425.99,1768.96,1588.97,2892.92,1111.0,2495.96,63587.27,16670.42,1205.98,1863.95,tl_2025_27_sldu.zip,https://dev.planscore.org/plan.html?20260308T223451.578560823Z
MN,46,"SLDUST=""046""",37532.45,12531.68,0.0,39663.52,13185.7,1298.37,31560.92,12309.95,4319.81,,,,35495.34,13991.53,3651.21,65251.55,22207.25,3160.72,,,,,,,,36581.26,17940.55,,,,,6821.49,2727.33,7915.37,6114.2,,,93510.0474,27274.4185,38905.49,8263.41,3817.44,1761.31,84758,82180.18,19835.82,61587.52,14173.6,18127.15,13403.86,577.01,1818.04,2545.03,3611.08,3994.0,4560.04,64842.73,16926.58,2411.02,3066.05,tl_2025_27_sldu.zip,https://dev.planscore.org/plan.html?20260308T223451.578560823Z
MN,47,"SLDUST=""047""",30942.22,19636.48,0.0,30927.4,19663.53,1091.14,22803.96,17234.79,3647.08,,,,27709.88,19928.0,3098.96,47330.16,29483.13,2370.48,,,,,,,,31019.05,16926.38,,,,,5587.93,1877.94,7203.59,5422.76,,,116032.1372,24423.8811,29576.72,6939.73,3336.81,1321.28,84856,80851.37,21167.37,53050.13,13196.54,14531.67,10450.79,281.96,1234.94,6275.94,6525.9,4248.99,5127.97,61398.12,17119.4,2302.95,2531.93,tl_2025_27_sldu.zip,https://dev.planscore.org/plan.html?20260308T223451.578560823Z
MN,48,"SLDUST=""048""",27797.81,27592.12,0.0,26301.9,25772.93,1269.96,18364.15,22102.02,4233.83,,,,23462.01,25795.85,3359.95,41417.17,38551.19,2554.0,,,,,,,,29064.18,13216.72,,,,,1938.06,923.24,7812.56,5308.8,,,108512.8612,22115.7038,30223.66,6316.62,1252.96,762.85,85627,82991.54,17984.42,54062.96,11390.33,16030.73,10947.54,308.95,1342.68,1859.0,2809.71,1428.49,2653.6,62162.11,14859.84,2193.01,2522.12,tl_2025_27_sldu.zip,https://dev.planscore.org/plan.html?20260308T223451.578560823Z
MN,49,"SLDUST=""049""",33673.89,18426.95,0.0,34142.99,19042.46,1223.23,26820.55,18586.28,4410.78,,,,30908.21,19810.09,2895.23,55965.58,32814.2,2488.05,,,,,,,,38002.86,19422.93,,,,,9477.0,2655.0,6887.4,5963.46,,,111650.5296,29751.9055,33430.73,7269.19,4625.0,1985.0,85347,84700.98,22510.47,60322.87,15054.82,14369.37,10601.25,517.97,1677.85,5023.01,5615.21,3427.93,4197.81,59364.44,15959.68,1843.74,2504.72,tl_2025_27_sldu.zip,https://dev.planscore.org/plan.html?20260308T223451.578560823Z
MN,50,"SLDUST=""050""",36044.46,16768.26,0.0,37288.96,17866.43,1155.34,29257.4,17279.11,4357.84,,,,33742.0,18875.21,2921.34,61742.66,31961.23,2473.6,,,,,,,,36115.11,18645.02,,,,,7795.48,2989.69,7194.15,5860.25,,,106787.3756,29110.4746,34848.52,7727.89,3832.76,2028.44,84880,81437.74,21856.74,59748.76,14812.4,16233.48,11520.31,530.59,1933.58,2916.99,4042.37,3027.6,4152.09,62446.72,16905.22,1691.26,2398.18,tl_2025_27_sldu.zip,https://dev.planscore.org/plan.html?20260308T223451.578560823Z
MN,51,"SLDUST=""051""",30140.52,12866.18,0.0,32613.34,13575.65,1235.8,26011.78,12948.36,3848.06,,,,28985.01,13264.42,4257.37,53139.64,20708.89,3592.7,,,,,,,,22799.0,13369.87,,,,,13059.6,4306.79,13356.95,9162.35,,,74370.7668,20773.6139,33896.28,7590.39,5886.2,2502.68,85533,83464.02,24058.8,59904.67,15830.55,20652.31,13522.9,895.73,2377.16,3074.85,4149.27,7955.4,7912.38,62158.08,17775.45,5926.99,5741.64,tl_2025_27_sldu.zip,https://dev.planscore.org/plan.html?20260308T223451.578560823Z
MN,52,"SLDUST=""052""",32235.36,17654.55,0.0,33876.1,18679.97,1368.67,26209.59,17775.18,4631.99,,,,30698.41,18909.06,3634.34,55230.35,30302.71,2885.09,,,,,,,,29540.52,14105.59,,,,,11244.45,3864.65,8823.55,6002.75,,,105194.8471,22365.934,33759.32,7017.54,6216.79,2519.03,85337,82842.71,18979.65,57670.67,12400.33,19333.9,11733.6,295.44,1291.57,4384.79,4972.49,6204.48,5830.21,62012.04,15214.36,2370.52,2618.52,tl_2025_27_sldu.zip,https://dev.planscore.org/plan.html?20260308T223451.578560823Z
MN,53,"SLDUST=""053""",28182.99,19874.34,0.0,28494.67,19697.72,1302.76,22292.08,17884.94,4320.06,,,,25290.37,18782.13,4550.56,46169.41,28115.2,3992.43,,,,,,,,20123.4,12871.64,,,,,7284.74,3307.23,14282.82,8094.91,,,79749.8213,19097.6937,34315.96,7778.79,3405.81,1802.03,84998,82246.36,20478.14,57884.39,13707.37,20894.71,12847.16,509.54,1537.78,2260.16,3308.63,3211.81,4365.02,64773.18,17423.52,6456.76,5579.51,tl_2025_27_sldu.zip,https://dev.planscore.org/plan.html?20260308T223451.578560823Z
MN,54,"SLDUST=""054""",23215.47,25464.83,0.0,22855.54,24130.05,1146.01,15934.9,21238.82,3725.57,,,,20241.88,23270.78,3790.9,35118.41,33175.73,3292.98,,,,,,,,20685.37,12561.64,,,,,3131.61,1068.95,11839.86,7418.22,,,94967.103,25644.5423,28654.28,7116.93,2008.08,840.42,85633,82289.84,22220.1,52941.19,13470.24,18340.3,12497.21,1010.45,1747.35,4403.33,4700.85,2605.06,3631.41,60303.16,17411.3,3138.3,3434.86,tl_2025_27_sldu.zip,https://dev.planscore.org/plan.html?20260308T223451.578560823Z
MN,55,"SLDUST=""055""",25353.62,18423.08,0.0,27296.66,19239.7,1205.13,20823.37,17896.96,3860.51,,,,24241.67,18755.08,3898.17,42939.27,29160.63,3047.02,,,,,,,,23716.81,12970.17,,,,,7131.79,2821.41,10372.72,7257.99,,,97484.8828,19169.755,30203.27,6642.01,4122.46,1706.57,85190,81694.34,19927.56,55051.25,13070.54,18761.15,11872.88,474.9,1374.38,3642.88,4527.99,7090.66,7239.35,61977.67,16544.12,2926.89,3240.89,tl_2025_27_sldu.zip,https://dev.planscore.org/plan.html?20260308T223451.578560823Z
MN,56,"SLDUST=""056""",29470.91,20184.75,0.0,29898.47,20459.56,1261.28,21966.95,18603.72,4075.13,,,,27038.1,20302.13,3499.68,47730.7,31185.09,2768.69,,,,,,,,25360.62,13254.52,,,,,6612.54,2296.89,9402.08,6264.77,,,104528.2762,23688.7096,30247.92,6617.45,3975.09,1569.24,85083,81382.83,20758.12,54148.37,12811.41,17953.3,11809.79,358.02,1311.0,3727.72,4190.22,4215.65,4927.4,59876.57,15515.22,2230.47,2616.63,tl_2025_27_sldu.zip,https://dev.planscore.org/plan.html?20260308T223451.578560823Z
MN,57,"SLDUST=""057""",25020.65,28612.35,0.0,23604.0,27117.0,1107.0,16072.66,23306.9,3613.42,,,,21095.0,26650.0,3242.0,36421.0,38276.0,2573.0,,,,,,,,25021.39,13234.19,,,,,2765.29,1099.7,8454.74,6560.98,,,123445.453,24545.4332,27835.8,6495.73,1847.65,777.57,84727,80993.12,20554.71,52068.99,12281.89,15828.04,10952.81,414.84,1341.62,2758.94,3365.75,2170.94,3431.76,61902.84,15830.7,2465.0,2754.86,tl_2025_27_sldu.zip,https://dev.planscore.org/plan.html?20260308T223451.578560823Z
MN,58,"SLDUST=""058""",23977.18,27327.58,0.0,23307.17,25665.05,1137.14,18675.87,22798.08,3742.56,,,,21720.17,24236.09,3424.68,41901.16,34819.26,3013.39,,,,,,,,17988.69,9341.64,,,,,2880.6,1300.21,13238.0,6418.78,,,97259.8789,16275.1813,28531.0,5764.0,1343.44,895.33,85445,84271.06,17978.59,51959.26,10619.22,18568.98,9984.35,380.8,1357.38,1492.82,2277.12,1352.97,2432.44,61744.44,12461.63,2330.18,2379.84,tl_2025_27_sldu.zip,https://dev.planscore.org/plan.html?20260308T223451.578560823Z
MN,59,"SLDUST=""059""",30729.14,5742.79,0.0,33325.1,5503.17,1098.86,27028.2,4254.01,2761.19,,,,28404.04,5452.43,4932.13,50185.51,7579.0,3857.17,,,,,,,,21174.35,14146.89,,,,,9959.19,3856.46,10879.94,8445.99,,,52924.106,17960.7753,32643.27,9331.09,5436.93,2421.31,84924,85137.02,28078.64,54928.78,17286.67,18471.56,13226.23,1012.49,2432.61,4819.01,5958.67,18405.47,13720.19,59882.95,20851.46,4299.12,4674.36,tl_2025_27_sldu.zip,https://dev.planscore.org/plan.html?20260308T223451.578560823Z
MN,60,"SLDUST=""060""",31299.11,5322.35,0.0,35296.39,5019.87,1048.76,31032.37,5608.5,4060.2,,,,31645.51,5096.97,3482.24,62027.64,8548.06,3505.96,,,,,,,,21444.23,12440.83,,,,,6420.22,2599.98,6952.0,5669.01,,,63040.7309,19847.5768,31479.08,7388.65,3053.74,1535.57,84969,81939.48,20631.9,43661.49,12410.6,13108.95,10082.37,859.07,1995.62,4432.78,4599.27,8748.51,7355.95,66593.24,18425.23,3653.78,3217.55,tl_2025_27_sldu.zip,https://dev.planscore.org/plan.html?20260308T223451.578560823Z
MN,61,"SLDUST=""061""",45773.0,5230.0,0.0,48644.86,6331.7,1106.93,41587.94,6256.32,3973.45,,,,44831.93,7102.39,3334.78,83842.27,11677.56,3004.78,,,,,,,,43215.5,22514.29,,,,,8029.07,3109.5,5117.83,5072.09,,,100769.1567,28842.4845,41632.08,9142.81,4565.04,2168.0,85044,81456.95,21326.78,62540.1,16387.61,14488.35,11937.81,641.94,2004.84,2990.96,4141.26,6304.5,6695.14,70751.5,19424.27,4173.71,4685.37,tl_2025_27_sldu.zip,https://dev.planscore.org/plan.html?20260308T223451.578560823Z
MN,62,"SLDUST=""062""",29119.0,3326.0,0.0,36918.78,3074.91,932.21,31722.99,2736.45,3281.03,,,,33262.52,3057.66,3441.9,64136.05,4675.64,3521.91,,,,,,,,23220.66,14514.12,,,,,20523.86,6235.92,9401.88,8010.38,,,63060.8224,20546.3061,34771.72,9385.02,7996.59,3387.66,85241,86522.98,28499.87,56209.92,17422.11,17297.29,12944.28,1423.67,2634.17,1946.13,3412.4,11589.18,9984.85,55592.22,18598.64,5348.17,5195.69,tl_2025_27_sldu.zip,https://dev.planscore.org/plan.html?20260308T223451.578560823Z
MN,63,"SLDUST=""063""",46569.79,5494.34,0.0,48066.96,6312.18,1078.98,41052.6,6292.08,4035.63,,,,44876.94,6814.13,3002.56,84751.23,11070.56,3145.72,,,,,,,,36078.27,19390.05,,,,,9548.59,3658.66,8254.83,6676.47,,,89069.2438,24584.3098,36187.31,8761.96,5207.74,2447.34,84624,83603.82,23882.8,62108.4,15963.25,16069.7,12387.86,753.53,2191.19,1956.27,3325.55,6124.41,6316.59,64165.83,19062.06,2880.23,3460.49,tl_2025_27_sldu.zip,https://dev.planscore.org/plan.html?20260308T223451.578560823Z
MN,64,"SLDUST=""064""",43508.9,7868.0,0.0,44630.86,8289.01,1120.74,38445.19,8449.39,4394.69,,,,41132.87,8844.67,3033.49,78567.29,15651.99,3367.36,,,,,,,,35613.5,18751.32,,,,,4858.92,2231.22,7342.8,6218.97,,,79329.896,28050.2399,35330.85,8086.87,2795.38,1471.53,85022,81066.2,20767.96,56102.62,13940.14,14012.38,11592.99,719.08,2019.91,2657.35,3716.29,4581.46,5188.7,65971.68,17206.05,2525.47,2926.52,tl_2025_27_sldu.zip,https://dev.planscore.org/plan.html?20260308T223451.578560823Z
MN,65,"SLDUST=""065""",26358.97,7387.21,0.0,30496.32,7570.68,928.53,25991.8,6072.71,3140.48,,,,26359.82,6623.73,4596.0,49531.54,9803.96,4149.42,,,,,,,,18593.88,12956.18,,,,,16563.44,5312.93,11981.86,8125.12,,,58001.5881,18638.0009,32250.06,8213.37,9313.98,3627.2,84824,82092.36,23601.73,53131.13,15127.08,19001.57,14015.45,804.74,2149.25,7578.06,7618.09,11696.58,9047.84,60422.95,18903.27,5254.92,5112.11,tl_2025_27_sldu.zip,https://dev.planscore.org/plan.html?20260308T223451.578560823Z
MN,66,"SLDUST=""066""",30816.4,7606.3,0.0,33966.23,7805.26,1056.4,29164.36,6551.86,3308.86,,,,30664.8,7121.98,3787.75,56701.8,10974.38,3495.29,,,,,,,,25478.51,14003.92,,,,,17322.32,5085.9,10856.44,7509.0,,,66397.2187,18017.9394,32238.88,7492.67,8363.63,2983.28,84350,86840.49,24741.17,56444.81,14687.89,15337.72,11343.23,614.18,1779.34,8909.38,7730.98,7489.9,7618.89,59621.88,17380.75,3346.55,3594.46,tl_2025_27_sldu.zip,https://dev.planscore.org/plan.html?20260308T223451.578560823Z
MN,67,"SLDUST=""067""",19418.2,8654.93,0.0,23573.5,8384.85,819.42,20618.68,6436.69,2447.27,,,,19751.88,6711.0,4711.11,35569.75,8959.1,3850.1,,,,,,,,11411.87,9224.34,,,,,22764.83,6347.17,14591.37,9154.68,,,61685.4624,16080.5068,26424.88,6855.69,12018.63,3788.46,85049,83857.93,27610.63,50197.77,15085.15,15785.41,11030.66,572.9,1678.22,13942.39,10994.65,9703.11,8412.91,51331.87,17364.07,3428.23,3550.79,tl_2025_27_sldu.zip,https://dev.planscore.org/plan.html?20260308T223451.578560823Z
MS,1,"SLDUST=""001""",7409.65,16567.26,591.74,7660.45,15770.77,435.02,5945.25,14019.61,628.02,7296.74,16905.35,0.0,8612.49,14612.73,619.02,14456.72,29876.29,426.01,,,,,,,,8558.89,6296.25,,,,,1250.68,850.69,10613.83,6599.45,,,69821.8016,18374.835,20084.06,4590.5,442.27,372.1,56991,54688.02,13916.83,36535.66,9000.56,16514.0,9516.84,172.26,891.59,535.88,1424.18,11291.27,7144.65,41033.64,11221.61,1312.45,1635.76,tl_2025_28_sldu.zip,https://dev.planscore.org/plan.html?20260308T223454.171599812Z
MS,2,"SLDUST=""002""",10242.19,12664.18,644.11,9853.25,12882.31,455.03,6756.57,12710.85,637.27,10296.3,12918.4,0.0,10700.76,11963.4,498.58,17602.56,26462.94,376.02,,,,,,,,9183.65,7003.03,,,,,908.27,635.14,11581.21,7029.02,,,68904.5305,17351.8371,20607.4,5375.5,497.59,405.43,57640,57935.59,16577.18,37982.97,10575.87,15814.1,10520.42,215.89,974.6,963.79,1676.73,14272.15,8012.22,42891.65,12816.61,1545.37,1836.74,tl_2025_28_sldu.zip,https://dev.planscore.org/plan.html?20260308T223454.171599812Z
MS,3,"SLDUST=""003""",6138.36,19498.84,241.45,7470.07,19336.45,353.94,7245.65,17253.07,473.02,6057.33,19391.94,0.0,8528.67,17910.67,654.53,15860.0,37586.43,428.34,,,,,,,,5952.51,5942.88,,,,,1567.69,1034.98,12785.25,7494.1,,,45497.939,16175.6877,21618.26,6081.37,313.86,462.29,59005,61742.59,17563.35,41821.39,12261.36,16045.16,11300.03,340.04,1304.02,174.04,1378.27,11148.85,6714.21,43039.4,12784.48,807.88,1289.99,tl_2025_28_sldu.zip,https://dev.planscore.org/plan.html?20260308T223454.171599812Z
MS,4,"SLDUST=""004""",3875.0,20641.0,187.0,4719.0,20872.0,304.0,4526.0,19059.0,433.0,3830.0,20503.0,0.0,6073.0,19010.0,586.0,10347.0,38880.0,360.0,,,,,,,,6555.0,6928.0,,,,,303.0,309.0,13073.0,8526.0,,,39482.0959,14497.073,22452.0,6968.0,171.0,171.0,56555,59034.0,19526.0,39884.0,12498.0,14360.0,10546.0,596.0,1760.0,96.0,1389.0,5645.0,4883.0,42695.0,13691.0,1005.0,1529.0,tl_2025_28_sldu.zip,https://dev.planscore.org/plan.html?20260308T223454.171599812Z
MS,5,"SLDUST=""005""",2919.0,23145.0,175.0,3582.72,22838.94,357.13,3328.88,20706.46,472.1,3140.0,22636.0,0.0,4970.31,20982.22,650.22,8535.01,42966.24,385.09,,,,,,,,5505.27,6537.93,,,,,35.77,90.52,13796.04,8963.57,,,40552.5402,18085.5331,22145.37,6692.73,8.2,73.05,58670,58639.71,17816.45,39951.39,12200.03,14631.33,10753.96,704.68,1901.45,341.33,1742.0,3299.07,3063.38,46317.19,13642.91,652.36,1196.57,tl_2025_28_sldu.zip,https://dev.planscore.org/plan.html?20260308T223454.171599812Z
MS,6,"SLDUST=""006""",6432.96,20400.22,291.59,6995.0,20231.0,422.0,5218.0,18511.0,533.0,6260.76,20398.42,0.0,7852.0,19078.0,616.0,14310.0,42899.0,471.0,,,,,,,,12490.01,9138.67,,,,,666.02,633.5,9950.62,6781.38,,,60834.9765,20153.1618,22149.66,5983.7,151.06,204.36,58981,59477.9,17518.76,40229.65,11139.71,15026.61,9527.59,142.59,1149.17,378.31,1540.48,8803.5,6157.59,44013.28,13166.97,696.84,1211.55,tl_2025_28_sldu.zip,https://dev.planscore.org/plan.html?20260308T223454.171599812Z
MS,7,"SLDUST=""007""",9065.12,13719.3,207.42,10866.09,13938.52,326.01,10119.08,12771.45,308.01,8929.32,13841.1,0.0,11702.11,13017.51,420.01,23508.2,28149.06,260.01,,,,,,,,6203.96,6704.92,,,,,554.16,587.97,13593.64,8186.81,,,43723.4057,16869.7993,22294.62,6153.26,86.69,194.58,56427,59201.04,18005.93,39568.66,11722.0,14855.76,10480.33,304.76,1481.99,22.69,1402.17,16457.27,8319.45,40685.99,12786.55,356.46,1100.05,tl_2025_28_sldu.zip,https://dev.planscore.org/plan.html?20260308T223454.171599812Z
MS,8,"SLDUST=""008""",8316.54,18618.03,256.18,10032.12,18839.02,399.43,9495.07,17519.58,490.49,8199.09,18659.16,0.0,11116.88,17602.09,504.52,22565.96,38705.66,382.72,,,,,,,,6064.6,6531.65,,,,,987.95,830.69,14713.61,8110.17,,,39769.5573,16911.0497,22935.33,6295.55,330.16,427.08,59525,60417.82,17928.43,40761.02,11719.91,13114.0,9664.42,383.2,1681.16,120.84,1641.26,13715.68,8383.7,44509.34,13206.18,736.89,1451.65,tl_2025_28_sldu.zip,https://dev.planscore.org/plan.html?20260308T223454.171599812Z
MS,9,"SLDUST=""009""",9045.9,14797.42,403.98,10170.59,13851.75,415.2,8128.29,12014.75,803.43,8522.0,15519.53,0.0,10985.0,12947.35,445.41,21972.14,27913.54,276.58,,,,,,,,14996.85,10909.33,,,,,875.26,434.63,6640.23,5721.31,,,52249.2019,21014.599,20140.37,6686.96,140.64,140.18,58854,57525.67,18780.99,33285.42,11537.99,9180.07,8401.48,268.36,1333.66,730.21,1745.08,10876.34,8083.79,47105.59,15175.68,1178.55,1398.64,tl_2025_28_sldu.zip,https://dev.planscore.org/plan.html?20260308T223454.171599812Z
MS,10,"SLDUST=""010""",9670.21,17626.9,217.76,11263.11,16691.55,353.73,10847.39,14496.59,415.11,9384.65,17743.55,0.0,12258.09,15364.82,512.8,24954.42,32262.08,385.67,,,,,,,,6282.49,6818.13,,,,,498.09,459.36,14312.12,9074.23,,,48028.1132,18732.5398,22325.59,6878.19,236.79,285.97,59487,59568.1,19594.66,40247.87,12682.5,17080.56,12798.19,697.8,1874.54,95.59,1337.74,16258.84,9407.71,45380.54,13934.79,1038.18,1548.79,tl_2025_28_sldu.zip,https://dev.planscore.org/plan.html?20260308T223454.171599812Z
MS,11,"SLDUST=""011""",10287.01,7557.7,320.83,12620.82,7928.94,331.38,12726.67,7656.99,355.88,10054.61,7766.97,0.0,13467.49,7149.67,279.66,27335.55,16784.48,393.49,,,,,,,,6135.96,6477.25,,,,,1050.12,825.36,11477.83,7610.65,,,27611.1564,18358.1465,22033.21,6490.59,419.27,454.05,54677,57987.2,18080.46,37141.45,11399.28,14322.16,10215.83,383.81,1647.25,131.15,1513.82,24488.68,10625.83,39588.69,12296.74,731.21,1323.41,tl_2025_28_sldu.zip,https://dev.planscore.org/plan.html?20260308T223454.171599812Z
MS,12,"SLDUST=""012""",11897.77,5790.56,186.81,15414.78,6710.86,260.7,14474.0,6602.01,237.02,11443.04,6145.17,0.0,16233.71,6184.97,127.55,35255.66,15509.91,265.1,,,,,,,,7111.59,7119.65,,,,,553.09,743.21,11540.1,7898.15,,,30057.5779,12205.7881,22114.84,6379.1,211.53,401.74,54639,55543.55,18250.8,36670.56,11223.55,13315.38,9748.46,177.26,1892.56,297.46,2029.2,28249.78,13738.02,40187.24,14202.7,472.78,1380.16,tl_2025_28_sldu.zip,https://dev.planscore.org/plan.html?20260308T223454.171599812Z
MS,13,"SLDUST=""013""",10975.88,5943.5,116.19,14633.44,6771.15,252.59,14740.1,6748.11,253.82,10172.68,6631.78,0.0,15237.59,6284.47,137.88,34142.37,16247.04,321.49,,,,,,,,7779.19,6492.43,,,,,727.04,637.92,10293.13,6027.94,,,32761.7647,14239.6416,19093.69,5126.4,171.75,311.18,54387,55203.85,13951.73,36730.46,8883.59,13532.6,8219.82,180.38,1381.61,85.54,1365.51,27055.28,9618.76,39548.24,10226.99,504.78,1080.46,tl_2025_28_sldu.zip,https://dev.planscore.org/plan.html?20260308T223454.171599812Z
MS,14,"SLDUST=""014""",8793.06,15513.99,152.95,10374.61,16743.15,250.33,9673.78,16273.64,328.65,8569.74,15635.02,0.0,11279.8,15747.72,384.15,23025.92,36018.72,341.45,,,,,,,,6847.96,7177.6,,,,,276.13,287.63,11932.19,7999.23,,,46598.352,20545.874,21608.85,6630.42,167.44,232.43,54111,53720.08,16666.08,37457.91,11345.76,14193.61,10588.83,233.44,1637.91,166.93,1646.02,16519.87,9744.34,41011.79,13654.5,286.1,1033.74,tl_2025_28_sldu.zip,https://dev.planscore.org/plan.html?20260308T223454.171599812Z
MS,15,"SLDUST=""015""",7653.75,14478.97,273.49,9114.89,14969.37,404.32,8055.71,14177.89,633.2,7252.99,14863.82,0.0,9790.69,14248.79,426.27,19618.75,32831.4,340.18,,,,,,,,10323.11,8011.01,,,,,414.37,307.29,8525.21,5563.25,,,40347.5139,14545.7484,20506.12,5714.55,152.19,151.02,54122,52114.41,14094.9,30699.99,8964.53,9240.61,7466.71,371.05,1359.63,553.33,1548.94,11620.8,6927.92,42609.96,11619.98,858.76,1161.38,tl_2025_28_sldu.zip,https://dev.planscore.org/plan.html?20260308T223454.171599812Z
MS,16,"SLDUST=""016""",13987.49,7321.08,242.35,16842.71,7496.99,407.79,16461.89,7146.17,410.35,13436.44,7932.6,0.0,17567.4,7077.43,235.72,37285.18,17266.53,273.66,,,,,,,,7675.51,7291.34,,,,,448.76,473.5,11944.52,8037.28,,,36602.6316,13111.663,21003.09,6547.84,167.5,281.78,54158,54410.24,17448.27,35019.94,10957.62,11443.35,9202.5,185.37,1320.74,154.5,1343.61,24886.71,11582.99,40629.25,13364.44,307.35,921.06,tl_2025_28_sldu.zip,https://dev.planscore.org/plan.html?20260308T223454.171599812Z
MS,17,"SLDUST=""017""",7941.47,15291.89,222.82,8924.16,16022.21,345.39,7669.64,15361.58,473.19,7653.27,15636.51,0.0,9674.15,15144.61,431.5,18693.31,34511.26,293.9,,,,,,,,9493.63,7847.32,,,,,413.65,419.34,11661.08,6967.94,,,51782.3721,17495.4079,20542.09,5961.23,231.84,293.16,54117,54228.53,16321.79,35885.34,10449.89,12733.63,9467.64,452.97,1535.26,437.63,1505.84,12752.9,7716.89,40905.58,12418.18,648.92,1112.5,tl_2025_28_sldu.zip,https://dev.planscore.org/plan.html?20260308T223454.171599812Z
MS,18,"SLDUST=""018""",6004.58,15467.26,153.11,7340.03,15825.16,208.09,6556.98,14653.35,271.13,5884.71,15621.12,0.0,7977.26,14973.04,364.26,15356.25,32503.87,269.18,,,,,,,,5303.54,6304.87,,,,,742.65,677.41,13011.87,7710.27,,,40616.6034,16253.9988,20534.45,6083.43,127.46,250.97,54256,56023.32,17357.6,36658.78,10949.28,13999.16,9677.7,4074.76,3540.62,238.76,1669.17,11401.29,7449.47,39939.31,13038.35,377.58,953.5,tl_2025_28_sldu.zip,https://dev.planscore.org/plan.html?20260308T223454.171599812Z
MS,19,"SLDUST=""019""",8996.04,16576.21,596.51,8301.22,15594.02,404.85,5899.08,14034.44,627.8,8889.96,16968.02,0.0,9153.06,14558.14,566.19,15140.39,29710.09,387.38,,,,,,,,9981.54,6555.8,,,,,1291.38,848.43,10379.69,6207.75,,,93837.2125,24155.1559,17820.9,4405.95,575.17,494.85,54868,52825.7,14593.09,34266.77,9077.61,15256.76,9451.48,86.47,687.71,596.18,1223.02,12912.66,8262.89,41718.33,12313.61,1273.28,1522.67,tl_2025_28_sldu.zip,https://dev.planscore.org/plan.html?20260308T223454.171599812Z
MS,20,"SLDUST=""020""",7338.48,20207.86,331.2,7306.36,20008.46,424.18,5117.15,18480.47,673.65,6826.55,20688.52,0.0,7814.57,19154.76,699.59,15203.53,44153.71,488.1,,,,,,,,16197.78,9250.82,,,,,770.1,502.31,7194.01,5148.7,,,85139.832,23193.5188,21053.09,5424.08,431.65,319.5,55424,56589.29,16193.59,39131.78,10667.85,15376.78,9918.4,129.93,859.56,713.68,1521.17,7724.04,5842.14,42919.32,12661.12,579.72,1015.48,tl_2025_28_sldu.zip,https://dev.planscore.org/plan.html?20260308T223454.171599812Z
MS,21,"SLDUST=""021""",15320.36,9056.18,228.23,17494.97,8830.73,365.67,16316.76,8294.94,329.09,14833.75,9611.58,0.0,18115.66,8304.59,243.34,38197.99,18347.17,317.69,,,,,,,,8628.34,7148.55,,,,,326.53,303.99,10861.16,6785.46,,,31700.0688,15084.6143,20548.59,6074.95,107.27,211.82,54626,55127.83,17069.67,36130.36,10639.54,13099.72,9746.76,213.7,1369.87,158.17,1344.25,25869.75,11762.2,41304.42,13003.45,274.75,852.26,tl_2025_28_sldu.zip,https://dev.planscore.org/plan.html?20260308T223454.171599812Z
MS,22,"SLDUST=""022""",11971.4,10436.18,227.69,14216.99,9814.43,281.49,13810.74,8524.84,253.43,11559.37,10957.8,0.0,14771.85,9315.62,215.37,31941.19,20873.82,341.51,,,,,,,,8635.96,6896.88,,,,,1079.76,1105.14,11376.98,6427.54,,,30260.6629,13365.7589,19465.97,5555.69,98.01,196.31,54710,56437.51,16606.91,37464.89,10254.27,11951.06,8296.67,121.53,1216.57,100.03,1199.38,24269.48,10485.06,39824.88,11566.54,982.8,976.41,tl_2025_28_sldu.zip,https://dev.planscore.org/plan.html?20260308T223454.171599812Z
MS,23,"SLDUST=""023""",10107.2,13343.59,277.87,12086.91,14237.47,292.59,10868.19,13354.36,437.95,9689.78,13722.29,0.0,12618.84,13647.18,303.08,26101.12,31714.6,344.22,,,,,,,,8318.77,7436.03,,,,,930.3,906.71,10866.47,7353.34,,,46516.7077,22028.4566,21839.78,6409.45,581.69,710.66,54789,55765.51,17929.46,37719.74,11434.49,15861.25,10518.92,122.33,1307.36,251.97,1446.47,18390.67,10467.61,41059.42,13254.75,539.95,1055.67,tl_2025_28_sldu.zip,https://dev.planscore.org/plan.html?20260308T223454.171599812Z
MS,24,"SLDUST=""024""",12142.66,8955.06,221.53,14663.49,9173.8,274.8,15149.88,8660.66,253.5,11848.25,9404.64,0.0,15426.06,8454.28,232.53,33829.23,19663.91,328.72,,,,,,,,5195.96,6479.78,,,,,596.43,533.93,12695.8,8748.55,,,31042.4602,11408.2335,19453.55,6711.08,108.36,198.43,54335,56752.82,20152.32,36441.4,12777.94,12084.03,9904.29,184.68,1623.85,29.21,1551.42,25582.07,12697.81,39789.1,14319.92,523.72,1361.65,tl_2025_28_sldu.zip,https://dev.planscore.org/plan.html?20260308T223454.171599812Z
MS,25,"SLDUST=""025""",10292.9,17339.86,413.49,11044.03,18013.46,433.24,8290.42,16763.02,820.71,9259.37,18637.22,0.0,11566.43,17484.89,486.36,24127.64,42082.22,310.42,,,,,,,,22495.11,12153.5,,,,,1905.92,1142.58,3066.26,3061.26,,,103658.6617,24382.3348,19605.6,4872.18,1160.48,808.72,54273,50611.08,14858.01,34958.45,9737.7,10706.56,8491.56,104.54,978.99,828.41,1788.52,11522.48,6931.26,38472.13,11591.91,344.14,829.17,tl_2025_28_sldu.zip,https://dev.planscore.org/plan.html?20260308T223454.171599812Z
MS,26,"SLDUST=""026""",16871.77,7365.44,287.24,19419.97,7491.24,290.14,17740.04,7335.51,466.46,16218.25,8216.52,0.0,19842.52,7108.84,237.0,47097.13,20414.93,342.71,,,,,,,,13485.72,10053.94,,,,,1048.87,787.22,8362.69,6377.78,,,56107.2958,23597.0083,23022.84,6778.08,583.0,560.43,57722,57207.71,18407.31,38932.58,12241.7,17493.79,12559.65,88.65,1241.55,469.12,1663.22,30103.79,13786.58,42918.1,14054.8,461.11,1058.0,tl_2025_28_sldu.zip,https://dev.planscore.org/plan.html?20260308T223454.171599812Z
MS,27,"SLDUST=""027""",15481.75,6822.66,291.3,18687.58,7330.79,338.15,17562.0,7416.31,464.99,14912.09,7574.12,0.0,19139.61,6930.67,285.67,44940.69,17508.42,381.86,,,,,,,,9894.67,7989.85,,,,,1330.11,1163.94,10227.25,6975.97,,,38528.2466,17267.3324,22017.13,6414.87,463.78,548.84,58455,60783.07,19812.14,39135.48,12129.05,16312.3,11100.45,44.92,1356.42,178.69,1530.61,30396.2,12967.82,43996.85,13901.72,378.7,995.4,tl_2025_28_sldu.zip,https://dev.planscore.org/plan.html?20260308T223454.171599812Z
MS,28,"SLDUST=""028""",15692.0,2367.95,250.56,18934.39,2626.02,267.76,18459.43,2768.03,310.11,15378.5,2872.21,0.0,19397.09,2314.16,144.09,45379.78,6486.7,287.75,,,,,,,,8270.04,7019.4,,,,,1173.66,1221.83,10527.79,6859.12,,,35478.3808,11425.1745,21674.73,6174.77,311.36,501.2,57247,63190.72,20007.05,36972.77,11007.9,16126.71,10687.27,70.5,1312.35,174.31,1429.72,34987.86,14268.15,41022.8,13928.77,289.52,921.74,tl_2025_28_sldu.zip,https://dev.planscore.org/plan.html?20260308T223454.171599812Z
MS,29,"SLDUST=""029""",13656.44,6836.97,322.4,15356.11,8015.56,371.67,12880.02,8221.04,553.0,13025.42,7732.44,0.0,15877.29,7597.27,270.69,35248.54,19456.16,277.56,,,,,,,,14119.54,10446.94,,,,,693.18,607.22,7809.8,5862.68,,,65304.5447,16147.9685,22217.21,6677.06,237.47,293.34,54712,56461.54,17937.63,37472.85,11662.09,14266.0,10039.44,101.53,1167.96,210.15,1330.85,24565.85,11689.42,40776.46,12802.34,463.91,916.4,tl_2025_28_sldu.zip,https://dev.planscore.org/plan.html?20260308T223454.171599812Z
MS,30,"SLDUST=""030""",6537.98,13595.56,209.6,6754.0,14383.13,280.32,4938.07,13587.94,444.61,6335.05,13802.86,0.0,7297.8,13580.53,491.38,13681.78,31353.03,338.99,,,,,,,,9892.56,8087.3,,,,,202.51,189.1,10202.79,6494.14,,,57880.56,23581.4846,18835.19,5674.55,94.32,113.14,55711,53456.15,16975.06,37507.06,11394.81,16104.28,10881.75,178.64,1051.85,325.0,1277.83,12923.75,7332.21,43538.55,13728.18,1176.83,1674.86,tl_2025_28_sldu.zip,https://dev.planscore.org/plan.html?20260308T223454.171599812Z
MS,31,"SLDUST=""031""",6707.34,15484.0,152.16,7788.27,16036.29,264.14,7301.56,15128.48,303.39,6626.19,15480.18,0.0,8364.67,15255.51,386.52,17127.87,33971.3,309.26,,,,,,,,5280.49,6098.45,,,,,2211.15,931.57,11820.69,7509.66,,,45332.3943,15750.4209,20495.38,6110.39,303.23,341.98,55190,56178.19,17515.78,36577.39,11127.6,15524.32,10934.69,908.51,1784.35,131.04,1428.76,12454.21,8432.21,39496.0,13448.53,1628.19,2248.15,tl_2025_28_sldu.zip,https://dev.planscore.org/plan.html?20260308T223454.171599812Z
MS,32,"SLDUST=""032""",12241.1,7236.22,147.37,15528.81,7855.62,257.51,14855.12,7881.67,276.31,11734.97,7643.34,0.0,16048.38,7362.22,229.56,33367.88,18746.32,226.28,,,,,,,,5514.23,6934.97,,,,,272.94,405.03,12054.71,8589.57,,,30329.5309,12391.6716,22847.98,8074.44,99.18,280.88,54397,56836.32,20451.92,36954.92,12889.33,13931.35,11527.96,641.82,2093.57,188.92,1839.48,25374.48,13113.43,40258.13,14309.89,405.41,1150.11,tl_2025_28_sldu.zip,https://dev.planscore.org/plan.html?20260308T223454.171599812Z
MS,33,"SLDUST=""033""",6992.77,17146.32,214.81,7784.58,18478.08,262.84,6579.45,17978.97,387.75,6607.07,17448.04,0.0,8312.26,17657.76,467.57,16328.16,40571.63,299.79,,,,,,,,8444.57,8020.61,,,,,262.68,255.31,11631.45,7577.9,,,45913.5253,20234.4107,21452.24,6535.13,165.25,196.92,54883,55621.92,17338.59,38786.74,11948.2,15404.38,11424.06,319.42,1600.68,280.82,1594.39,12787.05,7950.78,42297.38,13251.69,555.28,1129.62,tl_2025_28_sldu.zip,https://dev.planscore.org/plan.html?20260308T223454.171599812Z
MS,34,"SLDUST=""034""",11848.13,9851.42,204.95,14753.18,10333.81,310.53,14427.01,9625.26,294.51,11587.58,10174.94,0.0,15448.87,9691.31,287.39,34390.34,21666.26,431.63,,,,,,,,6533.86,7274.72,,,,,516.02,522.83,12539.92,8555.99,,,33343.2445,14541.7137,21436.04,7089.96,98.5,155.13,56556,57006.01,20196.15,37108.82,12763.87,14588.68,11734.93,221.13,1516.68,145.88,1568.09,22295.13,11737.36,40263.78,14685.91,837.57,1622.17,tl_2025_28_sldu.zip,https://dev.planscore.org/plan.html?20260308T223454.171599812Z
MS,35,"SLDUST=""035""",9839.64,15832.28,175.83,11369.14,16374.03,338.94,11298.52,15944.15,318.48,9563.04,16061.34,0.0,11917.3,15877.86,273.98,27183.81,37171.26,470.25,,,,,,,,6940.54,7761.49,,,,,183.59,194.98,12835.85,8621.86,,,44465.3291,18966.4024,21817.2,7051.11,93.83,131.96,58139,59162.49,19470.3,40058.91,13190.44,14355.23,11236.48,261.52,1528.13,185.32,1671.41,18265.6,10874.77,44089.17,14393.6,437.22,1158.63,tl_2025_28_sldu.zip,https://dev.planscore.org/plan.html?20260308T223454.171599812Z
MS,36,"SLDUST=""036""",5616.74,22538.61,222.21,6538.19,22322.85,276.49,5641.4,20536.95,437.52,5512.59,22521.66,0.0,7131.02,21351.41,586.85,15003.47,47056.65,506.81,,,,,,,,7351.32,7373.59,,,,,718.24,572.29,13117.66,8755.83,,,57528.7289,19125.5169,22035.88,7171.47,207.81,283.66,58619,58279.63,19824.92,39876.51,13178.85,15335.13,12021.0,165.92,1223.78,193.31,1413.52,8325.92,6173.59,43573.06,14153.42,591.25,1188.27,tl_2025_28_sldu.zip,https://dev.planscore.org/plan.html?20260308T223454.171599812Z
MS,37,"SLDUST=""037""",14812.98,9955.06,222.22,17939.16,10580.04,378.16,17856.5,10484.61,339.99,14440.64,10523.16,0.0,18638.37,10098.68,242.13,42499.99,25006.35,585.2,,,,,,,,7007.24,7503.59,,,,,779.32,730.07,13912.56,9123.97,,,41141.5218,14349.6717,21410.97,6893.76,535.3,635.15,59040,61660.29,20206.28,41969.49,13481.34,14979.51,11707.54,195.41,1747.81,107.31,1780.93,26637.45,13206.8,44761.86,15440.53,882.28,2037.61,tl_2025_28_sldu.zip,https://dev.planscore.org/plan.html?20260308T223454.171599812Z
MS,38,"SLDUST=""038""",13385.63,9882.63,242.28,16796.7,10621.87,326.66,16711.73,10155.01,364.64,12971.46,10266.24,0.0,17256.06,10066.86,344.64,37059.86,23245.41,382.8,,,,,,,,5839.01,7082.93,,,,,163.23,224.78,15484.39,10024.06,,,31872.5446,14262.61,23229.32,7751.29,72.88,172.27,59405,59435.87,21020.78,39948.07,13098.74,12163.88,10580.91,263.8,1644.17,119.22,1664.24,28144.97,13708.18,44515.55,15290.22,586.12,1367.45,tl_2025_28_sldu.zip,https://dev.planscore.org/plan.html?20260308T223454.171599812Z
MS,39,"SLDUST=""039""",7215.4,20533.28,207.32,8171.54,20968.73,287.97,7310.34,19300.43,336.58,6988.65,20775.83,0.0,8620.26,20431.1,362.93,18224.22,46297.16,414.57,,,,,,,,6265.47,6973.52,,,,,181.49,237.51,14587.5,9491.04,,,42417.6206,20122.6924,21763.66,7120.07,26.15,80.06,59727,56178.18,19215.25,38714.22,12776.91,13908.43,11657.09,208.92,1517.45,176.05,1573.57,12070.55,7358.26,44133.36,14785.46,431.51,1031.98,tl_2025_28_sldu.zip,https://dev.planscore.org/plan.html?20260308T223454.171599812Z
MS,40,"SLDUST=""040""",4497.6,21423.24,260.06,4750.91,20561.41,317.85,4136.52,18615.98,520.92,4498.55,21156.31,0.0,5702.65,18733.58,808.93,10171.93,36927.05,467.79,,,,,,,,5789.4,6659.43,,,,,97.0,66.0,13011.27,9281.62,,,51729.6431,19441.9269,22487.82,7243.33,65.0,53.0,59417,58905.6,20428.33,40621.31,13553.86,18370.01,14001.57,552.08,1582.12,247.0,1409.66,6080.14,4659.07,46064.33,15097.19,1380.12,1857.27,tl_2025_28_sldu.zip,https://dev.planscore.org/plan.html?20260308T223454.171599812Z
MS,41,"SLDUST=""041""",7848.27,20022.5,235.03,9159.76,20182.26,288.36,8795.61,18804.05,379.36,7802.36,20039.98,0.0,9941.47,19202.19,470.43,20873.73,42145.74,502.21,,,,,,,,6554.07,7301.62,,,,,392.9,481.92,15297.45,9726.74,,,40870.2816,15788.5331,23080.61,7693.95,88.58,203.52,59406,61032.88,21739.26,40992.75,14007.08,14155.14,11877.4,225.65,1623.91,108.54,1555.12,14170.78,9775.72,45796.75,15598.19,829.62,1532.88,tl_2025_28_sldu.zip,https://dev.planscore.org/plan.html?20260308T223454.171599812Z
MS,42,"SLDUST=""042""",4461.33,20987.22,203.07,4805.98,21879.63,328.0,3852.84,20593.93,480.9,4533.4,20931.25,0.0,5660.78,20535.17,697.31,10176.38,44915.92,653.26,,,,,,,,8433.33,8413.97,,,,,516.81,466.23,12320.25,9280.42,,,53607.575,19179.9326,21701.72,7199.67,139.28,185.0,59769,59626.82,21539.38,39112.14,13656.56,15918.9,12355.28,398.42,1533.51,261.84,1490.19,8165.88,6651.41,43053.89,15446.38,523.8,1221.28,tl_2025_28_sldu.zip,https://dev.planscore.org/plan.html?20260308T223454.171599812Z
MS,43,"SLDUST=""043""",4952.67,19345.14,181.98,5754.0,19511.0,290.0,5479.0,17842.0,297.0,5125.67,19100.14,0.0,6916.0,17941.0,506.0,13451.0,35531.0,469.0,,,,,,,,5793.87,6142.44,,,,,315.0,386.0,13130.17,8313.09,,,45342.7359,18893.2495,19003.65,5916.2,107.0,181.0,55114,55717.51,17434.21,37301.74,10930.27,13624.52,9733.08,449.25,1402.78,138.28,1256.44,9864.56,5376.86,42039.14,12286.65,442.11,1104.14,tl_2025_28_sldu.zip,https://dev.planscore.org/plan.html?20260308T223454.171599812Z
MS,44,"SLDUST=""044""",6506.21,16923.48,328.4,6838.0,17165.0,396.0,4813.0,15706.0,586.0,6342.04,17156.57,0.0,7559.0,16217.0,587.0,13139.0,36077.0,427.0,,,,,,,,12550.35,9776.19,,,,,10.0,15.0,8873.58,7122.37,,,51154.4455,20527.5939,19617.21,6376.36,0.0,13.0,55654,54639.72,18832.46,36350.39,12374.14,13210.3,10744.47,261.0,1263.35,540.55,1553.12,9122.11,6918.22,41406.73,12990.71,723.26,1367.64,tl_2025_28_sldu.zip,https://dev.planscore.org/plan.html?20260308T223454.171599812Z
MS,45,"SLDUST=""045""",7285.39,15848.47,314.97,8469.84,16407.56,470.47,6861.15,14726.81,701.59,7136.86,16199.92,0.0,9372.35,15324.51,612.3,18069.28,33732.82,487.11,,,,,,,,10140.94,8443.87,,,,,1472.18,1124.95,10477.65,7053.5,,,47984.6612,15171.4659,21919.58,6518.17,394.21,423.87,59502,57614.66,17496.26,36726.3,11614.3,15169.9,11600.71,259.21,1265.03,705.0,1860.28,12163.43,7377.37,46708.19,14155.06,904.52,1211.42,tl_2025_28_sldu.zip,https://dev.planscore.org/plan.html?20260308T223454.171599812Z
MS,46,"SLDUST=""046""",5051.8,21256.53,262.97,4789.54,20113.75,321.36,3364.46,16956.28,517.98,4885.59,21376.36,0.0,5974.71,18306.84,733.24,10412.73,36242.76,306.19,,,,,,,,8826.35,9587.3,,,,,8.0,13.0,11915.9,9885.47,,,56533.1399,25437.3092,24484.23,9091.5,8.0,13.0,59647,58085.33,22824.81,41360.87,15499.11,18211.68,15738.71,443.68,1850.6,353.77,1913.61,3294.43,4480.92,45089.5,16853.08,1721.18,2217.03,tl_2025_28_sldu.zip,https://dev.planscore.org/plan.html?20260308T223454.171599812Z
MS,47,"SLDUST=""047""",4075.98,19671.47,236.45,3882.13,18504.82,280.38,2978.29,16610.78,488.91,3961.4,19778.0,0.0,4641.62,17300.88,614.12,8140.28,36410.74,291.22,,,,,,,,7471.67,8032.93,,,,,153.34,99.28,13429.3,9792.88,,,55209.5783,23195.4702,21502.24,7348.92,63.57,46.23,59203,59914.67,21832.58,40747.48,14224.63,15270.59,12503.26,513.51,1426.28,932.7,2119.73,5095.39,5252.96,45876.51,15899.85,1186.54,1703.06,tl_2025_28_sldu.zip,https://dev.planscore.org/plan.html?20260308T223454.171599812Z
MS,48,"SLDUST=""048""",8773.52,13288.47,287.62,10252.59,12848.98,412.99,8548.54,11434.99,566.99,8364.4,13798.17,0.0,11194.58,11690.98,632.0,22536.04,25642.96,248.0,,,,,,,,9713.5,9812.25,,,,,239.38,248.05,12107.4,8688.15,,,39594.3177,18104.9936,25456.6,8046.78,118.13,156.31,58933,61120.35,20746.39,41544.19,13529.68,19193.65,13985.8,488.1,1843.44,809.41,2251.64,13668.22,9609.83,45931.89,15674.99,1765.77,2298.91,tl_2025_28_sldu.zip,https://dev.planscore.org/plan.html?20260308T223454.171599812Z
MS,49,"SLDUST=""049""",8712.82,12557.45,255.95,9300.42,13117.9,426.73,7108.02,12069.38,660.06,8222.58,13079.22,0.0,10118.01,12057.92,654.78,19220.9,27808.11,273.2,,,,,,,,10946.43,9496.83,,,,,314.37,189.25,10356.28,8212.29,,,48512.7118,17082.1407,22798.4,6867.87,116.93,96.26,59739,56993.97,19760.71,38643.49,12956.11,15404.45,11579.67,322.74,1612.85,919.4,2353.51,12335.82,9191.63,44827.24,14327.33,2213.52,2526.19,tl_2025_28_sldu.zip,https://dev.planscore.org/plan.html?20260308T223454.171599812Z
MS,50,"SLDUST=""050""",6745.19,12180.25,222.73,6641.58,11477.45,308.68,4712.79,9295.43,414.56,6437.67,12452.78,0.0,7284.17,10597.8,520.25,12684.74,21478.95,233.01,,,,,,,,9346.4,8987.5,,,,,859.49,561.53,10889.98,7923.93,,,48918.4154,19740.8144,22627.49,7032.77,329.29,180.55,59591,60029.29,19289.45,38218.35,12677.65,15227.73,11577.19,337.11,1506.16,2500.72,3231.97,10137.34,7743.74,44147.93,14137.37,2348.89,2459.17,tl_2025_28_sldu.zip,https://dev.planscore.org/plan.html?20260308T223454.171599812Z
MS,51,"SLDUST=""051""",7332.76,14873.01,206.51,8507.48,14554.07,303.41,7447.87,13541.04,505.48,7134.27,15108.31,0.0,9313.1,13471.32,526.05,18774.13,29842.55,318.48,,,,,,,,8515.29,7906.78,,,,,302.39,286.07,12832.15,9109.41,,,53716.9967,16640.3558,21634.03,6765.09,130.49,164.54,57105,57633.96,19587.67,40604.44,13674.93,16921.26,12605.83,405.8,1362.01,1297.63,2424.31,11264.74,7292.98,44749.11,14770.56,1600.39,2083.09,tl_2025_28_sldu.zip,https://dev.planscore.org/plan.html?20260308T223454.171599812Z
MS,52,"SLDUST=""052""",6698.81,12960.33,268.74,7432.37,13629.63,442.59,6050.51,12358.13,541.09,6343.03,13410.59,0.0,8227.16,12588.68,538.64,16430.25,29633.9,329.1,,,,,,,,10360.96,9794.99,,,,,1252.03,1053.82,9271.72,7339.25,,,55987.6543,20814.3168,22103.19,7482.74,420.6,453.11,58769,57490.83,20676.04,38226.87,13044.02,17423.62,13456.97,300.99,1472.54,636.37,1985.57,10236.92,7904.86,43603.51,14347.63,4017.58,4136.28,tl_2025_28_sldu.zip,https://dev.planscore.org/plan.html?20260308T223454.171599812Z
NH,1,"SLDUST=""001""",14476.0,17338.0,481.0,14759.0,15380.0,502.0,12296.0,14235.0,2152.0,,,,16310.0,13216.0,709.0,,,,13066.0,14147.0,1214.0,,,,,10811.51,7080.81,,,,,1595.92,893.68,15254.7,6807.87,,,55825.0453,10806.5483,24243.33,5535.87,991.65,613.59,55947,55905.46,13188.73,43098.86,9535.82,13217.63,8092.81,579.99,1673.97,236.99,1410.97,497.98,1527.97,46218.66,10298.71,964.99,1212.99,tl_2025_33_sldu.zip,https://dev.planscore.org/plan.html?20260308T223519.068042805Z
NH,2,"SLDUST=""002""",17019.58,18888.55,456.99,16667.86,17559.94,540.07,13286.8,16236.17,2096.24,,,,18120.89,15612.79,708.12,,,,14248.83,16009.2,1203.17,,,,,14581.0,10316.0,,,,,964.0,672.0,11144.0,6691.0,,,76159.3563,24090.6946,23618.0,6430.0,612.0,491.0,56448,55669.0,16011.0,41461.0,11123.0,13450.0,10292.0,262.0,1309.0,527.0,1691.0,310.0,1514.0,46590.0,13621.0,826.0,1427.0,tl_2025_33_sldu.zip,https://dev.planscore.org/plan.html?20260308T223519.068042805Z
NH,3,"SLDUST=""003""",18233.0,19992.0,482.0,18077.0,18380.0,496.0,14107.0,16682.0,2220.0,,,,19306.0,16628.0,699.0,,,,14684.0,16726.0,1292.0,,,,,14532.49,11062.19,,,,,433.45,334.53,12107.3,7531.13,,,67795.9343,16959.2003,24306.67,7380.13,262.98,219.9,57090,54518.54,16377.27,42222.14,12633.18,13958.37,10448.19,409.01,1634.03,523.01,1745.03,325.02,1674.03,48046.34,14306.29,663.01,1275.01,tl_2025_33_sldu.zip,https://dev.planscore.org/plan.html?20260308T223519.068042805Z
NH,4,"SLDUST=""004""",20403.0,13190.0,562.0,20023.0,12349.0,624.0,15905.0,11584.0,2178.0,,,,21180.0,10734.0,925.0,,,,16217.0,12081.0,1266.0,,,,,16187.0,10120.0,,,,,2686.0,1249.0,9702.0,6006.0,,,73941.8631,20330.1871,23432.0,5805.0,1017.0,702.0,56519,55664.0,14859.0,39979.0,10637.0,11948.0,9028.0,313.0,1123.0,1674.0,2647.0,964.0,1954.0,45795.0,12622.0,1559.0,1856.0,tl_2025_33_sldu.zip,https://dev.planscore.org/plan.html?20260308T223519.068042805Z
NH,5,"SLDUST=""005""",25059.0,10906.0,631.0,25397.14,10075.06,525.93,22571.2,10163.83,2297.76,,,,25451.11,9413.21,760.88,,,,21785.17,11812.8,1151.83,,,,,20675.41,12393.35,,,,,1179.92,750.26,8238.1,5738.72,,,79087.8751,23609.8094,21846.36,5571.42,631.1,421.21,58966,58529.04,14563.17,39374.72,10403.92,8771.39,7097.02,430.14,1326.9,1713.98,2175.34,949.52,1661.8,48540.37,11996.2,1186.23,1498.1,tl_2025_33_sldu.zip,https://dev.planscore.org/plan.html?20260308T223519.068042805Z
NH,6,"SLDUST=""006""",14406.0,18087.0,374.0,14012.0,16727.0,567.0,11030.0,15385.0,2007.0,,,,15688.0,14555.0,807.0,,,,12093.0,14604.0,1431.0,,,,,9302.0,7057.0,,,,,709.66,526.52,12832.0,7427.0,,,79643.7581,19637.3688,21863.0,5695.0,382.1,336.14,55976,54252.0,14878.0,38956.0,10266.0,13332.0,9413.0,294.0,1124.0,886.0,1736.0,498.0,1585.0,45875.0,11854.0,742.0,1218.0,tl_2025_33_sldu.zip,https://dev.planscore.org/plan.html?20260308T223519.068042805Z
NH,7,"SLDUST=""007""",15554.45,17845.36,516.01,15353.0,16069.0,631.0,12587.0,14779.0,2152.0,,,,16786.0,14104.0,875.0,,,,13412.0,14491.0,1302.0,,,,,11995.03,7051.52,,,,,994.47,570.82,12772.79,6154.5,,,77715.695,16673.5118,21983.33,4964.55,584.9,389.02,56259,54867.32,13185.3,40264.57,9215.23,13450.67,8304.55,492.14,1336.67,501.76,1345.06,563.26,1607.07,45791.29,10831.64,859.69,1178.34,tl_2025_33_sldu.zip,https://dev.planscore.org/plan.html?20260308T223519.068042805Z
NH,8,"SLDUST=""008""",14484.0,18316.0,559.0,14551.0,16843.0,634.0,11979.0,15643.0,2240.0,,,,15824.0,15035.0,896.0,,,,12878.0,15209.0,1554.0,,,,,12144.57,8042.63,,,,,1227.41,708.24,14400.11,7395.28,,,75271.7951,16144.2798,22052.8,5296.02,928.34,570.23,56429,56269.64,14155.53,41317.21,10146.36,11753.94,7735.93,430.73,1368.43,352.25,1469.1,381.22,1427.13,45373.34,12368.66,865.58,1006.06,tl_2025_33_sldu.zip,https://dev.planscore.org/plan.html?20260308T223519.068042805Z
NH,9,"SLDUST=""009""",16882.0,17196.0,599.0,17151.0,16278.0,542.0,13765.0,15040.0,2222.0,,,,18186.0,14806.0,689.0,,,,13275.0,16293.0,1290.0,,,,,17484.0,9254.0,,,,,2155.0,931.31,9602.0,5063.0,,,79203.1007,17145.7598,20482.0,4796.0,1476.79,788.78,56269,54947.0,12699.0,38982.0,8641.0,9607.0,6483.0,182.0,973.0,1549.0,2104.0,300.0,1193.0,43245.0,11154.0,1035.0,1489.0,tl_2025_33_sldu.zip,https://dev.planscore.org/plan.html?20260308T223519.068042805Z
NH,10,"SLDUST=""010""",21399.0,12914.0,587.0,22079.0,11603.0,567.0,18870.0,11383.0,2260.0,,,,22248.0,10238.0,836.0,,,,19268.0,11761.0,1262.0,,,,,16690.0,9841.5,,,,,1508.17,875.65,10785.0,6052.5,,,75920.7785,15643.7455,23870.5,5397.0,1025.14,710.12,56160,57019.0,13272.0,40972.5,9706.5,12241.0,8326.5,403.0,1200.0,460.0,1384.5,394.0,1272.0,46330.0,10633.5,911.5,1207.5,tl_2025_33_sldu.zip,https://dev.planscore.org/plan.html?20260308T223519.068042805Z
NH,11,"SLDUST=""011""",19754.0,17466.0,619.0,19496.14,16090.76,683.03,15026.94,15579.75,2228.13,,,,20605.2,14716.67,922.04,,,,14867.91,17024.83,1294.07,,,,,18414.0,9990.0,,,,,1969.0,975.0,9226.0,5828.0,,,108688.9458,25759.8813,22375.0,5078.0,1525.0,835.0,58412,57481.0,13684.0,40659.0,9293.0,11692.0,8169.0,291.0,1021.0,1280.0,2108.0,475.0,1391.0,45415.0,10359.0,1513.0,1829.0,tl_2025_33_sldu.zip,https://dev.planscore.org/plan.html?20260308T223519.068042805Z
NH,12,"SLDUST=""012""",18805.28,18435.6,581.79,18710.84,16825.71,611.06,15286.52,15946.17,2400.95,,,,19564.12,15421.32,891.48,,,,14755.84,17219.9,1364.22,,,,,17734.81,9211.65,,,,,3586.78,1209.88,10215.11,5899.02,,,95335.0887,19221.4373,22649.19,4615.4,2444.16,885.85,59879,59218.85,12880.19,41669.55,8696.87,12362.14,7925.52,351.84,1079.65,2076.0,2240.39,1185.44,1999.3,45623.87,10341.95,1960.59,2085.04,tl_2025_33_sldu.zip,https://dev.planscore.org/plan.html?20260308T223519.068042805Z
NH,13,"SLDUST=""013""",14666.72,11140.4,390.21,16524.03,10404.53,436.91,14094.54,10165.08,1702.92,,,,17102.68,9059.01,659.48,,,,13745.25,10710.27,1197.7,,,,,14201.19,10250.35,,,,,7895.22,2625.12,11057.89,7121.98,,,72187.5008,25386.6905,23696.81,6319.6,3589.84,1458.15,60526,58372.15,18916.81,41321.45,12620.13,12902.86,10601.48,238.16,1274.35,1934.0,2770.61,1519.56,2844.7,43741.13,14814.05,5079.41,4588.96,tl_2025_33_sldu.zip,https://dev.planscore.org/plan.html?20260308T223519.068042805Z
NH,14,"SLDUST=""014""",15770.69,18819.61,406.99,15989.0,17914.0,493.0,12581.0,16589.0,2012.0,,,,17184.0,16152.0,712.0,,,,12690.0,16890.0,1314.0,,,,,16512.0,9063.0,,,,,1518.0,792.0,10049.0,5594.0,,,108822.0636,25215.4624,20869.0,4567.0,998.0,572.0,57166,57252.0,13047.0,40375.0,9423.0,12276.0,8373.0,179.0,879.0,679.0,1530.0,587.0,1481.0,45425.0,11560.0,1364.0,1688.0,tl_2025_33_sldu.zip,https://dev.planscore.org/plan.html?20260308T223519.068042805Z
NH,15,"SLDUST=""015""",20945.0,12408.0,550.0,21455.0,11550.0,538.0,17794.0,11358.0,2178.0,,,,22641.0,9908.0,741.0,,,,17910.0,12326.0,964.0,,,,,17424.0,9842.0,,,,,4691.0,2182.0,10120.0,5772.0,,,81500.7277,20074.1929,22706.0,4869.0,2262.0,1357.0,58119,57193.0,13619.0,41351.0,9445.0,11847.0,7505.0,492.0,1230.0,1045.0,1957.0,913.0,1702.0,46255.0,11263.0,1243.0,1320.0,tl_2025_33_sldu.zip,https://dev.planscore.org/plan.html?20260308T223519.068042805Z
NH,16,"SLDUST=""016""",16089.36,17925.46,502.01,15795.6,16810.74,552.99,13346.0,16169.0,2051.0,,,,17110.58,15065.77,734.99,,,,13545.0,16559.0,1231.0,,,,,13307.74,8145.16,,,,,1708.27,871.81,10863.19,6544.91,,,90088.7298,23509.4617,20440.23,4962.14,1305.97,752.36,57841,55838.9,13609.6,38108.4,9711.38,11938.33,7765.59,324.73,1043.31,1471.65,2343.4,763.8,1630.32,47487.77,12475.2,1172.44,1459.16,tl_2025_33_sldu.zip,https://dev.planscore.org/plan.html?20260308T223519.068042805Z
NH,17,"SLDUST=""017""",15322.55,19973.64,512.99,15224.0,18065.0,697.0,12211.0,16618.0,2168.0,,,,16973.0,15864.0,948.0,,,,13245.0,16183.0,1369.0,,,,,11577.0,7284.0,,,,,1313.0,796.0,13276.0,6665.0,,,83939.9506,19632.7553,21122.0,4500.0,904.0,673.0,55965,54769.0,12630.0,39651.0,8735.0,11339.0,7522.0,277.0,986.0,396.0,1246.0,411.0,1272.0,44435.0,10437.0,803.0,1099.0,tl_2025_33_sldu.zip,https://dev.planscore.org/plan.html?20260308T223519.068042805Z
NH,18,"SLDUST=""018""",13135.67,13480.2,407.01,14141.41,12771.11,503.96,11820.72,12503.65,1606.76,,,,15287.09,11112.46,739.45,,,,12073.71,12511.28,1150.32,,,,,10473.21,8684.14,,,,,6328.54,2555.33,11671.07,7923.7,,,81779.4023,23646.0895,21767.04,6660.36,3463.22,1617.28,56585,55269.01,17737.56,38936.09,12273.98,11720.82,8876.87,225.63,1183.19,1985.04,3138.56,1131.73,2236.33,42388.48,15109.7,3347.19,3706.54,tl_2025_33_sldu.zip,https://dev.planscore.org/plan.html?20260308T223519.068042805Z
NH,19,"SLDUST=""019""",14649.0,19109.0,453.0,15276.0,17911.0,489.0,12298.0,17248.0,1711.0,,,,16376.0,16216.0,701.0,,,,12630.0,17103.0,1460.0,,,,,15345.0,8761.0,,,,,2747.0,1321.0,10208.0,5797.0,,,100718.812,29800.1521,21291.0,4974.0,1698.0,927.0,59132,56783.0,14027.0,39304.0,9325.0,12658.0,8795.0,140.0,834.0,1208.0,1944.0,637.0,1419.0,45335.0,12179.0,1170.0,1538.0,tl_2025_33_sldu.zip,https://dev.planscore.org/plan.html?20260308T223519.068042805Z
NH,20,"SLDUST=""020""",13650.33,11044.8,369.99,14467.99,10015.15,514.05,12055.28,9539.35,1735.24,,,,15301.33,8685.77,841.57,,,,12140.29,9632.72,1286.68,,,,,13378.06,9143.7,,,,,8663.19,3522.86,11606.74,6932.39,,,59596.0307,18691.2921,25110.73,6222.5,4271.81,2076.35,57841,56849.1,15714.84,41083.52,11243.64,13425.85,9816.54,437.64,1421.5,1196.31,2371.04,2394.47,3409.34,44228.76,13108.1,3006.38,3000.3,tl_2025_33_sldu.zip,https://dev.planscore.org/plan.html?20260308T223519.068042805Z
NH,21,"SLDUST=""021""",24530.95,11027.42,610.97,25009.0,10016.0,570.0,22186.0,10209.0,2475.0,,,,25031.0,9153.0,871.0,,,,21556.0,11936.0,1084.0,,,,,21054.0,11043.0,,,,,3623.03,1391.62,5298.0,3785.0,,,99772.4331,22706.7283,21424.0,4863.0,1593.93,866.47,56894,57677.0,11798.0,35323.0,8300.0,8506.0,6380.0,322.0,1199.0,1419.0,2058.0,566.0,1575.0,46950.0,10282.0,1283.0,1376.0,tl_2025_33_sldu.zip,https://dev.planscore.org/plan.html?20260308T223519.068042805Z
NH,22,"SLDUST=""022""",14895.31,22379.39,453.01,15413.0,20521.0,477.0,12130.0,19062.0,1694.0,,,,17162.0,17941.0,717.0,,,,12777.0,18130.0,1495.0,,,,,15810.0,9139.0,,,,,2286.0,864.0,13295.0,7146.0,,,99470.2322,29097.9817,22789.0,5042.0,1784.0,766.0,59228,58362.0,14355.0,42828.0,10022.0,13162.0,8486.0,380.0,1085.0,1482.0,2376.0,493.0,1336.0,47850.0,11925.0,2318.0,2455.0,tl_2025_33_sldu.zip,https://dev.planscore.org/plan.html?20260308T223519.068042805Z
NH,23,"SLDUST=""023""",15706.64,21930.54,511.99,15752.73,19754.64,569.99,12397.78,18655.62,1956.97,,,,16935.7,18123.65,838.98,,,,13361.74,17708.68,1655.97,,,,,13582.0,7863.0,,,,,1851.0,1071.0,12592.0,5913.0,,,104984.5425,30399.4673,21926.0,4619.0,1138.0,692.0,57395,57711.0,12312.0,42433.0,8972.0,13329.0,8229.0,255.0,881.0,555.0,1282.0,245.0,925.0,46740.0,10454.0,573.0,939.0,tl_2025_33_sldu.zip,https://dev.planscore.org/plan.html?20260308T223519.068042805Z
NH,24,"SLDUST=""024""",22649.0,15709.0,561.0,23611.7,15746.02,471.0,18900.76,15016.05,2234.97,,,,24403.72,14468.03,684.0,,,,18423.83,16562.93,1027.01,,,,,21469.0,11040.0,,,,,2131.97,1006.38,8637.0,5249.0,,,102166.0884,28268.2322,23252.0,5128.0,1418.07,763.53,56483,54827.0,12992.0,41491.0,9423.0,10962.0,7441.0,176.0,1035.0,1106.0,1916.0,295.0,1250.0,45890.0,11043.0,707.0,1036.0,tl_2025_33_sldu.zip,https://dev.planscore.org/plan.html?20260308T223519.068042805Z
NE,1,"SLDUST=""001""",5221.0,13635.0,0.0,5376.0,13739.0,407.0,4470.0,12074.0,1035.0,,,,3339.0,14143.0,1047.0,4475.0,9898.0,580.0,,,,,,,,6111.0,3608.0,,,,,1059.0,597.0,9656.0,3470.0,,,54040.241,13252.3798,16195.0,2864.0,294.0,312.0,38691,38614.0,6686.0,26792.0,4473.0,9473.0,4957.0,685.0,1122.0,135.0,757.0,491.0,874.0,29330.0,5238.0,1114.0,1023.0,tl_2025_31_sldu.zip,https://dev.planscore.org/plan.html?20260308T223509.493492539Z
NE,2,"SLDUST=""002""",9602.93,16074.61,0.0,8833.01,14443.67,600.41,6011.78,11848.9,1123.31,,,,5065.6,15473.75,1296.93,6268.43,9915.07,644.83,,,,,,,,9159.33,5479.33,,,,,515.92,400.02,7124.7,3701.9,,,73157.4103,18555.3326,15710.53,3343.02,305.36,265.08,40708,39220.75,9365.17,27080.94,6067.32,10179.54,5830.38,269.0,783.92,370.63,986.58,432.99,1050.91,32091.63,7771.56,1043.34,1077.12,tl_2025_31_sldu.zip,https://dev.planscore.org/plan.html?20260308T223509.493492539Z
NE,3,"SLDUST=""003""",7973.92,9072.68,0.0,7970.22,9124.32,497.81,5706.03,8334.91,1113.47,,,,4856.71,10088.07,1083.74,5179.83,7119.88,499.49,,,,,,,,8775.83,5837.2,,,,,1751.29,753.84,5899.28,3792.0,,,79079.0645,17509.3265,14287.29,3729.9,806.44,439.11,38656,38960.58,11598.7,24985.39,7119.07,10424.44,7131.58,252.45,757.55,825.92,1339.46,1507.54,1902.9,28987.47,8617.37,3878.29,2920.51,tl_2025_31_sldu.zip,https://dev.planscore.org/plan.html?20260308T223509.493492539Z
NE,4,"SLDUST=""004""",11310.76,12691.41,0.0,11150.48,13341.86,434.65,8141.74,12635.19,1124.41,,,,5434.73,15541.95,1275.12,7377.34,11424.59,543.77,,,,,,,,14460.12,6713.2,,,,,1264.11,718.24,3379.64,2495.91,,,111253.267,27852.8747,14297.64,2856.68,718.94,485.37,41072,39382.42,9526.74,25972.1,5611.31,9734.16,6271.62,101.0,715.2,831.03,1324.54,1109.3,1930.6,28380.62,6748.7,1084.82,1313.18,tl_2025_31_sldu.zip,https://dev.planscore.org/plan.html?20260308T223509.493492539Z
NE,5,"SLDUST=""005""",7430.28,5100.09,0.0,8154.18,5207.49,334.49,6478.73,4959.19,748.14,,,,5733.32,5725.5,900.28,5696.96,3931.18,415.84,,,,,,,,4051.2,3962.03,,,,,7726.95,2700.55,7795.59,5218.25,,,51691.945,18288.7892,14112.48,4033.46,2459.01,1196.77,40970,39534.65,14752.83,24158.27,8057.46,8338.09,6057.1,97.64,795.26,252.78,984.57,1634.27,2177.82,24280.12,8576.11,6376.15,4800.82,tl_2025_31_sldu.zip,https://dev.planscore.org/plan.html?20260308T223509.493492539Z
NE,6,"SLDUST=""006""",11911.47,8621.14,0.0,12020.11,8936.74,363.21,9227.69,8789.92,1056.88,,,,6435.24,10687.43,1183.09,8436.04,8054.57,498.8,,,,,,,,14442.45,8038.57,,,,,2913.83,1305.46,4628.11,3468.45,,,69295.2027,18001.38,18572.04,4288.2,964.7,641.02,40726,39702.01,10307.2,28364.98,7370.87,10952.87,7286.5,159.68,794.54,687.93,1384.7,2415.39,2873.17,30849.7,8462.35,1824.08,2092.48,tl_2025_31_sldu.zip,https://dev.planscore.org/plan.html?20260308T223509.493492539Z
NE,7,"SLDUST=""007""",6480.97,2944.35,0.0,7072.69,2905.66,242.63,5688.62,2560.33,612.2,,,,4769.48,3317.17,701.05,4750.28,2122.53,335.31,,,,,,,,5956.85,4660.4,,,,,9356.72,2481.56,6130.65,4122.44,,,47407.1054,15406.2192,14652.71,3830.33,2427.27,1229.79,40454,40150.91,12216.09,24170.36,7320.38,7235.4,5941.48,363.95,907.04,616.85,1232.91,1597.9,1910.04,23298.92,7563.24,6104.68,3960.57,tl_2025_31_sldu.zip,https://dev.planscore.org/plan.html?20260308T223509.493492539Z
NE,8,"SLDUST=""008""",13157.36,6003.85,0.0,13327.35,6233.73,439.92,10532.96,6043.75,1163.01,,,,7188.18,7484.4,1321.44,10042.1,5276.87,608.34,,,,,,,,12649.01,8641.53,,,,,3907.02,1984.86,5959.83,4514.98,,,56928.1852,20361.2424,17886.39,5041.74,1432.85,1168.42,40473,42803.26,13944.06,29396.53,8962.53,9763.01,7297.22,420.32,1154.9,776.8,1531.15,3346.46,3967.25,30858.8,10342.08,1570.87,1666.35,tl_2025_31_sldu.zip,https://dev.planscore.org/plan.html?20260308T223509.493492539Z
NE,9,"SLDUST=""009""",11341.73,4407.89,0.0,12711.47,4817.29,361.46,9533.62,4554.0,968.98,,,,6920.24,5983.42,1164.51,9471.7,4063.85,522.3,,,,,,,,11703.34,7267.24,,,,,4887.12,1971.81,4356.82,3179.32,,,60340.0027,14432.8422,17567.2,4209.79,1234.04,760.04,40306,39181.87,10191.41,25325.42,6498.3,8776.98,6053.74,254.83,882.31,1171.91,1615.4,2170.79,2464.59,31801.97,8239.26,2312.22,2057.39,tl_2025_31_sldu.zip,https://dev.planscore.org/plan.html?20260308T223509.493492539Z
NE,10,"SLDUST=""010""",11206.5,9493.36,0.0,11233.64,9529.95,469.66,8104.63,8719.82,1073.28,,,,6743.21,10893.42,1242.46,7340.31,7487.9,525.79,,,,,,,,11456.84,6169.09,,,,,2626.71,1338.38,5171.47,3633.45,,,86874.9243,17230.5232,16180.36,3882.89,1216.76,765.74,41580,41620.78,11814.23,27102.24,6848.21,11343.24,7321.47,302.29,927.01,696.06,1248.47,3420.17,3756.02,29819.06,8403.36,1422.15,1614.15,tl_2025_31_sldu.zip,https://dev.planscore.org/plan.html?20260308T223509.493492539Z
NE,11,"SLDUST=""011""",8760.03,1613.47,0.0,9329.22,1524.86,205.48,8682.22,1215.85,366.81,,,,6961.0,1841.53,633.49,6577.76,1026.07,264.55,,,,,,,,3120.65,3558.1,,,,,5092.39,2548.33,8121.28,5406.88,,,31565.4135,8851.3786,14202.92,4320.43,1399.53,1200.94,40338,38705.96,13450.78,23210.99,7668.94,9036.21,6779.43,227.12,917.82,1003.57,1753.31,12921.03,7353.31,24926.73,8513.65,2211.59,2393.93,tl_2025_31_sldu.zip,https://dev.planscore.org/plan.html?20260308T223509.493492539Z
NE,12,"SLDUST=""012""",9078.51,8667.94,0.0,9578.87,9090.59,430.83,7058.09,8572.37,1050.38,,,,5819.16,10130.86,1254.4,6562.3,7184.9,535.76,,,,,,,,8560.02,5487.44,,,,,3258.77,1725.78,7047.84,3934.45,,,68195.9908,16641.1115,16868.4,3350.05,1426.79,997.52,40689,38459.92,9050.97,26840.41,6165.58,11567.62,6943.11,254.27,900.2,545.27,1203.66,738.33,1504.92,27006.89,6949.5,2335.0,2181.39,tl_2025_31_sldu.zip,https://dev.planscore.org/plan.html?20260308T223509.493492539Z
NE,13,"SLDUST=""013""",9920.79,5574.13,0.0,10666.57,5718.79,339.92,9284.85,5230.72,730.48,,,,7142.91,6346.87,1016.3,7769.61,4541.74,401.71,,,,,,,,5463.73,4252.43,,,,,3644.26,1439.15,8101.28,4608.6,,,54643.6576,17432.8422,14793.33,3713.95,851.75,599.28,41106,40460.31,12045.13,26082.4,6876.16,10081.67,6401.0,227.82,822.38,1259.41,1667.38,7822.86,4931.89,27602.05,7308.29,1532.38,1498.42,tl_2025_31_sldu.zip,https://dev.planscore.org/plan.html?20260308T223509.493492539Z
NE,14,"SLDUST=""014""",9477.6,11310.47,0.0,9739.17,11609.17,541.03,6846.39,10633.78,1302.93,,,,5336.4,13076.64,1354.37,6261.37,9346.86,648.94,,,,,,,,10390.35,6026.58,,,,,1645.61,1052.94,6123.6,3549.31,,,87713.1153,18403.3015,15532.34,3251.29,880.06,638.08,40857,40751.42,9882.97,27309.95,6069.96,11083.26,6247.31,149.58,709.88,714.38,1418.43,1182.3,1854.76,30980.57,8187.94,2251.41,2248.06,tl_2025_31_sldu.zip,https://dev.planscore.org/plan.html?20260308T223509.493492539Z
NE,15,"SLDUST=""015""",6320.8,13005.93,0.0,6370.95,12918.13,394.04,5086.78,11403.71,879.18,,,,3872.13,13434.58,1222.38,4338.35,9183.93,467.93,,,,,,,,6129.25,4513.27,,,,,2554.13,1299.13,9491.55,4487.62,,,63774.6482,16993.9861,17102.25,3610.6,637.56,544.5,41650,40861.42,9422.99,27453.51,5924.85,9886.72,5929.13,254.05,862.15,217.38,918.25,302.05,1015.94,30071.27,7329.46,2251.7,2233.78,tl_2025_31_sldu.zip,https://dev.planscore.org/plan.html?20260308T223509.493492539Z
NE,16,"SLDUST=""016""",5536.25,15792.54,0.0,5626.12,15402.42,452.51,4397.81,13620.29,1087.28,,,,3264.03,15665.33,1217.42,3998.22,11713.84,504.35,,,,,,,,7152.3,4101.11,,,,,847.11,453.11,8449.17,3412.63,,,60973.0741,14051.1289,15660.43,2823.37,293.86,281.01,38045,37419.57,6722.91,25771.01,4480.51,9142.8,4705.54,281.23,717.3,88.83,726.76,117.86,747.8,28428.85,5564.25,810.85,840.78,tl_2025_31_sldu.zip,https://dev.planscore.org/plan.html?20260308T223509.493492539Z
NE,17,"SLDUST=""017""",4286.51,8616.45,0.0,5120.44,8728.51,295.69,4254.58,7836.44,670.33,,,,3920.12,8720.45,648.28,3391.94,6441.47,328.73,,,,,,,,4512.83,3367.86,,,,,3770.87,810.96,7408.52,3300.77,,,65890.7467,10792.5346,14094.19,2975.23,1653.23,609.19,40122,38754.34,8129.99,22937.41,4590.47,7788.78,4517.05,2767.84,1452.94,606.75,1158.84,989.91,1364.18,25985.4,5792.31,4504.75,2724.63,tl_2025_31_sldu.zip,https://dev.planscore.org/plan.html?20260308T223509.493492539Z
NE,18,"SLDUST=""018""",11343.84,11752.72,0.0,10506.81,10549.89,407.06,6938.88,8426.85,920.69,,,,6324.19,11872.32,1168.54,6436.66,7514.47,502.69,,,,,,,,10787.9,5162.49,,,,,1726.12,1036.39,4258.65,2608.33,,,98888.4664,17580.6641,13557.03,2773.41,815.54,528.31,41317,36452.82,8407.17,23386.04,4861.77,8536.46,5434.13,317.33,709.73,1127.13,1367.73,3675.12,2900.57,28443.66,6586.17,1072.41,1061.9,tl_2025_31_sldu.zip,https://dev.planscore.org/plan.html?20260308T223509.493492539Z
NE,19,"SLDUST=""019""",3610.96,14053.06,0.0,3718.86,13827.7,377.67,2911.46,12235.01,872.06,,,,2567.02,13342.92,1055.43,2408.98,9176.99,367.52,,,,,,,,6183.37,3976.59,,,,,2549.4,1147.7,7849.19,3829.58,,,54548.4652,14435.9522,15775.88,3169.59,910.71,629.17,39550,38846.25,8301.37,25530.21,5248.0,8639.25,5029.9,329.85,842.25,419.0,1021.05,305.0,864.05,27960.31,6355.45,2138.61,1857.98,tl_2025_31_sldu.zip,https://dev.planscore.org/plan.html?20260308T223509.493492539Z
NE,20,"SLDUST=""020""",12856.27,10324.91,0.0,12794.67,10848.11,469.68,9668.38,10656.49,1206.2,,,,6560.6,12709.88,1426.32,9191.5,9447.54,562.25,,,,,,,,14070.87,8153.87,,,,,2302.53,1237.12,5573.43,3918.99,,,82240.9391,27558.6176,17190.5,4131.36,1117.47,756.65,41464,41362.27,12455.74,28359.77,7399.83,9560.06,6029.9,132.65,915.73,509.65,1249.13,1233.18,2080.45,31676.3,9245.41,1675.99,1816.91,tl_2025_31_sldu.zip,https://dev.planscore.org/plan.html?20260308T223509.493492539Z
NE,21,"SLDUST=""021""",8293.02,11310.5,0.0,8560.53,10427.22,477.55,5567.48,8842.08,1028.43,,,,5405.33,11277.33,1053.67,6145.94,6533.9,532.68,,,,,,,,8684.42,5135.24,,,,,1139.39,639.55,5241.06,3175.31,,,90783.0164,17488.5161,14092.53,2955.85,771.91,444.67,39105,38774.2,9500.78,23616.01,5273.34,7524.17,4795.83,284.01,710.27,1285.25,1459.35,1026.8,1447.38,28762.51,7176.19,1693.1,1524.27,tl_2025_31_sldu.zip,https://dev.planscore.org/plan.html?20260308T223509.493492539Z
NE,22,"SLDUST=""022""",3552.71,14108.27,0.0,3652.94,14014.64,280.49,2937.21,12444.58,680.72,,,,2461.0,13706.76,895.6,2585.78,9604.21,374.66,,,,,,,,5692.71,4332.89,,,,,2767.9,871.89,7404.83,3692.37,,,68053.3069,18717.0007,14980.57,3315.63,1206.14,613.99,38693,37707.43,8728.09,24846.99,5577.49,9548.2,5846.46,250.77,749.7,161.17,784.23,256.14,906.2,26486.15,6473.75,3062.15,2457.22,tl_2025_31_sldu.zip,https://dev.planscore.org/plan.html?20260308T223509.493492539Z
NE,23,"SLDUST=""023""",5142.39,15396.04,0.0,5062.75,14572.13,421.07,3948.61,12194.95,878.94,,,,3229.35,14685.87,1072.83,4069.97,10198.95,550.97,,,,,,,,6107.08,3507.22,,,,,3802.69,780.73,7791.89,3445.92,,,65935.2282,14250.8031,15046.31,2786.4,1290.58,808.85,39651,38536.84,7242.08,25686.17,4746.64,8726.34,4525.21,386.19,765.15,177.0,709.43,273.63,831.73,27715.38,5617.0,1810.65,1446.96,tl_2025_31_sldu.zip,https://dev.planscore.org/plan.html?20260308T223509.493492539Z
NE,24,"SLDUST=""024""",4702.61,14931.96,0.0,4764.25,14831.87,461.93,3598.39,12792.05,959.06,,,,2963.65,15088.13,1014.17,4061.03,10321.05,565.04,,,,,,,,6809.92,3576.78,,,,,712.31,440.27,7164.11,2728.08,,,68964.0894,12821.0423,15123.69,2460.6,298.42,266.14,38526,37593.16,6223.92,24801.83,3809.35,8950.66,4247.79,290.81,679.85,143.0,660.57,293.37,783.28,29239.62,4962.0,932.35,728.05,tl_2025_31_sldu.zip,https://dev.planscore.org/plan.html?20260308T223509.493492539Z
NE,25,"SLDUST=""025""",12594.32,14194.63,0.0,12240.38,13418.96,463.45,8159.93,11148.11,1068.17,,,,6395.94,15436.9,1101.22,9242.0,10137.32,535.79,,,,,,,,15864.59,7364.33,,,,,1072.17,547.39,3271.19,2135.9,,,103473.9819,20068.4822,15226.56,2956.0,735.67,419.47,41582,40013.3,9481.62,26905.59,5542.81,7455.86,4573.85,160.4,595.61,668.88,1247.18,388.68,905.81,30468.77,6851.72,984.45,1132.11,tl_2025_31_sldu.zip,https://dev.planscore.org/plan.html?20260308T223509.493492539Z
NE,26,"SLDUST=""026""",9697.53,7868.52,0.0,10197.07,7747.15,561.92,7986.97,7061.01,1344.06,,,,6496.07,8836.37,1138.84,7950.78,5346.4,575.91,,,,,,,,7691.47,5161.33,,,,,2781.75,1447.94,6282.49,3659.57,,,55140.4778,14817.9027,16995.35,4081.36,1066.47,790.94,40127,39503.06,10442.82,24555.27,6289.3,9656.62,6272.06,293.65,855.9,857.28,1475.86,1207.65,1827.25,30302.57,8552.62,1841.33,1837.26,tl_2025_31_sldu.zip,https://dev.planscore.org/plan.html?20260308T223509.493492539Z
NE,27,"SLDUST=""027""",8268.15,7662.61,0.0,8607.7,7320.28,410.33,6709.92,6472.22,938.2,,,,5448.12,8192.16,971.29,6191.04,4737.23,481.85,,,,,,,,7586.62,4722.32,,,,,4645.24,1852.27,6320.86,3713.73,,,63191.5239,12124.0331,14547.22,3329.77,2261.31,1187.38,41511,39318.35,10054.87,24659.32,6071.68,8481.82,5306.44,357.52,767.28,1083.6,1596.79,1716.83,1876.48,29529.15,7597.5,2567.03,1963.82,tl_2025_31_sldu.zip,https://dev.planscore.org/plan.html?20260308T223509.493492539Z
NE,28,"SLDUST=""028""",11201.11,5555.8,0.0,11842.79,5604.59,429.12,9511.13,5036.82,1296.63,,,,6815.95,6630.05,1007.5,9705.1,4280.27,560.51,,,,,,,,10012.32,6483.09,,,,,3899.34,1937.8,5783.62,4112.31,,,52013.1283,14453.8664,18740.12,4259.57,1566.98,1118.74,39692,40218.85,10954.11,25542.09,6782.83,10076.39,6872.66,246.28,767.28,1163.14,1821.08,1516.23,2001.16,29487.63,8211.14,1403.11,1416.21,tl_2025_31_sldu.zip,https://dev.planscore.org/plan.html?20260308T223509.493492539Z
NE,29,"SLDUST=""029""",12942.7,8111.28,0.0,13337.84,8143.57,540.0,10788.03,7997.23,1534.06,,,,7659.77,9525.63,1218.2,10829.71,6317.03,716.61,,,,,,,,11535.63,7124.43,,,,,1897.19,1048.51,4841.94,3628.81,,,63244.0284,15682.4332,17854.16,4322.84,1092.65,692.53,40661,40950.78,10891.78,27352.62,7017.41,10916.5,7466.13,234.8,858.16,568.0,1249.2,790.88,1564.01,30345.72,8462.91,1315.96,1521.12,tl_2025_31_sldu.zip,https://dev.planscore.org/plan.html?20260308T223509.493492539Z
NE,30,"SLDUST=""030""",9335.14,14299.93,0.0,9021.79,13539.55,456.48,7307.22,11709.76,1141.17,,,,5319.57,14596.56,1202.83,7243.6,9389.46,665.64,,,,,,,,9617.41,4929.08,,,,,1506.0,814.0,7041.03,3276.71,,,70616.9012,14790.9603,16249.53,3145.49,910.0,620.0,41576,40713.94,9015.21,27432.17,5435.75,9494.16,5520.31,365.49,880.93,631.92,1234.69,280.99,1016.4,30563.15,6160.48,656.96,870.3,tl_2025_31_sldu.zip,https://dev.planscore.org/plan.html?20260308T223509.493492539Z
NE,31,"SLDUST=""031""",10756.26,12178.96,0.0,10690.25,12589.46,434.98,7707.7,11613.21,1192.74,,,,5766.46,14394.04,1255.26,7029.9,10036.94,502.83,,,,,,,,14493.51,7060.56,,,,,1954.63,917.57,3839.6,2564.84,,,106229.1644,23656.8846,14535.42,3003.53,931.38,585.3,41179,41002.45,9772.25,26778.69,5826.14,9356.91,5824.61,241.44,746.42,682.18,1244.66,827.11,1427.65,28000.79,7183.63,1170.44,1377.99,tl_2025_31_sldu.zip,https://dev.planscore.org/plan.html?20260308T223509.493492539Z
NE,32,"SLDUST=""032""",5325.6,14081.75,0.0,5619.39,13791.1,447.12,4679.36,12161.46,1041.18,,,,3661.47,14202.68,1065.91,4970.41,9411.21,696.96,,,,,,,,5730.33,3275.06,,,,,505.96,380.78,8445.21,3028.52,,,58520.6362,12799.5411,15683.24,2647.05,327.5,281.73,39124,38222.52,6673.81,26321.89,4544.48,9172.53,4394.0,414.62,742.15,257.38,822.16,175.01,730.4,28222.78,4790.16,1792.81,1350.74,tl_2025_31_sldu.zip,https://dev.planscore.org/plan.html?20260308T223509.493492539Z
NE,33,"SLDUST=""033""",5007.11,14338.49,0.0,5087.33,14356.26,415.88,4040.43,13313.25,944.68,,,,3119.25,14084.27,1239.98,4115.29,9672.1,534.07,,,,,,,,6890.0,4531.56,,,,,2275.75,1253.71,7317.85,3745.96,,,66623.4119,13110.434,16620.97,3315.95,751.2,585.02,40614,40919.38,8766.11,26708.12,5352.93,11956.66,6225.19,292.12,903.16,308.0,986.5,204.12,849.04,29290.92,6400.18,1491.53,1540.28,tl_2025_31_sldu.zip,https://dev.planscore.org/plan.html?20260308T223509.493492539Z
NE,34,"SLDUST=""034""",4078.39,13943.9,0.0,4724.86,15350.12,384.51,3583.21,13435.84,824.18,,,,3004.66,14987.6,1209.18,3734.3,10748.19,539.32,,,,,,,,6716.15,4014.33,,,,,1194.0,824.69,7606.71,3298.34,,,64251.904,13453.528,14940.46,2725.62,391.58,366.75,38230,36872.47,7306.29,25477.86,4697.75,10897.88,5606.93,284.57,711.12,250.13,742.9,175.74,802.23,27506.13,5429.85,1326.73,1161.27,tl_2025_31_sldu.zip,https://dev.planscore.org/plan.html?20260308T223509.493492539Z
NE,35,"SLDUST=""035""",3712.03,6415.59,0.0,4438.55,7229.55,281.99,3822.8,6502.02,636.33,,,,3122.92,7289.63,771.49,3111.35,4408.13,363.05,,,,,,,,3559.26,3724.69,,,,,7347.12,2204.92,7275.93,4249.85,,,58297.5747,18141.1157,14139.15,3985.25,2590.09,1247.97,38312,37432.18,11749.22,23352.63,6924.76,9722.68,7143.06,121.05,673.44,442.58,1072.79,800.94,1491.4,22375.48,7457.9,5581.32,4171.38,tl_2025_31_sldu.zip,https://dev.planscore.org/plan.html?20260308T223509.493492539Z
NE,36,"SLDUST=""036""",9408.84,15175.11,0.0,8202.95,12827.32,474.49,5244.27,10262.13,1076.67,,,,4428.13,14096.95,1220.89,4883.1,9179.65,505.16,,,,,,,,12841.83,5630.94,,,,,907.58,548.05,3733.89,2312.87,,,107560.1314,19322.4376,12983.62,2542.18,519.92,365.74,40589,38576.6,8741.98,23761.43,4771.06,7763.62,4493.79,154.99,584.64,675.13,1138.99,661.89,1140.01,28708.92,6497.62,1097.94,1091.33,tl_2025_31_sldu.zip,https://dev.planscore.org/plan.html?20260308T223509.493492539Z
NE,37,"SLDUST=""037""",5509.98,12531.13,0.0,5447.46,12262.3,497.34,4060.85,10835.05,1130.44,,,,3267.77,12504.09,1261.0,4012.01,8042.29,494.61,,,,,,,,8498.0,4946.0,,,,,2165.05,1033.87,5900.0,3390.0,,,56596.2043,15860.5958,15655.0,3288.0,885.16,642.76,40552,40455.0,9102.0,24365.0,5512.0,10369.0,5903.0,160.0,605.0,322.0,869.0,431.0,975.0,30480.0,7367.0,2415.0,1825.0,tl_2025_31_sldu.zip,https://dev.planscore.org/plan.html?20260308T223509.493492539Z
NE,38,"SLDUST=""038""",3542.89,18018.51,0.0,3722.67,18663.74,411.12,2972.58,16853.75,885.31,,,,2529.75,17851.73,1317.02,3328.71,13094.9,619.93,,,,,,,,6509.0,4304.44,,,,,727.25,425.29,9145.15,3801.04,,,54664.4775,10433.6312,18130.03,3423.05,307.81,294.98,41141,41940.62,8079.89,29358.88,5353.07,12374.34,5954.81,438.88,1065.84,89.0,927.5,254.88,1027.96,31494.09,6129.82,1379.47,1409.72,tl_2025_31_sldu.zip,https://dev.planscore.org/plan.html?20260308T223509.493492539Z
NE,39,"SLDUST=""039""",10615.9,17284.58,0.0,8700.87,14089.91,393.78,5143.01,11120.29,818.48,,,,4426.52,15740.19,1114.35,4911.48,10145.49,368.11,,,,,,,,13715.41,7336.38,,,,,689.19,464.82,2716.1,2184.29,,,122350.5685,33139.2302,13083.78,3102.18,389.94,287.75,40998,36787.2,10104.24,23459.04,5771.12,8081.99,5446.32,166.96,658.39,976.16,1505.31,532.76,1141.53,29245.76,7863.15,731.66,947.3,tl_2025_31_sldu.zip,https://dev.planscore.org/plan.html?20260308T223509.493492539Z
NE,40,"SLDUST=""040""",3139.52,18710.49,0.0,3425.71,19098.79,392.65,2755.96,16807.55,900.61,,,,2733.87,17395.63,1356.3,2823.08,13324.54,575.75,,,,,,,,5874.8,3336.55,,,,,721.74,390.34,9470.29,3221.64,,,56813.8898,10346.1125,17189.94,2736.17,327.06,277.64,40081,40287.41,7129.64,27566.38,4329.52,10155.97,4477.05,725.31,938.82,130.25,855.1,225.09,886.76,29689.29,4882.24,565.64,684.39,tl_2025_31_sldu.zip,https://dev.planscore.org/plan.html?20260308T223509.493492539Z
NE,41,"SLDUST=""041""",3675.6,17350.39,0.0,3830.13,17268.03,382.17,3248.13,14976.09,906.05,,,,2605.65,16328.68,1310.33,3483.35,11536.38,555.03,,,,,,,,6207.58,3321.98,,,,,786.83,433.52,9039.35,2982.82,,,60982.2174,13696.4329,15908.39,2509.13,348.18,280.51,38196,38563.35,6592.49,26625.51,4164.49,10566.44,4542.01,289.38,766.44,70.3,752.32,84.33,768.37,28958.39,4739.25,833.95,774.35,tl_2025_31_sldu.zip,https://dev.planscore.org/plan.html?20260308T223509.493492539Z
NE,42,"SLDUST=""042""",3778.98,14548.67,0.0,3933.5,15050.79,379.47,3095.64,14034.92,907.38,,,,2823.18,14499.12,1222.26,3094.75,10485.26,652.28,,,,,,,,5914.22,4595.33,,,,,1080.45,670.1,7786.93,4792.15,,,61074.2985,14207.2361,16318.68,4122.82,499.73,508.07,38324,38812.44,10527.58,26943.7,6841.1,12117.15,7462.32,319.14,1019.23,229.28,988.92,266.14,1019.23,28588.35,8219.0,1783.45,1881.94,tl_2025_31_sldu.zip,https://dev.planscore.org/plan.html?20260308T223509.493492539Z
NE,43,"SLDUST=""043""",3176.0,17748.0,0.0,3283.0,18440.0,376.0,2636.0,17096.0,901.0,,,,2341.0,16970.0,1449.0,2827.0,13706.0,670.0,,,,,,,,7473.0,4666.0,,,,,636.0,484.0,8847.0,3734.0,,,53651.2842,10149.6633,17788.0,3392.0,259.0,265.0,38921,40801.0,7984.0,28126.0,5310.0,11762.0,5749.0,1015.0,1455.0,248.0,924.0,322.0,1051.0,29955.0,5964.0,744.0,927.0,tl_2025_31_sldu.zip,https://dev.planscore.org/plan.html?20260308T223509.493492539Z
NE,44,"SLDUST=""044""",3088.02,13385.34,0.0,3557.5,13803.21,278.53,3008.36,12765.07,736.62,,,,2570.82,13436.88,908.74,2547.25,9697.74,412.72,,,,,,,,5132.78,3490.67,,,,,5338.55,1431.9,7694.07,3696.85,,,59178.6811,12706.6626,15891.32,3383.18,2183.27,855.93,39247,39348.56,8881.42,26443.3,5608.9,11029.85,5873.68,209.86,891.77,147.72,893.08,1053.86,1657.77,26596.65,6046.0,4155.55,2833.06,tl_2025_31_sldu.zip,https://dev.planscore.org/plan.html?20260308T223509.493492539Z
NE,45,"SLDUST=""045""",8151.39,8650.84,0.0,8091.8,9056.97,560.72,5850.27,8691.37,1212.77,,,,4924.78,9994.57,1218.48,5115.19,7293.31,562.77,,,,,,,,8309.36,4666.71,,,,,2726.62,1312.99,5773.21,3465.3,,,58407.5452,16504.0593,14716.92,3239.99,1142.74,634.8,39331,38793.96,10072.65,24383.54,5685.4,10767.23,6729.66,357.68,924.89,1036.09,1600.53,2169.35,2307.17,26550.24,6523.49,3145.07,2598.58,tl_2025_31_sldu.zip,https://dev.planscore.org/plan.html?20260308T223509.493492539Z
NE,46,"SLDUST=""046""",5844.52,4190.37,0.0,6473.5,4135.92,350.61,5277.18,3726.42,788.78,,,,4483.19,4626.56,704.62,4929.99,2556.11,407.22,,,,,,,,5056.89,4273.79,,,,,4881.05,1671.75,4862.91,3136.24,,,42088.6137,8790.1003,13960.76,3427.05,1443.15,858.47,38941,38475.25,9995.82,18035.09,5005.08,5944.4,4671.34,261.23,768.49,1862.93,2270.1,2597.93,2682.19,29126.1,7946.71,2382.92,2033.04,tl_2025_31_sldu.zip,https://dev.planscore.org/plan.html?20260308T223509.493492539Z
NE,47,"SLDUST=""047""",3349.0,15959.0,0.0,3470.0,16636.0,403.0,2921.95,15223.51,950.98,,,,2736.0,15491.0,1353.0,2643.96,11763.64,583.99,,,,,,,,5900.0,3986.0,,,,,1182.0,729.0,8638.0,4042.0,,,52433.7165,10202.399,17608.0,3482.0,330.0,330.0,39092,39146.0,8254.0,27709.0,5380.0,12995.0,6156.0,388.0,1058.0,226.0,902.0,261.0,1022.0,29395.0,6232.0,2120.0,1526.0,tl_2025_31_sldu.zip,https://dev.planscore.org/plan.html?20260308T223509.493492539Z
NE,48,"SLDUST=""048""",4162.0,12802.0,0.0,4507.0,12877.0,369.0,3456.05,11763.49,922.02,,,,3325.0,12613.0,1086.0,3128.04,8783.36,517.01,,,,,,,,6027.0,4431.0,,,,,1466.0,918.0,8173.0,4503.0,,,57129.1773,11994.8948,16503.0,3881.0,596.0,456.0,40192,40105.0,10004.0,27179.0,6416.0,11758.0,7061.0,572.0,1246.0,158.0,925.0,254.0,1049.0,29565.0,7930.0,4878.0,3184.0,tl_2025_31_sldu.zip,https://dev.planscore.org/plan.html?20260308T223509.493492539Z
NE,49,"SLDUST=""049""",10467.83,13385.38,0.0,8787.67,11201.7,482.15,5450.12,8729.25,970.28,,,,4872.58,12545.11,1162.52,5228.21,7527.69,469.65,,,,,,,,9726.47,5040.96,,,,,778.41,547.03,4163.19,2808.72,,,89540.3956,16587.8514,11911.38,2536.04,496.32,423.86,38542,32709.16,7792.86,21316.91,4773.07,7271.06,4820.89,151.94,589.98,826.39,1376.44,552.21,1053.39,26630.15,6367.22,1017.16,1145.94,tl_2025_31_sldu.zip,https://dev.planscore.org/plan.html?20260308T223509.493492539Z
NJ,1,"SLDUST=""001""",45297.46,56692.66,1608.02,54121.38,58360.24,1226.02,44413.37,49579.64,3124.06,,,,52384.37,54392.23,2867.02,32460.3,41449.12,2711.02,,,,,,,,38857.0,29505.0,,,,,12598.0,6375.0,58831.0,31158.0,,,71523.6444,20594.3306,87807.0,24158.0,5968.0,3784.0,236469,231391.0,67402.0,163975.0,44816.0,50113.0,35188.0,1103.0,5917.0,1634.0,6843.0,22920.0,18631.0,171875.0,50752.0,27711.0,19560.0,tl_2025_34_sldu.zip,https://dev.planscore.org/plan.html?20260308T223524.399051906Z
NJ,2,"SLDUST=""002""",53165.27,51593.09,2125.89,64237.82,50734.42,1475.0,53018.67,41319.82,3036.96,,,,62079.83,48589.41,2236.99,38689.85,36430.14,2888.99,,,,,,,,46510.0,33269.0,,,,,33157.0,10793.0,47945.0,28232.0,,,81175.4481,23044.1265,85033.0,23686.0,18828.0,7511.0,231513,222250.0,67035.0,154420.0,44956.0,49643.0,36473.0,567.0,4640.0,13592.0,14111.0,26959.0,21672.0,167000.0,49635.0,21978.0,16601.0,tl_2025_34_sldu.zip,https://dev.planscore.org/plan.html?20260308T223524.399051906Z
NJ,3,"SLDUST=""003""",55222.82,64377.73,2405.1,61798.86,65243.29,2114.08,48101.15,54466.21,4255.16,,,,61083.83,63216.21,3022.11,37547.72,46173.72,3524.16,,,,,,,,48420.0,31294.0,,,,,8044.0,4658.0,52007.0,26804.0,,,81209.165,22436.5236,82474.0,19041.0,4757.0,3198.0,235844,225175.0,53632.0,154352.0,36822.0,45826.0,29826.0,1005.0,4906.0,4652.0,8569.0,20938.0,16825.0,181120.0,44683.0,11208.0,10027.0,tl_2025_34_sldu.zip,https://dev.planscore.org/plan.html?20260308T223524.399051906Z
NJ,4,"SLDUST=""004""",62342.0,60692.0,2030.0,69968.0,60818.0,1685.0,55393.0,49656.0,3365.0,,,,69568.0,58897.0,1966.0,43334.73,40277.81,2937.99,,,,,,,,46251.0,31096.0,,,,,12830.0,7113.0,52956.0,25736.0,,,83248.6005,24557.2424,83320.0,20211.0,8660.0,5104.0,233380,228900.0,61309.0,160538.0,39928.0,56985.0,36158.0,564.0,4221.0,5975.0,9128.0,28056.0,21757.0,179234.0,49403.0,13570.0,12221.0,tl_2025_34_sldu.zip,https://dev.planscore.org/plan.html?20260308T223524.399051906Z
NJ,5,"SLDUST=""005""",60004.88,32594.96,1662.88,72236.09,32925.66,1388.92,64620.69,26661.93,2955.86,,,,72199.08,31551.8,1512.87,46995.26,22526.43,3044.83,,,,,,,,36114.0,28596.0,,,,,24967.02,11183.32,52558.0,30355.0,,,64496.64,20042.2254,86823.0,24368.0,12207.35,6620.6,236069,233434.0,72405.0,156437.0,45754.0,49894.0,36713.0,439.0,5523.0,5566.0,9750.0,37513.0,27854.0,167750.0,52072.0,35456.0,22943.0,tl_2025_34_sldu.zip,https://dev.planscore.org/plan.html?20260308T223524.399051906Z
NJ,6,"SLDUST=""006""",72608.5,40732.44,2313.99,84031.3,42352.53,1729.98,66965.64,36720.45,3755.94,,,,82227.34,42782.5,1252.99,53718.63,32954.53,3058.98,,,,,,,,67212.0,36808.0,,,,,27272.98,9505.68,40569.0,23921.0,,,87845.2116,23660.4705,87618.0,20656.0,16962.65,6278.4,234536,220474.0,56094.0,158067.0,38610.0,48528.0,33445.0,558.0,4584.0,12153.0,12287.0,22989.0,19987.0,170820.0,46462.0,12282.0,11903.0,tl_2025_34_sldu.zip,https://dev.planscore.org/plan.html?20260308T223524.399051906Z
NJ,7,"SLDUST=""007""",71606.24,39151.13,1925.01,86049.42,44467.14,1646.01,68771.26,39070.08,3788.01,,,,83961.42,43955.14,1510.01,56295.17,36375.07,3126.01,,,,,,,,60174.0,33942.0,,,,,23715.0,9174.0,42946.0,21892.0,,,89997.0556,21185.8278,84211.0,18660.0,15618.0,6646.0,230129,221618.0,54351.0,155870.0,36131.0,50000.0,31363.0,631.0,4392.0,8482.0,10604.0,41463.0,25160.0,173420.0,46540.0,13423.0,12102.0,tl_2025_34_sldu.zip,https://dev.planscore.org/plan.html?20260308T223524.399051906Z
NJ,8,"SLDUST=""008""",57758.87,56632.53,1826.0,67734.0,61653.0,1913.0,52561.0,52459.0,4107.0,,,,65244.0,60862.0,1853.0,42123.0,47921.0,3065.0,,,,,,,,60798.49,35407.1,,,,,15451.58,6420.56,45604.73,24356.7,,,93450.3482,23071.1325,82442.58,19266.92,10255.51,4693.54,230522,224239.25,55338.72,160006.91,39069.75,48829.6,31829.87,532.83,4237.49,8247.33,10357.87,19733.55,15958.13,179362.71,46344.09,14081.72,11348.18,tl_2025_34_sldu.zip,https://dev.planscore.org/plan.html?20260308T223524.399051906Z
NJ,9,"SLDUST=""009""",49802.95,92352.28,2183.5,53722.68,90425.58,1917.25,38060.99,76686.32,3511.52,,,,51922.22,87492.35,2370.34,32157.49,63501.46,2888.39,,,,,,,,48347.72,32653.91,,,,,10865.12,5204.3,66023.45,29841.36,,,80127.188,19722.8318,99943.06,22609.64,8028.27,4082.58,230473,225989.44,55812.56,176270.49,41869.53,54354.45,35713.0,520.81,4745.05,3326.0,7480.14,5254.65,9597.49,195312.11,50081.98,12887.07,11716.55,tl_2025_34_sldu.zip,https://dev.planscore.org/plan.html?20260308T223524.399051906Z
NJ,10,"SLDUST=""010""",45717.0,81803.41,2279.62,52341.97,81875.01,1922.77,37241.4,72220.96,3658.51,,,,50378.41,79802.2,2508.69,31296.75,58680.57,3262.63,,,,,,,,60300.74,36613.7,,,,,14965.0,7083.0,48074.17,25061.24,,,93382.5754,24986.3327,89942.7,22099.07,9779.0,4800.0,225447,225611.57,62182.28,162354.0,41468.78,50186.96,32574.17,478.0,4741.52,4382.0,8662.52,6598.15,9934.46,176781.85,48615.44,13433.22,12485.26,tl_2025_34_sldu.zip,https://dev.planscore.org/plan.html?20260308T223524.399051906Z
NJ,11,"SLDUST=""011""",57847.13,53140.53,2407.01,67539.38,51549.69,1551.01,53488.26,45393.36,3381.02,,,,65128.33,51476.73,2341.01,43825.4,38973.74,2815.04,,,,,,,,67188.13,41337.57,,,,,32879.7,10297.86,36171.78,22882.9,,,95234.4153,29503.2801,88986.84,23226.66,16454.68,6206.1,229027,220442.41,62855.2,155600.62,42035.63,44444.76,32892.21,227.0,4951.32,6635.7,10180.6,21246.15,17536.51,165433.01,49448.71,18245.9,16090.11,tl_2025_34_sldu.zip,https://dev.planscore.org/plan.html?20260308T223524.399051906Z
NJ,12,"SLDUST=""012""",41926.56,71679.15,2477.98,52816.22,70530.61,1742.94,41270.72,60020.17,3382.95,,,,51179.26,68368.7,2529.92,32661.72,48019.24,2422.98,,,,,,,,64415.04,35330.3,,,,,26987.3,8222.14,40530.65,21608.7,,,114280.6324,29409.83,80797.66,18939.37,20062.22,6741.88,225080,219903.74,55575.44,154435.6,36830.94,45759.0,30491.95,424.36,3791.94,12868.67,12321.46,10137.65,12934.93,168173.34,44837.5,18429.0,14891.01,tl_2025_34_sldu.zip,https://dev.planscore.org/plan.html?20260308T223524.399051906Z
NJ,13,"SLDUST=""013""",55838.56,76734.35,2958.03,64865.55,74372.36,1900.02,47314.38,63959.43,3825.04,,,,61898.55,74619.31,2517.04,39010.95,53318.98,2927.99,,,,,,,,76655.87,43970.43,,,,,21955.3,7200.14,36124.22,22944.1,,,123091.179,37897.3732,83128.17,21383.34,16237.32,5803.9,230013,222259.59,61531.8,156639.38,41817.37,41654.24,30801.79,558.0,4852.68,11743.3,12221.4,5550.85,9365.49,174611.99,51230.29,12395.1,11475.89,tl_2025_34_sldu.zip,https://dev.planscore.org/plan.html?20260308T223524.399051906Z
NJ,14,"SLDUST=""014""",60610.49,48491.75,2548.97,70165.48,48136.72,1504.98,55813.47,42520.69,3434.96,,,,67214.51,47649.69,1895.99,44421.51,36308.62,2986.97,,,,,,,,69276.0,39773.0,,,,,40588.0,10022.0,40217.0,24623.0,,,103631.0412,28222.0556,82276.0,21716.0,20189.0,6657.0,226021,211716.0,61158.0,154434.0,42723.0,40843.0,31082.0,379.0,4268.0,21250.0,16599.0,13684.0,14519.0,157685.0,47868.0,16989.0,14921.0,tl_2025_34_sldu.zip,https://dev.planscore.org/plan.html?20260308T223524.399051906Z
NJ,15,"SLDUST=""015""",64097.57,25855.88,2128.98,74869.0,26200.0,1370.0,65714.0,23528.0,3118.0,,,,72155.0,26822.0,1546.0,50414.0,22301.0,2794.0,,,,,,,,64618.0,40150.0,,,,,37587.0,12989.0,37464.0,25041.0,,,97650.2845,28600.1764,80395.0,23001.0,16543.0,7456.0,234229,223019.0,68941.0,149965.0,44912.0,36115.0,29742.0,452.0,5023.0,12889.0,11577.0,38102.0,25919.0,152385.0,50910.0,22915.0,20187.0,tl_2025_34_sldu.zip,https://dev.planscore.org/plan.html?20260308T223524.399051906Z
NJ,16,"SLDUST=""016""",66802.0,50093.26,4133.04,76755.54,49983.82,2147.98,58863.65,44842.55,4406.04,,,,72225.66,52544.68,2237.01,48552.78,42410.46,3126.04,,,,,,,,97892.0,45280.0,,,,,42588.0,8536.0,21589.0,14729.0,,,149185.7685,37820.3871,77239.0,16500.0,24961.0,6077.0,226761,219153.0,50103.0,148649.0,33080.0,27013.0,21010.0,290.0,3815.0,29543.0,18120.0,8046.0,10323.0,158845.0,39546.0,11694.0,10846.0,tl_2025_34_sldu.zip,https://dev.planscore.org/plan.html?20260308T223524.399051906Z
NJ,17,"SLDUST=""017""",52348.31,26092.04,3485.05,64489.56,23654.06,1137.05,57914.05,20359.52,2582.02,,,,63121.38,22995.25,1832.02,45283.86,17128.62,2097.01,,,,,,,,64772.0,38442.0,,,,,52359.0,10817.0,29883.0,19901.0,,,93802.9912,28767.607,72838.0,19167.0,27655.0,7465.0,233202,224823.0,65483.0,139885.0,40227.0,32041.0,25710.0,499.0,4098.0,29108.0,19900.0,35367.0,25051.0,150050.0,45990.0,26605.0,18655.0,tl_2025_34_sldu.zip,https://dev.planscore.org/plan.html?20260308T223524.399051906Z
NJ,18,"SLDUST=""018""",52340.76,42319.43,3327.98,65164.84,41379.8,1457.99,54353.02,35994.93,3127.0,,,,63705.85,39555.79,2468.99,42538.13,29797.02,2425.0,,,,,,,,83531.0,43180.0,,,,,69232.0,12573.0,31709.0,20863.0,,,113223.9026,28584.8553,78223.0,18635.0,39456.0,9012.0,234917,222704.0,60628.0,157611.0,40772.0,35467.0,28055.0,508.0,4988.0,37876.0,23791.0,13854.0,15966.0,146519.0,44493.0,16782.0,14251.0,tl_2025_34_sldu.zip,https://dev.planscore.org/plan.html?20260308T223524.399051906Z
NJ,19,"SLDUST=""019""",43377.54,42507.58,2470.97,55898.38,37850.36,1018.0,49707.83,31397.52,2335.98,,,,55845.36,33621.36,2502.01,36364.97,23061.98,1851.0,,,,,,,,50026.0,34116.0,,,,,63369.0,13001.0,51065.0,28105.0,,,83754.4981,26695.2067,79035.0,21835.0,36300.0,9887.0,239157,227989.0,69572.0,160827.0,46499.0,45258.0,33894.0,299.0,4784.0,20806.0,18687.0,19820.0,18901.0,154845.0,52602.0,48575.0,28130.0,tl_2025_34_sldu.zip,https://dev.planscore.org/plan.html?20260308T223524.399051906Z
NJ,20,"SLDUST=""020""",44371.68,26739.05,1653.92,55401.11,22130.26,640.95,51941.41,16182.96,1646.0,,,,55476.08,18533.77,1451.87,39603.78,12364.86,1410.98,,,,,,,,32413.0,27706.0,,,,,65634.0,12280.0,49416.0,28224.0,,,69153.6693,22711.2329,72247.0,21126.0,32119.0,8253.0,228148,217100.0,71205.0,144586.0,45962.0,47578.0,36700.0,158.0,4599.0,6054.0,9285.0,39165.0,27990.0,130565.0,47787.0,50349.0,28640.0,tl_2025_34_sldu.zip,https://dev.planscore.org/plan.html?20260308T223524.399051906Z
NJ,21,"SLDUST=""021""",71513.44,55850.21,3604.01,78652.55,55052.19,1953.01,59789.39,50970.2,4381.03,,,,73252.51,59304.22,1514.01,49545.31,51550.27,2745.0,,,,,,,,98003.0,50137.0,,,,,36433.0,8099.0,24258.0,17541.0,,,149827.1316,46477.7869,77975.0,18667.0,22984.0,6199.0,229293,222150.0,57571.0,151741.0,38049.0,28057.0,24030.0,511.0,4495.0,16913.0,14831.0,6245.0,9621.0,156995.0,44866.0,13903.0,12691.0,tl_2025_34_sldu.zip,https://dev.planscore.org/plan.html?20260308T223524.399051906Z
NJ,22,"SLDUST=""022""",63418.76,37793.8,2260.99,72695.67,34436.87,1243.99,61767.51,30540.73,2795.96,,,,71694.67,32833.9,1879.98,50202.0,26102.0,2387.0,,,,,,,,57581.0,40285.0,,,,,54228.0,14199.0,46305.0,29720.0,,,89596.8125,27232.4667,81723.0,23691.0,31212.0,9363.0,238211,230660.0,76235.0,160101.0,50504.0,44036.0,35944.0,368.0,5389.0,7133.0,11434.0,36698.0,26898.0,150850.0,53530.0,33818.0,25048.0,tl_2025_34_sldu.zip,https://dev.planscore.org/plan.html?20260308T223524.399051906Z
NJ,23,"SLDUST=""023""",56360.88,69291.23,2941.89,60747.64,67636.63,2330.99,44477.73,59904.43,4702.98,,,,58131.67,67444.61,2978.99,37081.79,51878.42,3615.97,,,,,,,,69548.0,37361.0,,,,,34086.0,9065.0,43458.0,23236.0,,,96772.1207,25933.6351,87825.0,19134.0,20632.0,6300.0,237918,229225.0,53714.0,163180.0,36785.0,43328.0,29661.0,522.0,4489.0,11629.0,11465.0,9465.0,11310.0,177180.0,43038.0,18135.0,13476.0,tl_2025_34_sldu.zip,https://dev.planscore.org/plan.html?20260308T223524.399051906Z
NJ,24,"SLDUST=""024""",54437.1,81800.62,3005.11,61324.0,81610.0,2668.0,42828.0,73529.0,5063.0,,,,59278.0,79895.0,3433.0,35515.0,61191.0,4160.0,,,,,,,,69154.0,38699.0,,,,,17342.0,6927.0,44303.0,23976.0,,,100860.4988,27475.6103,88514.0,20223.0,12180.0,5394.0,237827,233588.0,57033.0,165599.0,38156.0,49930.0,32292.0,557.0,4708.0,5884.0,9107.0,6869.0,10656.0,183730.0,45389.0,16931.0,13052.0,tl_2025_34_sldu.zip,https://dev.planscore.org/plan.html?20260308T223524.399051906Z
NJ,25,"SLDUST=""025""",62900.0,64080.0,3047.0,71889.0,63169.0,2153.0,54286.0,55982.0,4379.0,,,,68684.0,63199.0,1820.0,44597.0,50948.0,3163.0,,,,,,,,85412.0,43218.0,,,,,36498.0,9712.0,33489.0,20718.0,,,124239.2953,34312.1998,87312.0,20444.0,21088.0,7294.0,238402,234008.0,60240.0,164664.0,40121.0,39976.0,30061.0,298.0,4256.0,8754.0,10828.0,6268.0,9535.0,171860.0,46348.0,25739.0,17933.0,tl_2025_34_sldu.zip,https://dev.planscore.org/plan.html?20260308T223524.399051906Z
NJ,26,"SLDUST=""026""",56437.25,67957.27,3097.03,65306.34,66904.37,1819.01,49649.33,59158.28,3790.01,,,,62852.33,65302.35,1822.01,40369.23,51578.22,3016.02,,,,,,,,83995.0,43838.0,,,,,39311.0,8770.0,33890.0,20225.0,,,117243.4641,34011.4917,83334.0,19864.0,25893.0,6614.0,226075,218110.0,54272.0,156738.0,37882.0,34900.0,26590.0,517.0,4281.0,20480.0,16063.0,5021.0,8600.0,168570.0,45039.0,14910.0,13312.0,tl_2025_34_sldu.zip,https://dev.planscore.org/plan.html?20260308T223524.399051906Z
NJ,27,"SLDUST=""027""",72849.43,37583.03,3080.41,87690.45,35466.81,1287.99,72935.61,30429.8,2922.97,,,,85777.49,33707.77,2420.99,61328.69,26081.73,2554.0,,,,,,,,84365.0,50421.0,,,,,59162.0,12620.0,32003.0,24512.0,,,130074.9457,41044.8467,80011.0,22966.0,37784.0,9224.0,239399,227437.0,74239.0,158599.0,50280.0,36104.0,33085.0,577.0,6205.0,17603.0,17896.0,19164.0,19660.0,160350.0,55589.0,31197.0,23326.0,tl_2025_34_sldu.zip,https://dev.planscore.org/plan.html?20260308T223524.399051906Z
NJ,28,"SLDUST=""028""",64354.43,8082.66,928.98,77682.46,6361.33,568.71,72900.27,4653.31,1258.66,,,,76359.39,5458.18,1062.96,57996.4,4181.36,1106.15,,,,,,,,39348.0,32766.0,,,,,45631.0,15070.0,42800.0,29618.0,,,60162.2083,25193.6272,74878.0,24859.0,26718.0,9903.0,228206,207466.0,77104.0,135678.0,49153.0,49597.0,39633.0,488.0,5662.0,2915.0,7245.0,101434.0,54161.0,143600.0,58646.0,15092.0,15700.0,tl_2025_34_sldu.zip,https://dev.planscore.org/plan.html?20260308T223524.399051906Z
NJ,29,"SLDUST=""029""",33044.57,13587.72,762.08,43077.48,9857.7,371.29,46817.12,5849.67,970.34,,,,42710.56,7167.87,999.04,33676.91,4163.63,887.86,,,,,,,,25449.0,22789.0,,,,,80498.0,19103.0,49111.0,27970.0,,,42291.5181,15304.1184,76664.0,20715.0,33862.0,11412.0,233187,213342.0,65878.0,140535.0,41102.0,37154.0,28681.0,316.0,4219.0,4201.0,7088.0,46043.0,25303.0,124215.0,43375.0,51399.0,29234.0,tl_2025_34_sldu.zip,https://dev.planscore.org/plan.html?20260308T223524.399051906Z
NJ,30,"SLDUST=""030""",24950.11,69674.94,1468.99,29836.91,62940.07,974.0,22935.96,46545.14,2044.0,,,,29139.94,58728.03,1361.01,21446.99,34620.06,1710.0,,,,,,,,42319.0,26665.0,,,,,13930.0,5082.0,27637.0,15981.0,,,88070.2171,28748.4811,56557.0,14968.0,8052.0,3162.0,226261,192252.0,60997.0,105036.0,29062.0,34200.0,23411.0,301.0,3328.0,2907.0,5535.0,3980.0,6549.0,131820.0,40715.0,10775.0,9912.0,tl_2025_34_sldu.zip,https://dev.planscore.org/plan.html?20260308T223524.399051906Z
NJ,31,"SLDUST=""031""",47722.3,26631.75,2378.72,57801.85,22625.05,789.01,53747.38,17403.77,1780.81,,,,56624.47,18829.63,2371.34,40974.67,11962.32,1530.42,,,,,,,,51770.29,38687.78,,,,,66649.29,15417.32,47653.36,29320.61,,,67951.5783,25315.8825,80124.25,23379.4,35836.05,10157.06,235975,224046.02,75854.53,152851.23,48808.71,40055.28,32176.62,657.34,5337.92,15179.12,15454.39,41439.9,29450.54,153922.16,55845.57,45894.93,30502.19,tl_2025_34_sldu.zip,https://dev.planscore.org/plan.html?20260308T223524.399051906Z
NJ,32,"SLDUST=""032""",54023.82,20553.37,2848.35,66358.96,17013.67,1157.02,54377.41,13148.17,2662.15,,,,63438.4,16374.51,2021.8,44400.83,11234.52,1769.58,,,,,,,,99017.71,47876.22,,,,,56406.71,10922.68,20332.64,15686.39,,,100841.9473,33545.7526,87232.75,20452.6,24705.95,6921.94,230578,198190.98,50936.47,150235.77,38456.29,23735.72,21235.38,613.66,4571.08,25120.88,19434.61,11204.1,13029.46,137452.84,40336.43,28944.07,19037.81,tl_2025_34_sldu.zip,https://dev.planscore.org/plan.html?20260308T223524.399051906Z
NJ,33,"SLDUST=""033""",40026.62,30591.25,2141.04,53429.79,24391.25,683.02,52568.45,17276.19,1831.04,,,,52779.75,20366.27,1962.01,44085.19,12090.22,1458.01,,,,,,,,54731.0,34805.0,,,,,110603.0,18131.0,45383.0,27242.0,,,70630.0216,20520.6944,85682.0,22803.0,52470.0,11566.0,236257,228739.0,69826.0,163137.0,47149.0,38734.0,31376.0,130.0,4013.0,10490.0,11101.0,5766.0,9207.0,130855.0,44400.0,80555.0,37121.0,tl_2025_34_sldu.zip,https://dev.planscore.org/plan.html?20260308T223524.399051906Z
NJ,34,"SLDUST=""034""",62699.79,26297.84,1468.99,74435.0,23555.0,922.0,64718.0,19953.0,2075.0,,,,73109.0,20723.0,1507.0,51931.0,15196.0,1857.0,,,,,,,,49551.0,38075.0,,,,,59069.0,15370.0,45991.0,30523.0,,,74195.926,24665.9546,81511.0,25015.0,33920.0,10600.0,233331,217403.0,75463.0,149729.0,50008.0,46137.0,35829.0,563.0,6036.0,10742.0,14527.0,63562.0,36154.0,158110.0,60489.0,32379.0,23851.0,tl_2025_34_sldu.zip,https://dev.planscore.org/plan.html?20260308T223524.399051906Z
NJ,35,"SLDUST=""035""",38314.52,29573.56,2532.03,56547.72,23515.6,717.02,56493.54,15778.41,1428.04,,,,57835.72,17698.56,2667.04,39038.44,11924.3,1414.03,,,,,,,,24225.0,24736.0,,,,,58856.0,12268.0,59983.0,33862.0,,,57812.4324,22701.4107,71674.0,21297.0,30600.0,8148.0,238160,219801.0,74375.0,143463.0,48140.0,43084.0,34822.0,149.0,5048.0,7166.0,11126.0,30339.0,24506.0,134255.0,54119.0,62154.0,37625.0,tl_2025_34_sldu.zip,https://dev.planscore.org/plan.html?20260308T223524.399051906Z
NJ,36,"SLDUST=""036""",38264.54,41931.82,1747.83,51276.4,38811.52,976.41,44692.56,30673.41,2264.9,,,,51738.95,34120.34,2146.85,35070.16,23131.49,1813.04,,,,,,,,56759.38,42945.36,,,,,55120.46,10938.13,44757.19,30523.46,,,88631.383,34887.443,82775.28,26425.57,31608.67,8013.15,233214,226479.38,78854.03,155375.57,53273.28,36745.21,33961.36,332.5,5488.8,16123.61,17959.5,7748.08,12210.83,143830.64,57695.19,48421.8,32585.97,tl_2025_34_sldu.zip,https://dev.planscore.org/plan.html?20260308T223524.399051906Z
NJ,37,"SLDUST=""037""",57000.31,35215.18,1931.01,72950.0,30892.89,946.0,63013.09,23422.06,2241.01,,,,71404.99,28672.9,1884.0,51577.81,19732.76,1877.0,,,,,,,,81708.0,52243.0,,,,,74379.0,12665.0,33555.0,25182.0,,,103044.624,39183.2277,86050.0,25292.0,42774.0,8742.0,229124,221914.0,75492.0,159650.0,51316.0,38309.0,32401.0,265.0,5331.0,30771.0,24170.0,22140.0,20750.0,152230.0,54250.0,35693.0,25324.0,tl_2025_34_sldu.zip,https://dev.planscore.org/plan.html?20260308T223524.399051906Z
NJ,38,"SLDUST=""038""",52786.0,52806.0,2314.0,67438.0,50533.0,1378.0,54428.0,43680.0,2977.0,,,,66666.0,47556.0,2094.0,44414.0,35096.0,2368.0,,,,,,,,71027.84,46850.81,,,,,50832.53,9585.45,34580.87,23780.28,,,117009.5935,41549.4717,75029.95,22326.43,35687.1,7765.12,224696,216008.59,71004.06,151937.87,47142.43,42433.31,35535.65,365.35,5697.94,24881.86,23477.29,8690.21,13904.62,157744.83,55998.21,31003.03,23794.52,tl_2025_34_sldu.zip,https://dev.planscore.org/plan.html?20260308T223524.399051906Z
NJ,39,"SLDUST=""039""",63294.0,66309.0,2227.0,75782.0,66630.0,1697.0,57018.0,60400.0,3939.0,,,,73391.0,66283.0,1750.0,47116.0,53529.0,2789.0,,,,,,,,95617.69,52739.39,,,,,38010.47,9205.55,27286.06,19650.99,,,142804.7503,43499.2844,81357.83,20936.19,26669.9,7205.88,231428,231675.95,65166.17,159209.18,43027.14,35230.2,28285.57,324.65,5056.77,20342.18,19761.62,3290.47,8064.56,168517.42,52387.79,15443.97,14803.56,tl_2025_34_sldu.zip,https://dev.planscore.org/plan.html?20260308T223524.399051906Z
NJ,40,"SLDUST=""040""",58094.36,67704.93,3558.53,69175.95,67208.03,1618.97,53279.14,59572.31,3529.95,,,,67280.95,65639.09,2090.95,43968.33,51167.48,2713.96,,,,,,,,89652.0,51517.0,,,,,33797.0,8758.0,31370.0,21355.0,,,141009.4232,41905.8147,81007.0,21709.0,24466.0,7107.0,230428,224598.0,64415.0,157020.0,43482.0,33687.0,28144.0,493.0,5359.0,10667.0,13232.0,5648.0,9487.0,168095.0,51468.0,18434.0,15618.0,tl_2025_34_sldu.zip,https://dev.planscore.org/plan.html?20260308T223524.399051906Z
NM,1,"SLDUST=""001""",6020.17,12578.17,0.0,6060.78,11972.33,463.26,3971.18,10551.97,1875.93,,,,5744.3,12118.5,539.82,3987.54,6674.7,2318.01,,,,,,,,5407.35,5612.82,,,,,1263.92,830.41,7453.81,5694.08,,,47692.9165,19496.5007,16195.69,5451.58,368.45,364.4,47078,46246.77,17010.31,28700.63,10179.72,14316.8,10066.46,12131.63,8712.22,269.06,1210.45,248.05,1203.71,33745.09,12220.82,6060.21,4327.96,tl_2025_35_sldu.zip,https://dev.planscore.org/plan.html?20260308T223525.788422819Z
NM,2,"SLDUST=""002""",5029.0,16785.0,0.0,4680.67,16508.04,454.26,3201.51,14216.0,1704.89,,,,4356.71,16578.43,564.64,3456.77,9369.48,2543.31,,,,,,,,5134.56,4650.79,,,,,1404.92,971.21,9695.68,5618.73,,,51952.2735,15391.4784,18141.14,4782.42,516.86,476.28,47318,49584.49,14355.37,32603.18,8785.09,16372.05,10410.57,5290.32,5003.94,83.9,965.76,383.19,1260.81,32948.07,10579.87,6963.6,4346.29,tl_2025_35_sldu.zip,https://dev.planscore.org/plan.html?20260308T223525.788422819Z
NM,3,"SLDUST=""003""",10466.65,7549.96,0.0,11602.14,6336.93,460.24,8645.66,4634.93,2306.59,,,,11184.78,6451.21,635.05,7746.54,2732.35,2441.41,,,,,,,,4058.56,4334.39,,,,,583.99,394.84,10978.04,6270.99,,,34241.2309,10695.1362,15302.45,4105.47,239.59,201.45,47230,49776.08,14832.3,31714.53,8897.14,14868.13,8378.68,25988.94,9373.85,281.34,1270.58,225.29,1237.06,34742.43,9486.88,4003.18,2333.93,tl_2025_35_sldu.zip,https://dev.planscore.org/plan.html?20260308T223525.788422819Z
NM,4,"SLDUST=""004""",9528.35,7481.96,0.0,10883.52,6767.2,488.12,8581.95,4848.77,2184.97,,,,10400.51,7067.2,530.06,8192.66,2899.99,2450.12,,,,,,,,4379.68,4838.93,,,,,289.71,208.88,10094.75,5410.22,,,31972.4758,11459.502,14717.17,4113.79,70.41,97.24,48235,46329.76,12511.79,30184.53,8463.13,11994.8,6821.72,21895.91,7284.82,185.02,1311.77,214.59,1334.86,33791.34,9467.29,5571.2,3467.12,tl_2025_35_sldu.zip,https://dev.planscore.org/plan.html?20260308T223525.788422819Z
NM,5,"SLDUST=""005""",13647.47,7934.55,0.0,15042.98,7133.88,494.46,12409.94,4996.45,2655.32,,,,14377.5,7719.49,520.4,11777.05,3158.36,3008.99,,,,,,,,10672.08,6703.93,,,,,2832.0,952.51,8105.96,4663.9,,,47202.0514,15647.336,17803.22,4466.86,1386.75,601.94,49357,46585.93,12027.36,32157.72,8293.84,12646.25,7741.07,2511.62,1732.78,467.78,1325.13,289.68,1105.22,35321.82,9543.14,19497.93,6939.86,tl_2025_35_sldu.zip,https://dev.planscore.org/plan.html?20260308T223525.788422819Z
NM,6,"SLDUST=""006""",17527.44,7286.6,0.0,18663.99,6675.55,583.52,15147.57,5023.5,3020.58,,,,18117.58,7143.86,569.59,15119.61,3085.85,3515.8,,,,,,,,12112.82,9110.36,,,,,823.49,372.91,9408.8,6227.25,,,50052.1615,22628.5161,18771.05,5611.0,408.51,246.27,51532,49126.05,15799.92,36069.73,11587.64,14645.7,10031.48,2906.33,2452.02,389.18,1502.03,302.12,1238.55,39390.1,13145.34,18837.85,8792.85,tl_2025_35_sldu.zip,https://dev.planscore.org/plan.html?20260308T223525.788422819Z
NM,7,"SLDUST=""007""",4963.0,12282.0,0.0,5146.87,12311.87,378.99,3947.67,10587.39,1506.78,,,,5155.87,11888.87,602.97,3662.77,7049.42,1998.71,,,,,,,,6543.24,6083.12,,,,,3427.58,1649.49,9953.46,6435.56,,,47607.1897,15761.5143,19842.08,5695.81,1049.73,867.24,51810,52198.49,15702.41,33881.03,9919.13,13942.17,9707.5,660.08,1695.39,605.32,1826.16,1922.77,2936.24,36258.23,12052.77,13823.85,8133.2,tl_2025_35_sldu.zip,https://dev.planscore.org/plan.html?20260308T223525.788422819Z
NM,8,"SLDUST=""008""",11694.0,9783.0,0.0,13506.96,9310.63,438.26,11834.17,6934.1,2383.19,,,,13300.26,9481.29,443.15,11680.53,4176.57,2869.52,,,,,,,,7473.12,7533.63,,,,,1203.3,819.94,10651.07,7183.61,,,35725.3312,13351.6848,21494.23,6961.92,506.14,402.97,48310,48431.53,15473.2,35582.1,11324.98,15980.85,11463.31,1232.41,2462.05,147.83,1532.85,424.92,1762.26,40009.19,13794.61,24965.29,11223.67,tl_2025_35_sldu.zip,https://dev.planscore.org/plan.html?20260308T223525.788422819Z
NM,9,"SLDUST=""009""",16336.87,11698.15,0.0,16801.89,11950.77,644.51,12307.96,9887.64,3057.83,,,,15650.48,12977.86,668.87,12417.1,6696.2,3573.1,,,,,,,,13845.17,7681.63,,,,,2272.9,809.71,9611.64,5546.04,,,78487.6407,26924.2456,21789.33,4812.68,1277.4,608.73,51691,53272.46,12655.05,39385.0,9272.24,16153.13,9727.5,2794.73,2552.55,384.29,1117.81,949.58,1729.93,42822.38,10356.74,16667.18,7250.03,tl_2025_35_sldu.zip,https://dev.planscore.org/plan.html?20260308T223525.788422819Z
NM,10,"SLDUST=""010""",17497.43,10318.23,0.0,18221.8,10140.05,628.2,13518.39,8055.36,3153.92,,,,16755.18,11401.67,708.85,13675.86,5204.57,3673.24,,,,,,,,14701.6,8896.8,,,,,3092.79,1753.19,7312.07,4856.27,,,74673.0511,23365.356,20424.85,4967.32,1891.22,1258.19,48840,50735.77,14282.2,36974.82,9790.42,15190.63,9557.12,1360.54,2097.34,935.25,1575.07,1178.74,1950.56,39588.8,11434.48,17678.83,8777.41,tl_2025_35_sldu.zip,https://dev.planscore.org/plan.html?20260308T223525.788422819Z
NM,11,"SLDUST=""011""",8547.0,6145.0,0.0,9880.41,4849.41,274.17,8045.37,3429.47,1519.68,,,,9408.37,5024.64,365.1,6696.54,1963.3,1613.35,,,,,,,,3415.77,3985.7,,,,,9301.06,2967.32,11167.5,6820.12,,,44460.3839,20182.2188,16415.06,4848.17,2647.11,1385.54,50252,50800.26,18405.33,30969.06,10071.79,12327.83,9096.29,1147.52,2111.94,91.76,881.07,819.11,1618.77,30438.26,11653.02,24192.99,10582.03,tl_2025_35_sldu.zip,https://dev.planscore.org/plan.html?20260308T223525.788422819Z
NM,12,"SLDUST=""012""",12955.7,13211.62,0.0,12995.57,12534.89,632.71,8430.2,9638.74,2898.06,,,,11819.68,13542.91,704.52,8488.21,6537.9,3352.1,,,,,,,,11137.49,6976.09,,,,,1550.95,835.86,7681.73,5355.31,,,68453.4884,17988.7411,18474.94,4701.47,939.56,625.02,51681,49147.72,13995.64,33433.62,8995.76,14927.15,9108.62,1579.82,2360.71,1010.5,1644.55,1522.97,2085.81,37895.03,10956.82,14521.42,7274.13,tl_2025_35_sldu.zip,https://dev.planscore.org/plan.html?20260308T223525.788422819Z
NM,13,"SLDUST=""013""",14500.0,6058.0,0.0,15897.17,5630.92,537.39,12673.82,4429.35,2435.29,,,,15111.18,6228.59,605.41,12038.78,2688.21,2516.98,,,,,,,,12244.95,8878.9,,,,,3586.53,1848.66,7617.24,5521.82,,,38013.9272,10752.234,21438.14,5795.45,1564.18,965.52,48663,48384.14,15343.37,35007.96,10893.95,12900.53,8728.87,1525.95,2288.32,1144.89,2039.39,1099.42,1886.1,37192.03,12006.64,17515.37,8616.34,tl_2025_35_sldu.zip,https://dev.planscore.org/plan.html?20260308T223525.788422819Z
NM,14,"SLDUST=""014""",9434.82,7333.85,0.0,10236.08,5910.23,318.81,7673.32,4147.2,1662.19,,,,9675.59,6246.57,395.54,6926.71,2526.99,1669.08,,,,,,,,4819.97,4003.45,,,,,7593.32,2799.69,9650.55,5664.8,,,52915.3243,14677.1081,16045.0,4066.55,2437.04,1213.89,49425,48691.8,14465.46,30412.85,8448.17,11878.24,7729.02,1134.25,1837.7,367.01,1055.08,709.65,1434.24,31625.43,10214.66,23148.84,9045.83,tl_2025_35_sldu.zip,https://dev.planscore.org/plan.html?20260308T223525.788422819Z
NM,15,"SLDUST=""015""",13421.0,8165.0,0.0,14266.77,8430.9,660.39,10537.02,7409.78,3078.22,,,,13136.99,9295.59,800.31,10304.75,4641.02,3246.45,,,,,,,,12510.48,8542.06,,,,,3398.38,2095.99,7276.47,5270.89,,,58064.6926,19040.6256,22648.9,6189.5,1504.43,1138.21,49645,49271.01,15087.46,35534.71,10718.86,17246.46,11509.52,2824.09,3657.59,679.04,1722.13,2249.61,2920.19,37465.35,11186.7,13094.9,6906.26,tl_2025_35_sldu.zip,https://dev.planscore.org/plan.html?20260308T223525.788422819Z
NM,16,"SLDUST=""016""",18453.0,5337.0,0.0,19128.47,5387.84,664.57,15551.73,4490.39,2759.77,,,,18177.02,6063.51,752.69,15278.37,2861.57,2590.95,,,,,,,,17818.66,11958.47,,,,,2266.27,996.37,4912.55,4635.61,,,64287.2678,20944.2957,21695.13,6095.17,999.3,563.06,50706,49346.08,15005.37,33331.08,10577.79,10856.24,8538.91,1886.99,2890.52,1337.23,2075.36,1679.48,2590.45,38327.63,11498.58,11363.66,6127.72,tl_2025_35_sldu.zip,https://dev.planscore.org/plan.html?20260308T223525.788422819Z
NM,17,"SLDUST=""017""",8533.0,4758.0,0.0,9590.7,4875.35,396.03,7199.16,3863.5,1835.64,,,,8947.63,5201.4,503.03,6632.22,2321.92,1671.25,,,,,,,,6794.29,6477.04,,,,,3420.76,1316.05,9779.1,7470.43,,,39375.3388,15806.2634,20389.28,6060.73,1137.96,575.23,49032,49446.7,17831.49,32770.72,11034.68,14376.3,10203.84,2039.74,3095.64,1592.83,2521.91,1415.03,2312.78,32298.22,11125.21,14536.67,7582.61,tl_2025_35_sldu.zip,https://dev.planscore.org/plan.html?20260308T223525.788422819Z
NM,18,"SLDUST=""018""",16082.0,10140.0,0.0,16651.29,10913.94,739.37,12254.28,9516.57,3672.25,,,,15200.24,12178.15,803.22,12224.12,6312.32,3901.25,,,,,,,,17209.67,11407.24,,,,,3523.48,1916.59,7194.17,5442.73,,,58469.2108,19044.4832,23832.77,6649.37,2224.51,1365.31,51764,52923.3,16142.93,38398.7,11159.9,15237.94,10072.2,1907.69,2951.46,1314.03,2221.99,1395.7,2274.71,43319.47,13050.3,13956.72,7939.73,tl_2025_35_sldu.zip,https://dev.planscore.org/plan.html?20260308T223525.788422819Z
NM,19,"SLDUST=""019""",14065.0,16461.0,0.0,13901.0,16360.0,843.0,10041.56,13435.2,3578.88,,,,12617.0,17652.0,782.0,10625.72,9702.93,4171.78,,,,,,,,16189.56,9169.74,,,,,1878.52,1052.56,8009.98,4938.9,,,65372.4249,21855.7865,21343.35,5268.15,1286.25,781.63,50289,52126.67,13795.98,39461.83,10085.99,16537.74,10011.28,1187.22,1928.9,852.38,1607.08,401.98,1254.25,41851.0,11042.89,10157.18,5217.75,tl_2025_35_sldu.zip,https://dev.planscore.org/plan.html?20260308T223525.788422819Z
NM,20,"SLDUST=""020""",14860.0,10095.0,0.0,15497.05,10806.9,752.83,10871.25,9315.1,3646.79,,,,13945.54,12105.45,830.78,11097.78,6059.15,3840.86,,,,,,,,13248.96,8695.53,,,,,2287.79,1289.26,8363.44,5641.92,,,64392.4984,21170.5188,22088.59,5510.07,1568.2,958.58,50847,51324.53,14255.31,37152.18,9630.79,15993.97,10047.71,2414.63,3268.82,1195.83,2036.16,1275.37,2228.06,41323.44,11912.62,13118.89,6854.75,tl_2025_35_sldu.zip,https://dev.planscore.org/plan.html?20260308T223525.788422819Z
NM,21,"SLDUST=""021""",16365.0,13721.0,0.0,16363.0,14738.0,745.0,11483.33,12786.87,3612.08,,,,14528.0,16515.0,680.0,11829.33,9009.67,4188.4,,,,,,,,21822.44,11641.37,,,,,3845.29,1502.04,5166.41,4187.62,,,103764.164,31436.8668,20543.1,5013.84,2142.31,999.79,51801,51477.82,13926.01,37249.27,9323.44,10670.62,7358.28,1091.42,1910.37,2828.32,3066.01,528.46,1407.46,39663.55,10766.29,9726.06,5310.4,tl_2025_35_sldu.zip,https://dev.planscore.org/plan.html?20260308T223525.788422819Z
NM,22,"SLDUST=""022""",11451.93,7581.76,0.0,13250.52,6718.91,513.77,10108.03,4453.32,2524.11,,,,12597.92,7229.58,539.14,9557.68,2725.45,2600.7,,,,,,,,5113.52,4347.62,,,,,830.07,793.03,11783.18,5545.49,,,30539.4206,10117.4068,15275.87,3707.98,436.33,486.05,49066,51429.65,13210.34,33844.74,8666.76,12558.74,6273.22,22713.1,7447.26,392.25,1309.26,254.43,1214.17,37642.58,10664.65,7198.99,4078.17,tl_2025_35_sldu.zip,https://dev.planscore.org/plan.html?20260308T223525.788422819Z
NM,23,"SLDUST=""023""",14126.0,11254.0,0.0,14166.82,10106.01,533.62,9329.93,7780.05,2623.87,,,,12827.97,11198.06,609.08,9358.69,5158.79,2994.46,,,,,,,,12173.75,8355.11,,,,,1013.21,621.23,6621.56,4937.33,,,71158.8775,23099.5462,19609.83,5888.68,667.87,450.96,51288,50043.68,14668.44,33734.67,10204.4,16297.69,11082.95,2041.4,2901.9,885.7,1530.13,1172.49,1723.11,37087.31,11484.53,17460.31,7808.33,tl_2025_35_sldu.zip,https://dev.planscore.org/plan.html?20260308T223525.788422819Z
NM,24,"SLDUST=""024""",16945.0,5317.0,0.0,17420.63,4365.46,406.44,13848.92,3159.55,1807.94,,,,16903.09,4668.95,491.49,13463.35,1893.05,2155.85,,,,,,,,10294.88,6381.22,,,,,5233.31,1974.28,9283.62,5384.46,,,56633.8182,16608.3737,19777.59,4506.96,1525.11,883.35,51146,50466.73,12969.38,34139.75,8574.05,11369.78,7821.75,980.13,1617.37,609.3,1383.64,517.43,1160.28,34584.7,9513.92,18600.16,7408.32,tl_2025_35_sldu.zip,https://dev.planscore.org/plan.html?20260308T223525.788422819Z
NM,25,"SLDUST=""025""",28212.0,6004.0,0.0,28593.38,5865.11,518.0,23992.9,4969.97,2301.14,,,,27753.29,6479.19,579.99,23794.86,3386.0,2774.68,,,,,,,,23637.75,11815.16,,,,,3612.05,1662.09,6597.97,5063.96,,,72140.7039,22732.5171,23824.87,5573.79,1491.21,859.63,51100,49008.2,11639.82,40870.64,9433.49,11853.36,7405.13,1221.0,1934.36,730.51,1686.6,405.03,1379.66,45485.8,10583.73,11924.2,5945.84,tl_2025_35_sldu.zip,https://dev.planscore.org/plan.html?20260308T223525.788422819Z
NM,26,"SLDUST=""026""",12225.0,8332.0,0.0,13303.05,7241.29,488.03,9840.33,5295.8,2148.9,,,,12510.37,7784.83,551.29,9376.08,3196.59,2287.66,,,,,,,,7464.99,5761.26,,,,,2460.51,1202.77,11714.19,7841.3,,,53092.032,15801.5048,18380.02,4823.83,1470.27,811.89,51330,51358.45,16728.63,34397.62,10422.32,13323.49,9023.05,1300.29,1971.88,719.34,1524.39,967.27,1767.16,36790.18,12084.38,24719.94,10446.7,tl_2025_35_sldu.zip,https://dev.planscore.org/plan.html?20260308T223525.788422819Z
NM,27,"SLDUST=""027""",4976.03,14738.7,0.0,5043.04,14682.94,407.94,3927.87,12494.57,1614.2,,,,4791.11,14630.0,534.88,3880.71,8567.22,2384.36,,,,,,,,7796.68,6241.53,,,,,4950.29,2069.67,8542.79,5709.04,,,50208.0,17170.1171,18908.79,5412.34,1851.19,1142.79,51838,51578.67,15563.13,31928.67,9251.6,14106.2,9264.85,541.04,1564.81,430.05,1446.13,695.68,1707.79,37583.3,11288.09,15074.37,7879.92,tl_2025_35_sldu.zip,https://dev.planscore.org/plan.html?20260308T223525.788422819Z
NM,28,"SLDUST=""028""",10196.86,10517.77,0.0,10916.81,10102.26,393.42,9400.44,7972.59,1818.41,,,,10564.46,10053.66,527.62,9559.75,5296.46,2180.87,,,,,,,,6784.18,6152.13,,,,,3635.2,1337.01,10567.69,6482.23,,,36599.5111,13773.5815,19784.21,5687.6,1390.45,772.29,51528,49393.61,14985.01,33821.3,9180.87,13072.51,8940.65,792.36,1882.16,246.59,1272.59,603.95,1599.06,37113.14,11909.43,18904.94,9017.0,tl_2025_35_sldu.zip,https://dev.planscore.org/plan.html?20260308T223525.788422819Z
NM,29,"SLDUST=""029""",9661.78,13240.44,0.0,10431.75,12427.46,503.98,8234.77,9731.24,2717.97,,,,9802.78,12886.43,583.99,8753.26,6478.19,3219.66,,,,,,,,7937.35,7595.86,,,,,2104.37,1239.69,12036.88,7688.53,,,45171.0553,19249.744,18732.46,5481.85,813.03,603.13,51784,52649.46,17281.58,35758.07,10955.09,13022.24,9895.14,1053.2,2154.38,342.22,1413.82,547.22,1605.9,39396.82,12893.18,21790.6,10138.44,tl_2025_35_sldu.zip,https://dev.planscore.org/plan.html?20260308T223525.788422819Z
NM,30,"SLDUST=""030""",9398.51,8177.85,0.0,9651.36,6831.08,342.08,7090.69,5113.54,1852.64,,,,8931.4,7419.98,383.11,7236.5,3256.48,2172.98,,,,,,,,5057.8,4452.77,,,,,1808.15,880.58,11112.14,5937.24,,,44155.8612,10814.3764,13885.67,3452.05,508.25,406.83,48020,48757.91,13789.61,32942.85,9062.24,15082.74,8100.83,14159.66,5789.55,207.69,1054.48,698.19,1411.19,36487.75,10662.45,12799.27,5851.02,tl_2025_35_sldu.zip,https://dev.planscore.org/plan.html?20260308T223525.788422819Z
NM,31,"SLDUST=""031""",6940.0,5882.0,0.0,8314.19,4580.71,258.61,7045.26,2920.02,713.14,,,,8273.78,4128.81,431.7,5672.71,2141.65,706.49,,,,,,,,5908.8,5752.1,,,,,8777.45,1789.53,6822.92,5157.79,,,43488.2163,17721.5126,16699.99,5198.94,4354.0,1061.73,51414,52099.66,17369.12,30572.15,10053.07,9911.17,8130.66,256.23,1002.8,80.09,930.68,375.65,1246.29,31092.9,11071.6,26417.82,10539.75,tl_2025_35_sldu.zip,https://dev.planscore.org/plan.html?20260308T223525.788422819Z
NM,32,"SLDUST=""032""",4132.98,11274.72,0.0,4608.57,11117.84,275.86,4169.23,8520.85,1320.76,,,,4599.62,10791.1,366.02,3850.4,5560.02,1724.34,,,,,,,,3888.12,4883.57,,,,,5562.26,2171.25,9328.68,6851.86,,,47964.6046,18248.5233,18443.54,6241.33,2134.68,1193.55,51897,51065.85,18011.23,31375.83,10606.53,12641.71,9411.67,674.08,1704.66,140.09,1319.03,611.36,1775.84,33050.47,13045.93,18441.48,10405.36,tl_2025_35_sldu.zip,https://dev.planscore.org/plan.html?20260308T223525.788422819Z
NM,33,"SLDUST=""033""",7589.0,14668.0,0.0,7663.91,14550.27,456.04,5657.9,12544.09,1923.77,,,,7112.91,14818.23,580.07,6173.82,8733.54,2483.48,,,,,,,,7769.22,7697.76,,,,,1648.24,924.93,11616.88,8166.3,,,50128.259,14746.6979,20235.99,6665.85,891.52,608.34,51905,52420.78,17714.8,37481.7,12722.13,17998.08,12677.28,3420.93,2988.57,384.02,1674.54,1317.06,2501.83,39703.35,13523.21,10491.59,6596.35,tl_2025_35_sldu.zip,https://dev.planscore.org/plan.html?20260308T223525.788422819Z
NM,34,"SLDUST=""034""",5360.87,12957.83,0.0,5424.29,12419.11,382.17,4260.52,9755.98,1362.57,,,,5132.52,12350.28,510.51,4297.12,6797.59,1683.08,,,,,,,,5869.14,6245.78,,,,,1835.01,1135.55,9610.78,6759.58,,,64543.8137,24354.3031,18018.69,5855.82,707.02,533.53,51533,50311.12,17231.76,32591.05,10637.01,15752.47,11904.16,834.59,1735.38,603.61,1584.15,1550.67,2460.45,39168.74,13808.36,14241.11,8595.27,tl_2025_35_sldu.zip,https://dev.planscore.org/plan.html?20260308T223525.788422819Z
NM,35,"SLDUST=""035""",10987.03,14390.08,0.0,10305.11,13291.38,509.65,7415.59,10567.71,2087.44,,,,9876.39,13280.03,733.43,7994.02,7590.66,2605.93,,,,,,,,8303.49,7421.73,,,,,1260.06,675.79,9828.19,6837.87,,,39846.4884,15413.0429,19138.85,6231.07,500.56,408.67,51861,49632.18,16468.14,34594.48,11028.6,13772.76,10101.38,749.98,1821.68,468.05,1525.48,457.37,1702.5,37755.26,12704.72,15020.68,7993.51,tl_2025_35_sldu.zip,https://dev.planscore.org/plan.html?20260308T223525.788422819Z
NM,36,"SLDUST=""036""",10770.0,9303.0,0.0,11402.63,8220.41,483.89,9079.44,6674.18,2019.07,,,,11193.92,7929.02,741.3,8504.22,4578.15,2205.38,,,,,,,,7548.27,6702.82,,,,,3397.55,1245.35,7907.33,5761.46,,,37629.8939,19038.1029,18659.21,5755.95,1496.19,695.51,51075,48922.14,16979.6,30215.91,9589.95,12351.52,9438.21,707.23,1541.58,202.89,1107.86,823.13,1810.22,35397.06,11800.15,21660.3,9657.38,tl_2025_35_sldu.zip,https://dev.planscore.org/plan.html?20260308T223525.788422819Z
NM,37,"SLDUST=""037""",12833.0,9503.0,0.0,12959.85,8959.63,552.12,9667.56,7269.64,2081.21,,,,12516.43,8946.38,759.09,9434.1,5286.72,2238.28,,,,,,,,13426.18,11358.8,,,,,2425.37,1177.51,5431.79,5608.51,,,63616.0,23489.0403,18862.72,6992.69,1003.08,531.93,49392,47409.63,19309.55,30063.28,12184.07,10236.16,9342.69,424.67,1367.26,1148.03,2025.52,931.0,1900.5,38395.69,14186.36,18494.96,10561.1,tl_2025_35_sldu.zip,https://dev.planscore.org/plan.html?20260308T223525.788422819Z
NM,38,"SLDUST=""038""",9689.0,7360.0,0.0,10456.61,6443.1,380.94,8928.0,5173.51,1669.29,,,,10300.08,6162.08,610.47,7788.44,3535.92,1880.17,,,,,,,,8271.49,7332.45,,,,,2414.57,966.57,5897.69,4880.36,,,44666.9596,15765.1864,17999.28,6046.96,1102.7,533.81,49591,50340.72,17751.35,30019.15,10617.88,11473.64,9000.93,593.26,1519.5,105.5,1098.79,621.06,1638.56,34410.3,12528.94,21259.96,10334.1,tl_2025_35_sldu.zip,https://dev.planscore.org/plan.html?20260308T223525.788422819Z
NM,39,"SLDUST=""039""",14084.0,8250.0,0.0,14424.47,7591.73,368.3,11569.56,5783.88,1897.97,,,,13959.71,7936.59,389.37,11404.78,3845.03,2225.43,,,,,,,,9417.25,6398.16,,,,,4230.24,1712.02,9160.94,5790.73,,,41458.8711,16878.1086,17871.02,4792.82,1507.13,759.39,51471,49925.81,15207.83,35057.22,9846.83,13602.54,9098.82,808.51,1870.56,162.19,1109.07,702.69,1497.63,35306.7,10421.72,17385.88,7674.93,tl_2025_35_sldu.zip,https://dev.planscore.org/plan.html?20260308T223525.788422819Z
NM,40,"SLDUST=""040""",12894.0,13846.0,0.0,11574.94,12229.38,590.62,6946.64,8806.6,2434.38,,,,10658.15,12992.22,623.46,7387.87,6192.83,2931.79,,,,,,,,10567.5,6297.41,,,,,1064.64,503.04,7348.54,4566.77,,,59330.8667,17066.7846,16634.94,3537.46,732.91,399.84,51827,48117.34,11730.39,31391.95,7043.01,13523.98,7424.0,2523.87,2909.21,931.17,1490.75,811.86,1357.06,39240.84,9108.33,15347.41,6438.08,tl_2025_35_sldu.zip,https://dev.planscore.org/plan.html?20260308T223525.788422819Z
NM,41,"SLDUST=""041""",3196.1,10576.05,0.0,3385.81,9841.02,192.63,3603.1,6860.32,841.6,,,,3389.76,9348.38,328.03,2964.86,4410.07,1118.09,,,,,,,,2859.54,4396.53,,,,,8588.41,2714.92,10021.12,6843.95,,,68436.7824,26227.1166,16294.17,5805.63,2241.03,1174.67,51779,49076.48,18345.98,29063.94,10417.82,10119.46,8597.55,294.51,1434.25,124.25,1187.02,1625.44,2680.8,29202.93,12202.41,16530.19,9742.49,tl_2025_35_sldu.zip,https://dev.planscore.org/plan.html?20260308T223525.788422819Z
NM,42,"SLDUST=""042""",3203.8,15083.63,0.0,3296.15,14758.92,300.74,2789.36,11617.64,1108.39,,,,3175.98,14562.73,390.82,2685.09,8507.49,1472.16,,,,,,,,6656.99,5968.3,,,,,4724.01,2129.17,8802.03,5678.31,,,86998.6669,29563.0882,16313.53,5175.85,1742.89,1100.34,51154,47765.79,15630.57,30444.34,9388.34,11754.51,8135.77,555.98,1302.46,181.66,1024.33,839.13,1718.07,32446.82,10407.87,12096.72,6278.48,tl_2025_35_sldu.zip,https://dev.planscore.org/plan.html?20260308T223525.788422819Z
ND,1,"SLDUST=""001""",1135.29,5235.96,182.03,1001.51,4527.78,193.85,820.93,4096.5,463.83,,,,,,,1401.58,3246.53,31.58,508.67,4560.44,267.55,,,,,3059.96,2745.63,,,,,497.21,360.33,3295.76,2240.71,,,85186.3956,43191.0879,6799.81,2110.15,91.96,116.02,15976,16633.32,5469.4,10825.8,3446.39,3862.83,3018.86,409.67,665.42,25.25,277.41,243.12,448.99,11526.53,4153.95,312.58,483.36,tl_2025_38_sldu.zip,https://dev.planscore.org/plan.html?20260308T223539.503764193Z
ND,2,"SLDUST=""002""",1023.52,6601.77,142.85,1024.54,6527.0,186.14,945.82,5853.56,442.34,,,,,,,1643.08,4799.84,25.45,585.68,6307.48,291.4,,,,,1710.09,970.22,,,,,408.32,224.36,2932.97,1066.3,,,81967.6856,16825.3871,5510.88,989.65,195.04,160.34,16467,13798.3,2140.09,9265.55,1464.09,4418.95,1753.22,518.8,548.37,92.77,255.56,187.15,371.44,10742.54,2181.12,625.88,484.94,tl_2025_38_sldu.zip,https://dev.planscore.org/plan.html?20260308T223539.503764193Z
ND,3,"SLDUST=""003""",1516.26,4446.25,165.65,1545.84,4662.72,250.05,1287.12,4455.79,770.32,,,,,,,2061.18,3519.89,53.58,752.17,5324.81,379.8,,,,,2432.93,1754.5,,,,,256.99,153.52,2987.47,1668.02,,,67255.7874,23427.1554,5886.14,1397.32,107.42,92.06,15796,14318.79,3786.97,9519.61,2493.91,3202.99,2074.33,524.79,604.51,165.07,377.24,357.7,573.35,11342.5,2890.34,616.35,608.73,tl_2025_38_sldu.zip,https://dev.planscore.org/plan.html?20260308T223539.503764193Z
ND,4,"SLDUST=""004""",2257.09,4727.07,134.39,2465.73,4634.86,135.38,2268.33,4193.69,570.98,,,,,,,3183.71,3484.64,21.56,1634.24,5031.1,340.2,,,,,2090.65,1158.77,,,,,209.85,128.27,3383.04,1194.98,,,75831.7281,12820.3053,5845.18,997.92,105.27,83.85,16469,15522.69,2507.98,10178.41,1608.06,4035.21,1626.0,2730.86,849.52,62.09,275.73,147.45,375.05,11163.13,1951.12,352.05,349.06,tl_2025_38_sldu.zip,https://dev.planscore.org/plan.html?20260308T223539.503764193Z
ND,5,"SLDUST=""005""",2095.74,4953.8,185.55,2110.56,4746.3,257.63,1759.86,4598.91,761.11,,,,,,,2526.65,3693.85,45.08,928.96,5854.21,307.11,,,,,3031.64,2337.84,,,,,207.74,145.57,3756.71,2270.72,,,69140.5053,24330.5932,7601.59,2052.45,94.53,90.88,16307,16515.7,4823.59,11108.68,2924.32,4601.41,3511.13,332.53,660.71,200.0,502.57,604.07,1004.71,12803.91,3985.26,494.1,639.22,tl_2025_38_sldu.zip,https://dev.planscore.org/plan.html?20260308T223539.503764193Z
ND,6,"SLDUST=""006""",1665.73,7438.76,213.05,1982.14,7719.77,228.76,1762.41,7147.99,785.11,,,,,,,2916.03,6024.04,43.53,1005.56,8369.79,374.32,,,,,2818.27,1438.04,,,,,305.22,181.72,3911.31,1383.71,,,71234.1892,12786.4925,7738.92,1241.82,187.1,147.7,17308,17915.16,2994.71,12526.52,1994.42,5210.45,1993.91,333.59,456.85,35.19,344.83,74.11,374.88,13214.38,2118.83,153.85,208.82,tl_2025_38_sldu.zip,https://dev.planscore.org/plan.html?20260308T223539.503764193Z
ND,7,"SLDUST=""007""",2336.58,7134.21,236.2,2273.46,6532.11,247.66,1550.63,5655.21,647.62,,,,,,,2702.21,5068.28,55.55,947.28,6593.26,307.75,,,,,4288.4,2390.59,,,,,234.4,176.46,2192.37,1408.73,,,96783.0065,20145.5195,6721.31,1610.41,109.73,90.28,16986,15950.14,3997.74,10910.37,2662.97,3124.02,2011.59,86.68,249.16,148.44,290.59,245.0,418.19,12533.84,2997.79,163.42,242.8,tl_2025_38_sldu.zip,https://dev.planscore.org/plan.html?20260308T223539.503764193Z
ND,8,"SLDUST=""008""",1685.24,8434.28,250.54,1636.96,7839.44,257.36,1232.75,7114.44,620.03,,,,,,,2307.98,6239.3,61.36,815.22,7744.47,373.72,,,,,2998.48,1588.86,,,,,123.94,72.88,2533.94,1130.94,,,75714.0,13821.3424,5818.17,1062.55,75.73,52.27,17385,16047.8,2944.83,10464.45,1871.29,3840.01,2026.66,331.28,406.56,72.08,258.02,19.28,231.14,12492.12,2331.16,290.76,361.58,tl_2025_38_sldu.zip,https://dev.planscore.org/plan.html?20260308T223539.503764193Z
ND,9,"SLDUST=""009""",3254.44,2294.41,111.62,3163.31,2076.1,99.16,2804.93,1912.92,630.45,,,,,,,5268.86,1621.38,18.66,2186.0,2816.85,318.71,,,,,2108.71,1524.23,,,,,73.14,94.9,3062.24,1553.41,,,54271.5397,10690.861,6222.01,1181.39,38.1,63.15,17344,20284.77,4098.4,11598.0,2336.42,5485.61,2702.14,7768.27,2600.97,48.51,368.87,47.83,346.14,11256.39,2605.29,108.63,210.73,tl_2025_38_sldu.zip,https://dev.planscore.org/plan.html?20260308T223539.503764193Z
ND,10,"SLDUST=""010""",3116.6,3064.86,171.06,3399.87,3128.11,265.98,2342.85,2648.68,705.23,,,,,,,3408.33,2165.93,39.05,1327.23,3919.79,339.29,,,,,3552.64,2887.91,,,,,1358.25,348.77,1904.1,1763.15,,,53756.2071,15361.6183,7595.81,2206.0,329.13,187.36,16660,15982.2,5213.37,9805.44,3304.3,3327.89,2459.8,194.0,404.38,225.0,480.38,785.93,997.49,12224.69,3980.87,248.11,376.94,tl_2025_38_sldu.zip,https://dev.planscore.org/plan.html?20260308T223539.503764193Z
ND,11,"SLDUST=""011""",4193.48,3298.64,238.98,4358.44,3348.56,275.32,3659.22,3462.37,983.69,,,,,,,4894.16,2821.58,52.65,2259.48,5208.5,527.56,,,,,3738.2,2679.3,,,,,915.2,540.6,2921.66,1947.63,,,59801.6769,18044.8218,8334.78,2015.97,305.93,260.61,16529,16683.03,4324.51,11809.49,3110.89,4641.25,3221.09,275.57,499.15,85.52,341.36,594.75,915.04,12760.21,3642.04,239.05,331.14,tl_2025_38_sldu.zip,https://dev.planscore.org/plan.html?20260308T223539.503764193Z
ND,12,"SLDUST=""012""",2094.33,4714.72,202.43,2088.62,4615.9,217.93,1959.2,4594.1,741.12,,,,,,,3060.03,3663.99,45.76,1060.79,5893.89,270.27,,,,,2518.12,1938.49,,,,,71.5,60.85,3543.48,1928.04,,,63913.2774,16017.5038,6573.29,1791.43,19.83,33.04,15845,15524.95,4078.44,10524.01,2816.0,4189.12,2821.69,270.37,446.46,89.48,373.11,239.89,409.53,12441.04,3175.49,262.68,343.67,tl_2025_38_sldu.zip,https://dev.planscore.org/plan.html?20260308T223539.503764193Z
ND,13,"SLDUST=""013""",3799.11,4810.18,238.27,3768.93,4545.13,300.94,3072.53,4447.33,870.67,,,,,,,4452.92,3424.79,54.27,1594.97,6303.51,434.69,,,,,4032.83,2536.09,,,,,365.89,218.06,2525.04,1585.43,,,70369.5366,14294.8365,7197.27,1686.47,196.38,161.03,16790,17599.6,4865.76,11869.32,2934.98,4707.03,2688.97,183.39,382.51,254.19,478.28,170.12,486.22,13373.54,3532.33,240.24,367.23,tl_2025_38_sldu.zip,https://dev.planscore.org/plan.html?20260308T223539.503764193Z
ND,14,"SLDUST=""014""",1726.73,6944.76,160.66,1916.31,7245.63,188.28,1725.4,6699.17,684.34,,,,,,,2866.69,5742.32,38.77,1024.11,7849.62,306.33,,,,,2655.1,1553.39,,,,,97.38,79.01,3894.46,1515.99,,,61270.7628,13679.6509,7619.61,1296.09,52.99,80.13,16170,16379.19,2812.45,11846.59,1907.23,4758.02,2191.61,322.16,577.4,57.2,419.47,26.18,394.69,12494.58,1969.15,187.96,266.97,tl_2025_38_sldu.zip,https://dev.planscore.org/plan.html?20260308T223539.503764193Z
ND,15,"SLDUST=""015""",2214.66,5644.63,176.67,2349.67,5652.0,221.91,2205.52,5077.38,845.48,,,,,,,3468.63,4273.61,68.96,1289.02,6661.23,296.12,,,,,2812.67,2126.2,,,,,418.48,252.9,3176.59,1617.25,,,56184.0155,14458.9136,7561.52,1753.18,100.16,130.17,16967,16981.64,3810.26,11717.13,2561.08,4273.86,2498.01,991.84,1089.52,139.77,411.16,112.99,487.83,12712.54,2985.36,224.49,361.04,tl_2025_38_sldu.zip,https://dev.planscore.org/plan.html?20260308T223539.503764193Z
ND,16,"SLDUST=""016""",3267.55,4732.96,209.86,3146.13,3745.81,268.49,1829.49,2899.36,659.05,,,,,,,2971.57,2587.9,28.01,1026.13,4014.03,303.56,,,,,4926.47,3114.11,,,,,,,627.93,677.54,,,103661.0,43623.0,5496.77,1647.37,,,16615,14113.66,4757.82,8243.25,2849.4,2446.48,2533.7,321.82,415.65,340.26,474.25,275.53,513.57,10593.45,3200.71,100.0,161.47,tl_2025_38_sldu.zip,https://dev.planscore.org/plan.html?20260308T223539.503764193Z
ND,17,"SLDUST=""017""",3490.0,5124.64,214.75,3347.33,4582.21,250.67,2603.21,4058.8,636.88,,,,,,,3685.79,3565.75,19.87,1722.5,5332.1,197.35,,,,,4300.37,2562.46,,,,,168.68,87.9,1637.43,1139.93,,,101910.3129,22635.2107,6323.37,1484.49,72.34,55.31,16067,14767.95,3888.98,9606.05,2275.48,4313.22,2668.08,218.51,445.25,83.04,297.41,355.8,630.91,11487.88,2975.12,417.16,529.95,tl_2025_38_sldu.zip,https://dev.planscore.org/plan.html?20260308T223539.503764193Z
ND,18,"SLDUST=""018""",2979.01,3538.24,206.86,3182.56,3410.5,290.74,2747.66,3409.05,809.12,,,,,,,3826.37,2630.29,58.02,2169.02,4358.45,325.58,,,,,3165.86,2318.69,,,,,424.85,290.14,2772.57,1746.54,,,67641.2496,20061.7418,7248.27,1783.33,219.96,201.64,16196,15109.24,3949.18,10028.88,2704.43,3613.46,2292.52,619.47,842.35,149.41,464.91,299.35,616.73,12420.08,3010.1,671.2,647.46,tl_2025_38_sldu.zip,https://dev.planscore.org/plan.html?20260308T223539.503764193Z
ND,19,"SLDUST=""019""",1854.2,5470.94,188.14,2088.93,5751.3,208.01,1830.38,5166.98,730.19,,,,,,,3039.44,4333.11,40.75,1188.28,6393.25,251.17,,,,,2403.09,1611.16,,,,,661.85,345.44,4003.28,1653.62,,,66194.8375,13709.6648,7877.5,1442.32,331.54,212.82,17231,17187.05,2933.88,12392.0,2081.91,4821.76,2190.56,425.06,675.3,55.67,452.04,87.61,487.13,12869.76,2217.57,822.37,670.69,tl_2025_38_sldu.zip,https://dev.planscore.org/plan.html?20260308T223539.503764193Z
ND,20,"SLDUST=""020""",2528.13,6084.82,231.96,2701.16,5731.05,260.07,2265.55,5304.28,866.52,,,,,,,3791.76,4177.94,42.97,1415.57,6714.19,335.32,,,,,3393.68,1727.28,,,,,262.24,186.95,2933.72,1232.49,,,67476.506,13649.639,6854.43,1212.4,108.57,99.54,17126,16676.97,3039.6,11447.88,2069.38,4644.44,2033.25,222.08,463.26,88.08,376.34,151.74,438.85,12764.94,2245.18,277.27,381.73,tl_2025_38_sldu.zip,https://dev.planscore.org/plan.html?20260308T223539.503764193Z
ND,21,"SLDUST=""021""",3313.85,2589.02,187.65,3723.2,2440.96,241.49,3247.56,2598.66,946.63,,,,,,,4284.09,1928.66,64.85,2207.32,3835.44,534.97,,,,,3399.69,2616.79,,,,,2317.06,803.47,2997.0,1912.23,,,47102.8151,16823.284,8440.9,2284.67,547.58,346.54,16684,17504.33,4790.33,12500.68,3417.68,5223.29,3360.49,508.43,654.24,178.07,476.49,658.98,873.44,13391.4,3936.29,502.78,554.45,tl_2025_38_sldu.zip,https://dev.planscore.org/plan.html?20260308T223539.503764193Z
ND,22,"SLDUST=""022""",3109.93,6285.15,329.34,2833.73,5258.29,277.45,2114.36,4553.05,868.01,,,,,,,3653.24,3604.84,39.5,1103.66,6095.62,334.38,,,,,3710.28,2148.82,,,,,53.76,49.82,2391.94,1424.92,,,82218.0553,11101.4561,5857.31,1531.37,35.53,43.35,16178,15319.97,3611.4,10166.7,2356.34,3846.46,2411.95,147.99,277.37,76.17,271.97,115.43,333.03,11527.57,2567.42,341.98,394.26,tl_2025_38_sldu.zip,https://dev.planscore.org/plan.html?20260308T223539.503764193Z
ND,23,"SLDUST=""023""",676.66,3863.23,92.84,731.95,3908.22,141.01,509.25,3143.94,329.83,,,,,,,898.34,2600.63,18.97,396.65,3236.09,245.04,,,,,2249.21,1447.41,,,,,23.38,19.47,2356.97,1525.64,,,95457.3102,30488.4167,5726.18,1554.68,6.11,6.57,16299,13822.69,3932.52,8446.9,2381.39,3304.76,2252.09,764.1,828.86,32.44,119.91,602.73,813.35,9663.39,2987.08,1305.32,804.87,tl_2025_38_sldu.zip,https://dev.planscore.org/plan.html?20260308T223539.503764193Z
ND,24,"SLDUST=""024""",2580.43,5190.29,214.95,2765.0,4986.0,268.0,2435.0,4370.0,898.0,,,,,,,3916.0,3397.0,40.0,1298.0,6095.0,313.0,,,,,3053.0,1903.0,,,,,419.0,350.0,3587.0,1689.0,,,70828.599,18245.2724,7419.0,1542.0,119.0,156.0,16556,15850.0,3320.0,11250.0,2341.0,4056.0,2314.0,261.0,569.0,55.0,416.0,148.0,468.0,12820.0,2689.0,200.0,295.0,tl_2025_38_sldu.zip,https://dev.planscore.org/plan.html?20260308T223539.503764193Z
ND,25,"SLDUST=""025""",2486.0,5616.62,215.27,2532.03,5107.81,232.06,2088.33,4797.99,767.43,,,,,,,3981.33,3335.97,48.23,1133.99,6115.09,374.21,,,,,2348.18,1353.33,,,,,149.53,138.76,2738.76,1118.74,,,72363.0561,12912.3708,6848.49,1100.81,104.56,113.47,16598,16335.47,2542.59,10584.1,1683.66,4061.62,1728.03,399.48,530.7,57.48,293.7,162.0,368.96,12890.71,1911.25,317.0,394.48,tl_2025_38_sldu.zip,https://dev.planscore.org/plan.html?20260308T223539.503764193Z
ND,26,"SLDUST=""026""",654.18,5856.75,101.86,616.87,5965.98,149.9,546.91,5032.8,340.43,,,,,,,1033.8,4187.37,18.9,361.74,5270.43,223.47,,,,,2583.13,1797.85,,,,,358.09,171.27,3166.01,1686.83,,,81192.6369,22469.4591,5435.77,1326.07,298.12,149.7,15749,15991.89,4218.18,10050.4,2701.51,3901.27,2149.56,531.08,520.36,144.02,410.96,337.16,397.8,11060.42,2596.23,756.59,546.92,tl_2025_38_sldu.zip,https://dev.planscore.org/plan.html?20260308T223539.503764193Z
ND,27,"SLDUST=""027""",3831.79,5963.25,271.11,3465.15,4538.49,293.02,2014.68,3364.61,670.64,,,,,,,3354.83,2983.05,28.33,1068.74,4604.25,311.98,,,,,5205.95,3307.5,,,,,4.06,4.06,1353.76,1159.37,,,98103.4634,19493.9472,6079.55,1803.81,3.35,4.06,17007,15336.15,4932.54,9922.74,3049.45,3329.92,2818.54,100.45,233.26,29.46,196.59,320.75,580.67,12455.67,3111.06,347.77,392.47,tl_2025_38_sldu.zip,https://dev.planscore.org/plan.html?20260308T223539.503764193Z
ND,28,"SLDUST=""028""",2006.0,6757.38,221.72,2239.96,6700.19,243.93,2074.67,6193.01,738.57,,,,,,,3595.67,4980.03,38.77,1215.01,7627.91,297.79,,,,,2752.82,1571.67,,,,,422.47,252.24,3782.24,1301.26,,,61276.1096,13323.1603,7954.51,1220.19,187.44,141.53,17291,17168.53,2664.41,12329.9,1838.34,4490.38,1831.97,194.52,456.3,70.52,455.3,142.0,452.04,13179.29,1959.75,273.0,295.52,tl_2025_38_sldu.zip,https://dev.planscore.org/plan.html?20260308T223539.503764193Z
ND,29,"SLDUST=""029""",2179.73,6520.44,187.5,2245.43,6438.26,242.99,2079.93,5773.25,704.63,,,,,,,3510.57,4732.78,54.22,1158.68,7166.94,339.59,,,,,2951.3,1613.26,,,,,240.36,151.1,3555.66,1387.72,,,57562.7456,15737.6182,7147.81,1288.34,105.13,92.93,16259,15576.22,2607.14,11395.08,1895.71,4497.52,1852.89,144.56,405.38,31.52,355.83,62.11,387.41,12350.76,2193.11,164.3,225.32,tl_2025_38_sldu.zip,https://dev.planscore.org/plan.html?20260308T223539.503764193Z
ND,30,"SLDUST=""030""",1963.66,5790.25,194.7,2039.54,5485.12,234.4,1571.65,5078.89,662.22,,,,,,,2525.78,4461.95,52.41,995.43,5966.13,316.88,,,,,3710.28,2219.29,,,,,243.87,196.71,2478.03,1344.71,,,69017.6653,30547.7836,5735.77,1267.92,158.33,146.17,16523,15054.1,3288.2,10311.88,2085.51,3287.33,2004.59,781.09,692.66,69.57,200.4,106.1,213.25,12373.41,2654.6,346.66,330.63,tl_2025_38_sldu.zip,https://dev.planscore.org/plan.html?20260308T223539.503764193Z
ND,31,"SLDUST=""031""",1857.01,5504.68,170.14,1973.74,5215.57,178.93,1819.43,4992.61,710.24,,,,,,,2986.94,4298.6,66.46,1348.53,5757.11,385.59,,,,,2232.72,1427.65,,,,,172.32,155.87,3224.45,1197.25,,,56638.2248,10592.439,6010.45,1053.68,89.44,70.41,15992,15284.5,2648.29,10142.54,1741.2,4089.4,1985.9,2353.57,797.3,85.25,332.45,75.45,346.36,11568.63,2226.27,337.33,432.58,tl_2025_38_sldu.zip,https://dev.planscore.org/plan.html?20260308T223539.503764193Z
ND,32,"SLDUST=""032""",2588.32,5280.13,254.28,2466.31,4727.47,293.25,1973.06,4797.91,857.47,,,,,,,3034.12,4050.36,84.17,1340.41,5842.44,413.77,,,,,3083.25,2035.83,,,,,316.58,243.11,3515.5,2022.72,,,53493.5745,12020.3042,8154.95,1835.19,135.27,140.2,16814,16957.09,3931.13,11820.61,2673.17,4497.82,2671.97,1158.21,1167.52,18.34,262.15,189.56,525.23,13464.56,3342.15,416.53,543.17,tl_2025_38_sldu.zip,https://dev.planscore.org/plan.html?20260308T223539.503764193Z
ND,33,"SLDUST=""033""",1511.36,7855.28,183.09,1556.98,7960.69,224.4,1344.51,7409.45,629.33,,,,,,,2354.13,6089.83,47.82,952.03,8078.74,348.1,,,,,2866.32,1738.85,,,,,217.73,185.86,3504.72,1523.88,,,76539.6232,20402.3649,7536.02,1382.69,95.63,93.23,17259,17467.69,3208.45,12380.22,2233.35,5106.75,2454.26,332.93,579.86,86.16,327.57,195.72,422.62,13347.2,2530.86,377.47,545.22,tl_2025_38_sldu.zip,https://dev.planscore.org/plan.html?20260308T223539.503764193Z
ND,34,"SLDUST=""034""",2241.25,5880.65,248.77,2314.43,5518.69,283.51,1781.34,5167.1,803.22,,,,,,,2913.15,4336.53,73.63,1203.15,6140.23,359.97,,,,,3145.09,2062.33,,,,,150.78,92.48,2697.1,1568.14,,,71443.9159,21332.5159,7001.59,1490.09,123.31,83.92,17092,16012.61,3740.66,11014.08,2556.95,5136.05,3058.8,593.2,723.16,32.54,202.76,217.42,470.54,13333.8,3125.49,402.8,516.7,tl_2025_38_sldu.zip,https://dev.planscore.org/plan.html?20260308T223539.503764193Z
ND,35,"SLDUST=""035""",2919.51,4884.94,279.21,3328.8,5191.87,357.08,2666.02,5452.28,1148.96,,,,,,,3928.01,4622.28,73.01,1733.01,6984.21,494.03,,,,,4260.35,2786.44,,,,,694.14,461.01,2511.6,1865.5,,,63764.2212,19583.707,7704.41,2011.99,263.57,213.03,17326,17334.45,5069.18,11834.93,3278.03,4821.94,3176.01,526.38,871.6,24.4,299.67,413.38,714.7,13812.25,4201.98,241.19,322.41,tl_2025_38_sldu.zip,https://dev.planscore.org/plan.html?20260308T223539.503764193Z
ND,36,"SLDUST=""036""",995.9,6124.41,153.28,1113.52,5919.59,209.3,828.67,5046.13,378.96,,,,,,,1516.42,4458.7,35.61,515.94,5459.77,230.54,,,,,2258.59,1620.25,,,,,264.65,179.31,3322.95,1702.23,,,79704.9146,14666.2507,6024.85,1540.01,117.11,104.73,15938,14949.2,4008.86,9866.03,2492.97,4107.61,2438.03,107.3,332.5,101.35,389.61,39.39,269.85,10685.74,2959.01,619.99,623.29,tl_2025_38_sldu.zip,https://dev.planscore.org/plan.html?20260308T223539.503764193Z
ND,37,"SLDUST=""037""",1371.59,5304.28,143.1,1308.15,5377.79,202.07,905.7,4281.69,399.89,,,,,,,1543.75,3925.4,33.72,565.13,4734.22,232.09,,,,,2369.24,1919.24,,,,,263.12,203.01,2995.08,1872.44,,,59142.4088,20523.192,6079.72,1611.33,90.33,87.76,16045,14423.72,4131.67,9355.86,2667.25,3441.01,2380.42,322.96,531.45,115.25,422.31,332.59,479.19,11463.78,3313.8,346.49,536.56,tl_2025_38_sldu.zip,https://dev.planscore.org/plan.html?20260308T223539.503764193Z
ND,38,"SLDUST=""038""",1687.76,5748.35,146.43,1717.91,5348.57,195.99,1314.93,4852.57,639.97,,,,,,,2032.88,4034.67,31.0,729.97,5727.52,298.98,,,,,3250.46,2072.39,,,,,521.64,339.97,3248.2,1662.06,,,77470.2115,13181.1774,6910.35,1627.65,215.15,167.58,17275,17701.04,4183.51,10865.56,2546.47,4330.78,2555.81,172.5,343.89,196.75,383.81,328.82,619.44,11615.7,3021.23,680.55,665.7,tl_2025_38_sldu.zip,https://dev.planscore.org/plan.html?20260308T223539.503764193Z
ND,39,"SLDUST=""039""",1139.46,7485.6,151.59,1187.49,7455.19,198.1,971.41,6763.69,529.24,,,,,,,1803.8,6028.78,40.2,585.81,7411.06,265.19,,,,,2460.38,1556.86,,,,,232.73,231.13,3922.38,1458.26,,,66018.4106,14140.5148,6792.14,1247.27,98.76,135.97,15749,16125.52,2990.27,11369.76,2009.06,4639.14,2299.99,296.51,440.55,86.64,378.21,34.53,335.09,11650.49,2145.26,414.87,378.88,tl_2025_38_sldu.zip,https://dev.planscore.org/plan.html?20260308T223539.503764193Z
ND,40,"SLDUST=""040""",1494.21,3419.14,145.38,1500.6,3123.98,222.32,1101.02,2744.3,608.58,,,,,,,1563.17,2246.26,29.34,697.87,3400.98,302.09,,,,,3216.05,2228.12,,,,,907.01,487.33,2298.26,1540.52,,,76039.4793,24250.3067,6169.71,1725.48,187.2,144.77,15831,15664.17,4347.78,8729.04,2577.6,2767.1,2002.4,334.98,540.42,132.93,351.84,812.27,1073.28,11607.55,3235.74,1034.46,824.87,tl_2025_38_sldu.zip,https://dev.planscore.org/plan.html?20260308T223539.503764193Z
ND,41,"SLDUST=""041""",4073.98,4836.97,261.99,4042.77,4267.24,319.15,2994.76,4058.07,921.98,,,,,,,4267.31,3396.07,44.75,1665.63,5873.22,379.47,,,,,4486.01,3040.3,,,,,360.0,218.0,1400.58,1178.51,,,85401.1406,25249.3906,7445.46,2329.29,186.0,132.0,16990,17563.97,6006.9,10697.88,3668.68,4430.32,3731.85,130.75,338.14,229.74,542.14,656.33,658.32,12567.2,3928.5,381.46,455.26,tl_2025_38_sldu.zip,https://dev.planscore.org/plan.html?20260308T223539.503764193Z
ND,42,"SLDUST=""042""",2016.18,2989.22,134.53,2094.13,2684.33,211.89,2148.49,3066.05,721.24,,,,,,,2337.54,2076.32,32.18,1534.22,3781.26,358.93,,,,,2460.26,1766.63,,,,,616.81,321.59,1464.23,1182.26,,,65760.572,13120.0,6354.71,1562.53,236.37,175.48,16424,17141.82,3791.82,7370.46,2043.75,3474.58,2348.69,491.83,663.09,345.57,543.92,278.4,481.12,12673.6,2732.2,724.44,564.49,tl_2025_38_sldu.zip,https://dev.planscore.org/plan.html?20260308T223539.503764193Z
ND,43,"SLDUST=""043""",2912.68,3311.07,147.9,3154.17,3374.9,221.19,2421.32,3021.27,602.89,,,,,,,3326.24,2457.67,25.14,1680.1,4049.52,212.86,,,,,3524.96,2354.9,,,,,796.0,366.0,1931.5,1359.4,,,44716.04,11254.84,7721.36,1832.39,396.0,225.0,16022,15337.93,3734.52,9316.68,2324.74,2864.05,2113.86,263.84,444.38,318.23,520.94,460.11,638.82,12175.66,3270.65,250.08,353.35,tl_2025_38_sldu.zip,https://dev.planscore.org/plan.html?20260308T223539.503764193Z
ND,44,"SLDUST=""044""",3709.86,2886.6,235.62,4126.84,3011.12,324.26,3720.61,3430.37,1144.41,,,,,,,4789.94,2500.21,52.83,2430.82,5156.34,498.71,,,,,3785.66,2676.27,,,,,723.3,407.25,1709.12,1405.6,,,47925.1053,11349.3065,7768.67,2262.54,170.63,170.0,17186,16559.12,4790.44,8739.46,2539.59,2936.02,2058.94,135.63,426.39,363.11,693.76,735.82,1043.83,15552.49,4599.79,472.92,591.74,tl_2025_38_sldu.zip,https://dev.planscore.org/plan.html?20260308T223539.503764193Z
ND,45,"SLDUST=""045""",3400.81,4588.29,244.97,3293.54,4203.65,270.03,2874.35,4147.09,936.66,,,,,,,3961.28,3304.2,39.95,1617.45,5891.66,366.19,,,,,4324.73,2209.62,,,,,557.49,190.97,1609.41,960.0,,,108000.8526,9360.3989,5617.25,1123.49,97.48,77.05,16671,16604.53,3113.65,9081.41,1706.97,2692.83,1589.53,299.97,561.6,222.11,527.99,198.33,530.36,13061.33,2692.81,467.89,583.74,tl_2025_38_sldu.zip,https://dev.planscore.org/plan.html?20260308T223539.503764193Z
ND,46,"SLDUST=""046""",4487.6,4818.78,285.19,4346.41,4305.64,303.86,3490.6,4206.43,937.03,,,,,,,4685.33,3499.76,42.81,1966.57,6248.65,372.2,,,,,5377.55,3089.28,,,,,416.0,206.0,2190.47,1366.61,,,98845.0464,29531.1028,7193.23,1875.02,118.0,78.0,17215,16670.44,4529.29,11286.64,3003.73,3478.52,2547.14,172.99,383.31,366.37,647.78,360.03,528.03,11662.45,3232.17,321.8,428.29,tl_2025_38_sldu.zip,https://dev.planscore.org/plan.html?20260308T223539.503764193Z
ND,47,"SLDUST=""047""",2861.59,6317.28,258.06,2771.31,6213.11,287.06,2045.64,5654.32,687.46,,,,,,,3101.35,5097.1,39.8,1169.28,6987.22,239.15,,,,,5549.39,2630.33,,,,,682.98,381.59,1888.01,1166.06,,,99595.0312,16524.3,6916.18,1488.8,286.88,192.35,15887,16644.67,3681.33,11008.04,2188.96,2738.54,1696.16,309.0,460.42,95.0,290.42,130.0,330.42,11501.89,2591.49,172.16,240.32,tl_2025_38_sldu.zip,https://dev.planscore.org/plan.html?20260308T223539.503764193Z
OH,1,"SLDUST=""001""",44609.64,131905.01,1654.99,46542.0,131065.0,3044.0,41325.0,117625.0,9093.0,48353.6,120387.11,7258.95,,,,48179.0,81618.0,0.0,36215.0,120691.0,8549.0,,,,,46973.34,37607.82,,,,,5464.31,3803.89,99523.21,42227.57,,,62999.1908,14991.7322,141783.93,31280.72,2688.14,2446.95,350009,348686.2,82601.23,237596.64,53328.53,79176.92,50909.46,1526.0,7941.55,1805.35,9342.29,4130.09,10980.32,265483.81,64438.14,12568.48,12745.78,tl_2025_39_sldu.zip,https://dev.planscore.org/plan.html?20260308T223539.410770514Z
OH,2,"SLDUST=""002""",80790.56,105440.45,1794.18,82443.29,102706.32,3130.61,72660.99,91885.51,10018.29,84502.82,94234.19,7503.13,,,,76029.34,64156.89,0.0,59304.91,104349.59,8274.05,,,,,75654.57,51270.95,,,,,5642.67,3759.64,68964.29,37109.59,,,68688.4237,19649.0255,135936.24,32628.04,3077.29,2537.51,344160,336637.54,85383.46,229298.22,56300.0,79389.73,54156.85,1603.8,7570.86,4203.91,10684.87,11822.38,16086.65,267173.1,67828.77,11154.06,12233.96,tl_2025_39_sldu.zip,https://dev.planscore.org/plan.html?20260308T223539.410770514Z
OH,3,"SLDUST=""003""",73386.17,91176.53,1628.86,75647.11,89436.55,2669.76,65092.52,78955.54,6760.74,76665.04,80751.62,5722.96,,,,64168.48,55945.79,0.0,55733.78,85267.36,6867.97,,,,,60043.93,46738.92,,,,,9977.94,6193.5,89607.65,46963.58,,,68461.739,17747.6584,135895.08,36509.99,5318.69,3876.04,362396,359109.89,102592.49,249110.67,68515.14,87946.55,61209.73,2876.53,7987.35,5082.13,12011.56,44273.78,33258.55,268640.98,75299.15,7062.27,9503.11,tl_2025_39_sldu.zip,https://dev.planscore.org/plan.html?20260308T223539.410770514Z
OH,4,"SLDUST=""004""",64404.75,106153.7,1532.23,67226.0,106139.83,2549.22,56680.49,99507.25,7159.17,67151.79,97059.41,6120.52,,,,53544.33,74876.92,0.0,43688.45,110091.32,6445.04,,,,,74149.77,48511.04,,,,,19087.19,8391.03,74869.19,41767.91,,,63295.3772,17981.9239,133376.47,33855.58,8447.99,4990.13,368937,360538.53,102728.34,231406.98,60981.94,75324.45,52178.39,1440.12,7075.19,9269.0,14724.9,25486.04,26284.9,266279.05,79638.37,9010.63,12099.28,tl_2025_39_sldu.zip,https://dev.planscore.org/plan.html?20260308T223539.410770514Z
OH,5,"SLDUST=""005""",58250.57,125669.82,1528.98,59672.24,125101.96,2791.56,52170.59,115342.95,7225.33,62676.08,114344.41,6640.86,,,,55053.98,82382.19,0.0,40155.07,125006.37,7306.69,,,,,53982.04,40262.12,,,,,7229.58,5637.67,87898.2,43884.03,,,65591.8145,16089.2003,140397.36,33583.97,4350.67,3853.18,352905,349298.47,92721.11,242940.18,59988.8,92515.27,59110.78,1754.12,7312.31,3241.73,9598.85,23561.69,22104.56,269374.62,72392.23,4161.5,7133.86,tl_2025_39_sldu.zip,https://dev.planscore.org/plan.html?20260308T223539.410770514Z
OH,6,"SLDUST=""006""",92384.85,75526.98,1666.8,99240.92,77620.76,2953.23,90406.07,75001.31,8149.52,94334.32,67509.63,6000.64,,,,83357.87,55218.28,0.0,73083.6,90411.85,7627.29,,,,,75425.27,51634.6,,,,,18441.98,11418.2,64511.68,39803.65,,,46558.9065,15036.9114,158030.85,40280.91,8710.72,6237.67,371034,366824.13,103985.9,249641.72,66413.25,100317.97,64931.17,1611.77,8654.89,5530.27,12332.64,65010.29,42165.21,278165.6,78282.64,8391.43,11407.39,tl_2025_39_sldu.zip,https://dev.planscore.org/plan.html?20260308T223539.410770514Z
OH,7,"SLDUST=""007""",84397.89,119025.93,2031.0,84521.37,117243.68,3051.63,65910.53,106679.63,8376.67,87081.86,110706.91,6726.04,,,,66702.16,87557.88,0.0,48313.49,123009.56,7188.21,,,,,109443.93,58784.52,,,,,18111.3,8045.81,59103.18,34460.81,,,86076.4101,23137.7974,133177.24,30503.2,7767.0,4147.01,366619,352825.15,87572.39,241750.13,56868.74,68015.63,46186.47,1141.03,5715.03,10919.15,13838.54,23992.03,20028.21,265504.42,67980.55,7212.82,9519.95,tl_2025_39_sldu.zip,https://dev.planscore.org/plan.html?20260308T223539.410770514Z
OH,8,"SLDUST=""008""",88629.1,108277.44,1950.01,90187.84,111794.65,3125.32,73328.71,108437.88,8611.58,90878.13,99754.48,6787.96,,,,73535.42,85228.01,0.0,55299.95,126408.02,6886.04,,,,,88523.51,56908.94,,,,,11057.56,7704.14,69308.47,40180.63,,,70407.0705,20568.7735,139933.37,36494.42,7273.93,5704.55,358233,352907.2,103401.84,243737.87,65768.53,79141.1,56829.07,1327.52,7160.63,3994.79,10770.14,43687.21,36878.91,261956.37,76546.91,3929.9,7314.4,tl_2025_39_sldu.zip,https://dev.planscore.org/plan.html?20260308T223539.410770514Z
OH,9,"SLDUST=""009""",107461.01,36193.63,1379.98,117625.79,36835.67,2461.06,110209.76,36190.48,6536.75,107215.01,32857.61,4535.0,,,,95981.43,28087.11,0.0,90640.57,52728.42,6642.75,,,,,85361.57,57279.54,,,,,17755.14,11346.05,54210.35,39087.57,,,49866.7587,16318.2735,155604.4,42850.38,6853.06,5477.44,348124,342597.65,107113.77,223688.0,67708.72,73001.28,58648.45,919.46,8223.34,5333.07,12723.32,93685.76,57432.88,262744.21,83413.54,7594.28,10679.65,tl_2025_39_sldu.zip,https://dev.planscore.org/plan.html?20260308T223539.410770514Z
OH,10,"SLDUST=""010""",62053.35,109780.29,1803.91,63569.52,106586.35,3132.89,56335.36,97578.39,7711.71,66109.12,100595.83,6324.67,,,,58411.3,72900.48,0.0,44107.77,109569.05,7056.71,,,,,68057.83,46757.43,,,,,7772.92,5188.92,72622.64,38744.19,,,61457.4385,15551.0282,137514.35,32108.45,4023.94,3260.93,345977,344266.96,88192.55,233798.32,57822.07,83536.67,55008.35,2050.87,8055.86,4608.91,11080.78,20167.0,21195.88,265803.32,68897.75,6131.84,8507.8,tl_2025_39_sldu.zip,https://dev.planscore.org/plan.html?20260308T223539.410770514Z
OH,11,"SLDUST=""011""",82301.41,53498.65,1296.85,91122.71,53791.68,2554.39,90784.01,50435.49,8009.71,83241.23,46051.66,6562.0,,,,79515.66,31737.11,0.0,79537.08,58405.41,7315.95,,,,,51790.65,48970.11,,,,,6271.15,4739.68,73840.56,50586.37,,,45556.1805,15628.6823,148653.16,46247.72,3653.99,3024.07,342637,346884.45,121989.81,233930.48,77290.52,96227.4,73489.94,1676.09,10819.64,2970.09,12768.59,60622.25,48648.63,258500.7,89174.77,17487.76,19001.12,tl_2025_39_sldu.zip,https://dev.planscore.org/plan.html?20260308T223539.410770514Z
OH,12,"SLDUST=""012""",37010.0,136240.0,1419.0,39138.0,134344.0,2515.0,35925.0,121242.0,6715.0,41712.0,125506.0,6099.0,,,,42486.0,86907.0,0.0,28797.0,126154.0,7122.0,,,,,42023.58,35202.42,,,,,4336.93,3735.2,98215.72,42235.83,,,65047.5357,16117.6221,136590.38,30842.81,2172.48,2366.05,344252,341549.67,83444.43,230677.49,52532.47,73536.4,48390.21,1718.0,7950.06,1727.65,9026.32,12126.89,15350.01,258631.92,64154.62,4777.95,7643.68,tl_2025_39_sldu.zip,https://dev.planscore.org/plan.html?20260308T223539.410770514Z
OH,13,"SLDUST=""013""",80684.64,100483.19,1665.99,82389.0,96286.0,2625.0,73189.0,81220.0,7725.0,86617.59,86880.31,6210.94,,,,74664.0,55791.0,0.0,61320.0,88127.0,9288.0,,,,,59433.79,40825.93,,,,,7192.18,4907.68,82082.15,39978.05,,,61004.3447,15999.4243,141805.61,32077.24,4021.72,3243.42,364245,359840.01,88722.74,249420.31,57714.48,89159.87,55810.21,1837.11,7140.5,2896.0,9335.53,20569.37,20702.72,281291.2,68656.46,23728.18,18574.92,tl_2025_39_sldu.zip,https://dev.planscore.org/plan.html?20260308T223539.410770514Z
OH,14,"SLDUST=""014""",50318.0,127468.0,1379.0,49708.0,123529.0,2492.0,42526.0,111300.0,6598.0,53817.0,116048.0,6865.0,,,,45716.0,81116.0,0.0,35004.0,117272.0,6773.0,,,,,56612.0,43018.0,,,,,4531.0,3587.0,89925.0,46441.0,,,56785.2869,19703.0819,137115.0,33568.0,2345.0,2341.0,353762,352250.0,94212.0,244432.0,61948.0,76056.0,53416.0,2263.0,8203.0,2599.0,9186.0,5665.0,11493.0,272330.0,73713.0,3657.0,6722.0,tl_2025_39_sldu.zip,https://dev.planscore.org/plan.html?20260308T223539.410770514Z
OH,15,"SLDUST=""015""",102670.2,27872.0,1251.9,116755.83,26763.49,2154.61,110409.62,24980.64,5413.8,102605.31,23439.7,3446.92,,,,95115.58,17596.11,0.0,96633.24,33611.98,6472.34,,,,,62381.63,49252.78,,,,,28737.42,12953.99,68189.03,47557.84,,,41738.6062,14025.5448,139449.98,40122.71,11914.08,7461.9,350690,350265.1,121546.04,225313.24,75107.68,81637.2,62057.62,1451.35,8527.19,7204.06,14966.3,104703.91,61277.09,251364.22,86907.71,9593.73,12489.9,tl_2025_39_sldu.zip,https://dev.planscore.org/plan.html?20260308T223539.410770514Z
OH,16,"SLDUST=""016""",119425.43,77136.15,2211.01,122649.82,78018.58,3117.1,93510.52,73845.47,9460.91,121478.79,70619.68,5138.09,,,,97917.25,61441.12,0.0,72588.25,96972.09,6163.19,,,,,142103.36,72877.34,,,,,22853.51,8278.42,37492.86,28278.9,,,91279.2594,22051.3646,142203.02,32789.38,10662.99,5298.88,359373,354445.36,93421.53,246531.28,61584.41,71026.53,52453.33,1076.62,5894.88,15912.56,18703.56,25023.2,24677.47,252950.16,66529.15,7222.47,9645.15,tl_2025_39_sldu.zip,https://dev.planscore.org/plan.html?20260308T223539.410770514Z
OH,17,"SLDUST=""017""",37373.0,118411.0,1114.0,41027.0,117390.0,1977.0,40055.0,102854.0,5695.0,42487.0,106512.0,5794.0,,,,44402.0,67735.0,0.0,41535.0,97688.0,6658.0,,,,,37006.99,37624.27,,,,,2899.41,2997.6,108852.28,52544.89,,,49619.7237,17474.4644,137864.43,36687.13,1443.98,1872.87,350486,353706.09,100750.88,246614.92,66383.02,72772.5,54806.78,2647.97,9178.22,1022.73,8724.84,8252.41,13602.85,269163.87,78477.94,2369.67,5768.52,tl_2025_39_sldu.zip,https://dev.planscore.org/plan.html?20260308T223539.410770514Z
OH,18,"SLDUST=""018""",100336.88,106785.0,1722.93,103232.69,109003.69,2469.56,86965.16,97334.75,7904.18,105671.59,94656.97,5586.98,,,,89574.79,70661.68,0.0,68762.44,108724.85,8755.25,,,,,94200.88,53306.96,,,,,24079.85,10376.05,75131.85,38933.57,,,71269.8849,19093.892,153099.38,31590.71,16052.29,7766.96,371394,363259.57,83887.56,264905.75,58205.6,90161.99,54106.74,972.59,6905.84,7947.62,13153.43,23571.5,21721.11,288995.62,71309.17,8634.52,11261.92,tl_2025_39_sldu.zip,https://dev.planscore.org/plan.html?20260308T223539.410770514Z
OH,19,"SLDUST=""019""",76044.0,116306.0,1765.0,72443.0,111817.0,2823.0,54844.0,96204.0,7615.0,79808.0,107788.0,5718.0,,,,59895.0,77795.0,0.0,42155.0,109435.0,6104.0,,,,,90565.0,50296.0,,,,,12674.0,5866.0,58979.0,30483.0,,,67869.3268,17757.5991,121478.0,26697.0,6586.0,3791.0,357680,347742.0,81647.0,226886.0,52121.0,64138.0,43512.0,1656.0,6128.0,8689.0,12571.0,8301.0,12062.0,263255.0,64080.0,5137.0,6871.0,tl_2025_39_sldu.zip,https://dev.planscore.org/plan.html?20260308T223539.410770514Z
OH,20,"SLDUST=""020""",66907.0,121923.0,1665.0,66792.0,118493.0,2984.0,54701.0,102338.0,7659.0,71858.0,110347.0,6832.0,,,,58822.0,76499.0,0.0,46800.0,108812.0,7745.0,,,,,65840.01,45251.73,,,,,3000.59,2306.4,82641.72,41769.11,,,63882.5149,18355.4906,129781.57,30735.87,1998.02,1660.13,359774,354088.91,90629.12,240219.08,60020.98,83514.5,55706.22,2087.03,6963.78,6100.27,11094.16,17605.59,17613.15,274151.13,70828.06,4945.33,7565.48,tl_2025_39_sldu.zip,https://dev.planscore.org/plan.html?20260308T223539.410770514Z
OH,21,"SLDUST=""021""",136432.93,26922.46,1010.24,156095.28,28048.71,1618.47,158092.11,26315.76,4234.55,136010.23,23284.69,3321.94,,,,131479.85,19100.98,0.0,137078.92,37191.16,7297.06,,,,,80905.35,58817.23,,,,,17594.18,9893.28,70048.55,45102.41,,,47503.0912,16967.3983,165362.85,47516.91,9514.29,6399.29,375348,365681.64,118849.79,255214.68,76409.9,101499.21,72489.11,738.32,9779.42,4133.47,12495.02,167806.31,84264.95,284274.26,95373.97,6268.33,10748.09,tl_2025_39_sldu.zip,https://dev.planscore.org/plan.html?20260308T223539.410770514Z
OH,22,"SLDUST=""022""",62906.0,127469.0,1662.0,63981.0,125477.0,2708.0,54007.0,108893.0,7730.0,68941.0,114177.0,6158.0,,,,58949.0,79025.0,0.0,45905.0,112602.0,9148.0,,,,,65511.0,42561.0,,,,,6921.0,4690.0,88034.0,41493.0,,,62231.7149,17463.122,139210.0,30123.0,4533.0,3407.0,359853,353692.0,83168.0,246092.0,54027.0,79626.0,50701.0,1596.0,6762.0,2619.0,8964.0,12586.0,15304.0,279000.0,67780.0,5028.0,6973.0,tl_2025_39_sldu.zip,https://dev.planscore.org/plan.html?20260308T223539.410770514Z
OH,23,"SLDUST=""023""",107676.2,44454.36,1308.63,119913.72,46423.29,2029.53,116639.89,41233.24,5821.45,108884.0,38879.25,3996.71,,,,98475.15,30878.02,0.0,94190.08,53504.84,8280.94,,,,,85839.51,58786.52,,,,,23431.47,12304.16,67749.05,45399.1,,,38402.6274,13112.4776,170545.52,46835.52,12562.9,7674.45,375402,374515.66,114063.92,257784.73,72409.15,90224.68,65477.16,1397.44,10506.18,7434.92,15808.1,78709.13,49670.09,282133.46,86375.42,22244.49,20247.52,tl_2025_39_sldu.zip,https://dev.planscore.org/plan.html?20260308T223539.410770514Z
OH,24,"SLDUST=""024""",86422.89,89927.85,1427.21,92448.56,92501.85,2198.45,82971.05,83582.72,7453.84,91602.16,77940.53,5369.48,,,,80108.46,57620.68,0.0,65242.75,91052.66,10205.8,,,,,78723.26,52040.29,,,,,30610.5,13717.51,81587.54,44217.92,,,62903.8183,16887.8879,155413.24,36275.87,20112.52,9908.31,375276,367773.13,97083.73,262920.83,64833.35,95024.12,61456.99,1307.65,7811.57,8725.99,15346.45,17879.07,22041.86,287551.66,77170.44,21523.66,19796.47,tl_2025_39_sldu.zip,https://dev.planscore.org/plan.html?20260308T223539.410770514Z
OH,25,"SLDUST=""025""",98147.34,50993.91,1579.32,107094.46,51450.98,2620.61,93494.76,50260.04,7906.81,99876.18,44594.14,4104.31,,,,88222.13,37526.76,0.0,77048.77,66068.59,6271.74,,,,,101306.25,61115.53,,,,,38098.21,14044.17,48264.82,33544.49,,,69965.2348,18480.5402,136517.56,35194.46,15873.31,7839.24,353719,343263.69,103210.39,224785.48,64608.7,69335.05,50947.96,1210.64,6886.72,13185.34,17876.8,42215.11,35994.01,247176.33,71510.24,11720.68,13453.04,tl_2025_39_sldu.zip,https://dev.planscore.org/plan.html?20260308T223539.410770514Z
OH,26,"SLDUST=""026""",50254.18,118328.21,1521.01,49969.09,114649.51,3043.01,43880.07,99225.41,8635.02,54840.19,106008.21,7169.99,,,,50137.08,70644.35,0.0,36629.06,104531.41,8537.02,,,,,44202.0,35860.0,,,,,6196.0,4356.0,98937.0,45161.0,,,60776.4565,16940.2919,130988.0,31240.0,3077.0,2709.0,340983,335760.0,84147.0,233003.0,55855.0,77723.0,50958.0,2233.0,8179.0,2417.0,9112.0,9237.0,14225.0,263410.0,68381.0,9031.0,10275.0,tl_2025_39_sldu.zip,https://dev.planscore.org/plan.html?20260308T223539.410770514Z
OH,27,"SLDUST=""027""",94188.87,105873.94,1801.59,96217.35,103882.62,2813.63,82270.16,91512.91,8204.63,99394.1,94191.99,6486.45,,,,83531.17,67356.2,0.0,67431.16,99380.76,9964.26,,,,,89931.86,53870.47,,,,,14866.12,8604.44,79373.43,41457.44,,,64418.4621,16524.7026,146796.86,34125.17,7943.52,5334.61,370233,364670.03,90846.74,252781.48,60315.94,78780.92,53838.38,1417.05,7238.65,7028.18,13131.32,19499.28,21215.02,290555.48,76817.92,4346.7,7427.51,tl_2025_39_sldu.zip,https://dev.planscore.org/plan.html?20260308T223539.410770514Z
OH,28,"SLDUST=""028""",92786.59,75622.58,1554.39,98464.65,74963.38,2454.37,90205.84,67779.08,6802.37,95798.29,66844.68,5963.47,,,,84346.83,50021.8,0.0,76756.84,74001.24,9204.74,,,,,76029.14,52764.53,,,,,16876.88,9937.56,76453.57,45956.56,,,53423.349,15279.5443,151082.14,40479.83,7992.48,6060.39,355425,360308.97,107604.26,250272.52,71156.06,92863.08,66482.62,1648.95,8844.35,6759.82,14839.68,48245.72,38506.98,270949.52,81357.08,5473.3,9081.49,tl_2025_39_sldu.zip,https://dev.planscore.org/plan.html?20260308T223539.410770514Z
OH,29,"SLDUST=""029""",68556.68,103477.8,1507.9,73159.48,103202.52,2652.91,65492.55,91475.36,7668.84,72500.31,92330.38,6489.3,,,,65477.48,65885.92,0.0,56045.85,97229.43,9285.07,,,,,59075.17,43498.25,,,,,6809.62,5106.43,91890.13,44230.71,,,50767.8486,13631.1096,146224.05,34240.56,4012.46,3442.34,354233,350730.67,93377.63,245379.3,60446.56,90412.69,60280.98,1717.66,7667.09,2473.53,9275.55,22563.06,23354.46,273483.19,74717.13,5751.97,8938.09,tl_2025_39_sldu.zip,https://dev.planscore.org/plan.html?20260308T223539.410770514Z
OH,30,"SLDUST=""030""",48009.9,111876.03,1333.47,52879.82,113443.43,2224.9,52378.18,103861.62,7019.28,53487.26,99585.33,5839.32,,,,60587.46,66666.48,0.0,55170.67,95191.85,8370.18,,,,,44217.83,37901.08,,,,,5501.11,3825.16,102522.45,45011.18,,,48855.2852,14844.7677,137204.33,32728.49,2258.11,2246.16,342270,351253.55,86673.59,243874.73,59894.97,72689.16,49842.53,2118.68,8667.08,2247.9,9919.27,9929.93,14503.08,273222.98,69308.38,3002.36,6005.41,tl_2025_39_sldu.zip,https://dev.planscore.org/plan.html?20260308T223539.410770514Z
OH,31,"SLDUST=""031""",44607.38,112812.57,1292.45,47886.13,112227.57,2498.76,44393.2,98072.68,7251.84,49366.36,101555.82,6281.62,,,,48876.44,68891.17,0.0,38031.37,101559.11,7975.34,,,,,43910.47,36721.19,,,,,4451.17,3689.32,99108.66,44092.66,,,56571.5028,14678.6483,134919.75,31146.18,2178.32,2462.41,345256,343161.74,86006.68,233415.25,55570.91,67393.18,46073.59,1728.26,7643.8,1576.57,8369.15,6129.41,11870.03,261152.53,66467.85,3457.68,6501.55,tl_2025_39_sldu.zip,https://dev.planscore.org/plan.html?20260308T223539.410770514Z
OH,32,"SLDUST=""032""",68494.58,109575.94,1461.0,74863.75,108203.46,2513.99,70336.78,95273.53,7348.98,74683.58,96556.98,6509.98,,,,72861.75,64674.64,0.0,62025.82,98457.5,9660.95,,,,,52681.0,43004.0,,,,,6045.0,4778.0,106426.0,50887.0,,,51427.7189,16015.9003,151461.0,38389.0,4328.0,3780.0,371509,368524.0,100388.0,260400.0,66364.0,84656.0,58731.0,1798.0,8540.0,1404.0,9515.0,17620.0,20513.0,290210.0,80020.0,6212.0,9647.0,tl_2025_39_sldu.zip,https://dev.planscore.org/plan.html?20260308T223539.410770514Z
OH,33,"SLDUST=""033""",65777.04,107508.61,1281.18,74257.57,106392.47,2383.43,72973.07,94561.34,6488.04,71301.08,95383.46,6083.77,,,,72383.63,64016.43,0.0,65677.1,95061.6,9136.41,,,,,53632.52,45203.48,,,,,5241.11,4450.09,103505.77,50071.45,,,51063.6256,15506.438,151810.87,38955.77,3374.11,3126.09,357254,358217.04,99061.1,257142.72,66846.56,88960.97,61789.89,1479.4,8835.03,1684.0,10006.03,27442.6,24395.43,280291.3,79479.63,10595.99,12119.95,tl_2025_39_sldu.zip,https://dev.planscore.org/plan.html?20260308T223539.410770514Z
NY,1,"SLDUST=""001""",84717.71,87355.58,0.0,90759.84,82040.98,2528.03,69955.11,75568.16,6331.91,,,,,,,69873.78,54554.4,38.0,87634.52,55207.03,2713.58,,,,,91648.39,60799.09,,,,,19179.72,7213.22,51550.19,35012.86,,,105932.0925,36703.8017,108739.86,32271.65,10497.49,4529.41,325301,296319.91,95531.43,211123.21,65487.5,56710.13,44654.39,806.58,6806.45,10711.68,13083.98,11118.81,15930.9,240330.9,77715.58,24676.88,23050.45,tl_2025_36_sldu.zip,https://dev.planscore.org/plan.html?20260308T223532.920647985Z
NY,2,"SLDUST=""002""",82742.74,103100.72,0.0,92402.29,94432.8,2764.92,73049.46,87811.06,6607.84,,,,,,,69055.23,62252.03,42.0,93142.07,65821.47,2752.94,,,,,118124.0,64323.0,,,,,27883.0,10061.0,41975.0,28357.0,,,135928.0314,39532.7567,110080.0,27539.0,19274.0,7747.0,320423,317633.0,89989.0,225589.0,60762.0,55455.0,39708.0,638.0,6175.0,11959.0,15229.0,8704.0,13810.0,245715.0,72353.0,22425.0,20438.0,tl_2025_36_sldu.zip,https://dev.planscore.org/plan.html?20260308T223532.920647985Z
NY,3,"SLDUST=""003""",63649.14,91771.42,0.0,70314.86,84017.57,2280.13,55034.74,77734.59,5562.98,,,,,,,53637.37,51074.5,26.0,74971.32,52928.45,2590.11,,,,,62899.13,46789.2,,,,,25469.78,10204.16,73599.29,42652.98,,,99453.4622,29239.3881,109719.87,30672.15,14915.19,6433.17,324968,328412.14,106536.42,225626.41,68780.49,69397.88,50971.36,883.42,6249.03,8519.96,13573.28,18453.38,20645.18,240421.48,78505.45,34010.25,26813.31,tl_2025_36_sldu.zip,https://dev.planscore.org/plan.html?20260308T223532.920647985Z
NY,4,"SLDUST=""004""",62508.61,54871.84,0.0,74120.43,46187.19,1490.89,64248.43,41192.98,3605.63,,,,,,,55404.55,25433.43,19.0,74008.27,27358.85,1881.7,,,,,51904.9,39337.26,,,,,64772.95,15805.04,63564.01,36112.9,,,104005.6034,34634.0264,88727.62,25330.38,34420.15,10545.07,324787,317735.9,104725.64,213161.58,66836.29,61852.08,43842.59,866.35,5692.98,8643.64,12277.15,40491.24,32225.27,215136.13,74472.57,73488.94,44427.18,tl_2025_36_sldu.zip,https://dev.planscore.org/plan.html?20260308T223532.920647985Z
NY,5,"SLDUST=""005""",76010.16,105262.67,0.0,89762.54,95984.48,2575.61,72149.14,87728.85,6108.13,,,,,,,67009.14,59758.87,39.0,96774.32,60428.41,2377.24,,,,,106069.98,68968.29,,,,,52530.11,14340.68,53519.7,36158.5,,,133446.2974,44562.0567,106477.11,31406.41,37747.39,10942.96,325387,321220.29,108176.38,227435.65,72299.21,58568.37,47299.06,468.8,7752.02,28176.18,30181.98,6366.38,13139.99,242864.95,90028.51,26017.08,26082.52,tl_2025_36_sldu.zip,https://dev.planscore.org/plan.html?20260308T223532.920647985Z
NY,6,"SLDUST=""006""",85408.04,52908.72,0.0,96607.51,45026.05,1801.77,85589.78,39948.67,4250.85,,,,,,,72413.94,28710.68,39.76,93129.43,30147.94,1772.39,,,,,76016.47,53273.24,,,,,90078.16,19613.39,52897.56,35364.92,,,116850.094,39198.401,98076.77,29340.26,46741.8,12919.45,324804,312935.13,108951.2,210215.85,69943.17,55864.69,45865.5,832.3,7119.6,10318.61,15700.15,70404.67,46505.77,218997.53,82762.47,50441.29,38828.89,tl_2025_36_sldu.zip,https://dev.planscore.org/plan.html?20260308T223532.920647985Z
NY,7,"SLDUST=""007""",79846.7,86819.14,0.0,96542.21,75577.01,2273.42,80156.57,66482.84,5458.15,,,,,,,70500.1,47680.42,58.24,93802.39,50835.22,2104.5,,,,,132638.45,68245.64,,,,,69178.33,14136.09,35091.76,25523.22,,,148403.1733,47454.7334,108827.29,27143.25,48559.84,10316.3,325409,315899.19,88898.4,219769.7,57969.09,41970.36,34106.11,740.2,7270.8,40915.12,29439.26,5527.66,11200.2,228236.01,69070.55,20226.58,19599.8,tl_2025_36_sldu.zip,https://dev.planscore.org/plan.html?20260308T223532.920647985Z
NY,8,"SLDUST=""008""",67480.86,118936.27,0.0,75642.89,110860.62,2707.79,58812.48,100906.97,6493.75,,,,,,,58605.77,69422.82,29.0,87050.17,68905.8,2592.02,,,,,90506.97,59794.32,,,,,21546.09,8570.11,58879.32,35221.06,,,121079.106,37503.7795,110707.27,30086.43,15967.03,6965.28,325305,314834.08,96017.33,225104.8,65330.21,63495.54,47689.58,709.65,7244.79,6206.58,12507.71,8214.71,13914.11,247996.01,79586.63,25237.79,23018.08,tl_2025_36_sldu.zip,https://dev.planscore.org/plan.html?20260308T223532.920647985Z
NY,9,"SLDUST=""009""",77903.03,84659.66,0.0,91373.77,73842.38,2126.46,77109.07,65219.93,5256.71,,,,,,,67214.11,45464.01,38.0,93515.04,46580.17,1955.52,,,,,97856.7,65057.96,,,,,76005.88,17698.32,49428.17,35549.55,,,122855.7512,37254.1448,104278.2,31617.46,55233.1,13553.36,325310,312057.36,107937.2,220959.79,73133.05,65011.95,52867.41,299.7,7099.34,22488.22,26045.5,36267.15,32200.58,233996.99,89073.26,36434.18,32883.77,tl_2025_36_sldu.zip,https://dev.planscore.org/plan.html?20260308T223532.920647985Z
NY,10,"SLDUST=""010""",68873.77,29811.83,0.0,84795.01,23108.63,874.65,78448.02,16918.46,1988.9,,,,,,,60540.92,10621.47,37.84,83138.45,10207.12,1250.7,,,,,56668.91,44751.07,,,,,88997.39,19450.16,63347.82,39291.29,,,85727.2747,27549.9676,101198.25,28564.28,59934.35,14886.14,318838,317472.27,102924.95,215221.99,66799.19,75260.41,53396.05,1570.55,7502.1,19099.61,19157.58,118135.98,57186.61,218926.04,77130.53,32549.55,26333.76,tl_2025_36_sldu.zip,https://dev.planscore.org/plan.html?20260308T223532.920647985Z
NY,11,"SLDUST=""011""",58204.69,48375.12,0.0,78969.81,39623.55,1205.33,71027.39,30834.66,2884.89,,,,,,,53941.49,18860.09,51.0,78209.95,20318.51,1695.93,,,,,86258.0,57658.92,,,,,131497.56,22565.36,55499.78,35340.25,,,85730.6979,32795.468,104798.06,29395.55,89326.52,17808.51,319546,312679.76,100037.97,228200.67,69810.84,57198.22,44837.46,1358.6,7991.29,74056.74,47620.58,22936.34,20397.15,213929.49,77854.36,35695.04,29192.71,tl_2025_36_sldu.zip,https://dev.planscore.org/plan.html?20260308T223532.920647985Z
NY,12,"SLDUST=""012""",56085.68,35342.64,0.0,73189.6,29187.87,1489.16,64889.56,19862.83,3304.58,,,,,,,52048.71,11582.2,77.84,67198.92,13562.86,2919.07,,,,,81800.21,50725.89,,,,,132500.12,23441.28,62568.19,36400.49,,,73060.8489,23569.6852,112483.11,27993.24,67357.55,16062.98,319714,301377.32,87513.28,225480.86,62964.75,48121.81,38601.76,1028.78,7450.43,42188.21,30811.46,6037.64,11413.04,181062.01,61445.56,51899.95,33935.21,tl_2025_36_sldu.zip,https://dev.planscore.org/plan.html?20260308T223532.920647985Z
NY,13,"SLDUST=""013""",39914.82,27393.86,0.0,58616.64,18511.3,713.91,57695.38,9919.47,1844.05,,,,,,,41265.28,5468.27,37.08,56628.4,7160.29,1517.88,,,,,43851.41,35017.28,,,,,127466.83,20638.32,64742.86,38917.41,,,60870.0809,22571.2789,88268.74,26459.35,60703.54,12819.4,319376,283625.58,95939.52,198686.78,65479.93,39476.5,34248.75,440.9,5167.27,34262.44,27294.36,13885.98,14263.77,138623.4,54783.2,68874.51,39276.57,tl_2025_36_sldu.zip,https://dev.planscore.org/plan.html?20260308T223532.920647985Z
NY,14,"SLDUST=""014""",84497.97,25549.95,0.0,102694.37,19081.56,1060.67,92589.94,12548.88,2612.59,,,,,,,74338.36,7730.46,76.78,94243.66,8863.19,1781.27,,,,,79393.09,52230.27,,,,,127362.07,25787.24,56208.11,36140.38,,,88584.7295,29814.5835,106559.44,27618.69,84787.46,19562.65,319109,312669.21,94680.69,223952.24,64710.54,73874.77,50793.86,1398.85,8123.09,29832.97,27068.87,112014.53,52024.54,219469.27,74219.28,32795.85,26416.14,tl_2025_36_sldu.zip,https://dev.planscore.org/plan.html?20260308T223532.920647985Z
NY,15,"SLDUST=""015""",46906.28,44035.11,0.0,65309.58,36790.98,1034.88,60639.59,26229.83,2648.43,,,,,,,43120.2,15068.23,37.05,66047.99,16988.68,1678.28,,,,,75160.75,49031.19,,,,,153834.24,27803.18,60503.41,35172.73,,,79416.5633,26412.4332,102950.45,27020.58,97234.75,20839.31,319456,312463.83,91457.08,224018.49,64517.65,53710.79,39228.62,1057.59,7368.72,55116.27,37625.97,16698.4,20359.31,203811.62,70031.82,57960.07,36022.45,tl_2025_36_sldu.zip,https://dev.planscore.org/plan.html?20260308T223532.920647985Z
NY,16,"SLDUST=""016""",39019.91,38667.94,0.0,55883.85,33961.03,1035.49,49782.54,24619.22,2553.55,,,,,,,36999.56,15140.38,47.19,53533.9,15887.04,1529.54,,,,,68994.54,50195.58,,,,,137039.24,20927.3,57252.23,37496.39,,,77545.4379,27113.7619,103996.45,31005.75,77061.59,15682.95,319569,292412.94,94100.91,219745.85,70352.49,46844.96,38847.55,668.35,7033.19,83980.93,46382.65,9945.45,14155.05,174851.74,64889.59,26590.56,23849.32,tl_2025_36_sldu.zip,https://dev.planscore.org/plan.html?20260308T223532.920647985Z
NY,17,"SLDUST=""017""",25284.24,34143.99,0.0,39292.94,27723.55,915.69,33447.54,21604.6,1911.29,,,,,,,26611.46,12281.59,40.36,37364.91,12331.01,1440.74,,,,,57670.14,40150.45,,,,,142769.46,22397.44,51331.78,31551.47,,,58660.7886,22459.0085,95055.04,25263.42,80779.52,15420.0,319550,287634.58,88985.16,200727.17,58599.99,33281.1,29240.16,661.63,6707.6,63499.56,39101.26,4596.08,10336.84,152282.05,55801.79,21098.51,18679.32,tl_2025_36_sldu.zip,https://dev.planscore.org/plan.html?20260308T223532.920647985Z
NY,18,"SLDUST=""018""",63856.64,21634.92,0.0,76963.95,17994.85,1267.34,72727.19,6832.34,2749.89,,,,,,,58403.38,3798.18,61.01,69298.63,4843.34,3470.67,,,,,64019.65,44697.2,,,,,85736.75,20589.91,51714.35,35081.98,,,66774.6788,23622.0716,107340.37,31379.08,42232.43,13204.98,319074,303235.53,103308.07,196343.33,63367.4,44351.28,38538.4,661.04,6751.07,14205.54,16828.05,31676.29,29758.8,200170.48,74814.43,76974.21,44774.14,tl_2025_36_sldu.zip,https://dev.planscore.org/plan.html?20260308T223532.920647985Z
NY,19,"SLDUST=""019""",76780.12,12936.15,0.0,94150.86,9522.08,582.79,89751.59,5927.51,1362.84,,,,,,,69916.26,3345.7,33.29,88783.97,4039.01,1125.65,,,,,42233.09,36197.12,,,,,108265.99,22522.19,75758.12,44105.89,,,60990.7308,20044.6038,110904.91,30836.34,72750.75,17294.77,318632,298245.77,96860.36,201007.17,62292.42,58515.69,44190.33,253.0,6267.68,9385.8,13951.93,148885.29,69405.89,208220.21,79063.94,34620.08,28068.14,tl_2025_36_sldu.zip,https://dev.planscore.org/plan.html?20260308T223532.920647985Z
NY,20,"SLDUST=""020""",110985.0,13650.0,0.0,122563.12,10409.06,1473.83,111321.04,7140.1,3557.55,,,,,,,98381.31,4916.07,97.71,108775.58,5573.37,4273.06,,,,,108365.94,68950.79,,,,,88933.82,19278.33,50098.83,34246.75,,,73062.9491,29844.9989,129899.0,36063.66,55855.15,14549.87,318855,315159.27,98575.72,229825.36,69660.8,56398.76,45589.48,701.66,7076.71,11678.89,15563.31,107830.74,56425.05,228111.23,77027.36,24457.59,21198.24,tl_2025_36_sldu.zip,https://dev.planscore.org/plan.html?20260308T223532.920647985Z
NY,21,"SLDUST=""021""",82803.03,25983.05,0.0,96892.38,21104.06,1051.26,87966.4,16676.96,2599.81,,,,,,,72750.79,9831.62,62.13,92214.34,9464.77,2236.0,,,,,75065.46,50454.57,,,,,125066.35,23496.3,60716.74,36707.62,,,76620.9457,27418.2399,113269.07,29957.94,84045.45,18026.07,319169,309418.64,94607.86,214156.28,62850.77,64829.29,46809.38,588.39,6988.97,14540.5,17774.02,113731.29,54367.28,206387.2,69230.37,21257.03,20190.76,tl_2025_36_sldu.zip,https://dev.planscore.org/plan.html?20260308T223532.920647985Z
NY,22,"SLDUST=""022""",18452.62,65001.8,0.0,25818.77,62577.53,853.18,24518.97,44167.21,2750.64,,,,,,,20743.67,26311.06,105.29,43297.12,20944.85,1172.86,,,,,65163.49,44427.64,,,,,105207.29,20461.12,49998.23,31537.75,,,68922.4041,25092.2474,95883.87,26304.39,69020.84,15145.33,319615,293466.54,95461.65,178964.39,52459.31,37118.27,30291.14,477.37,6992.47,24903.27,22056.69,6893.83,12496.18,171726.73,59682.32,13400.56,14567.47,tl_2025_36_sldu.zip,https://dev.planscore.org/plan.html?20260308T223532.920647985Z
NY,23,"SLDUST=""023""",44588.87,47927.94,0.0,58692.87,45773.56,1171.37,52635.73,34738.41,2618.05,,,,,,,44739.41,21061.21,73.31,62179.29,20147.35,1604.47,,,,,73443.98,50358.14,,,,,105486.38,19669.5,57661.52,37265.69,,,72763.6625,29007.8665,112610.34,31289.7,71579.88,14929.64,318937,293255.59,93797.16,208447.58,62404.39,47196.83,39687.48,763.76,6524.06,22823.41,22031.17,38880.31,30051.74,205404.97,69227.3,39809.29,30227.81,tl_2025_36_sldu.zip,https://dev.planscore.org/plan.html?20260308T223532.920647985Z
NY,24,"SLDUST=""024""",39060.75,105109.71,0.0,50847.83,102125.51,1668.98,39757.35,84675.92,3657.6,,,,,,,40305.17,54789.52,69.31,68744.17,52569.38,1569.23,,,,,82422.09,54278.62,,,,,51168.71,14795.85,66118.82,38088.19,,,98649.0129,33442.9778,110034.24,29967.69,36470.49,11389.13,319573,315110.15,96814.47,221846.39,62972.25,63009.91,46201.39,443.84,5901.06,24304.49,23817.05,6348.32,10540.2,235276.19,77344.54,28087.94,24131.57,tl_2025_36_sldu.zip,https://dev.planscore.org/plan.html?20260308T223532.920647985Z
NY,25,"SLDUST=""025""",94775.88,9359.2,0.0,107191.36,6008.13,1312.86,98077.77,2435.75,2955.78,,,,,,,83344.82,1679.64,91.46,93740.37,2447.45,3965.79,,,,,84104.74,55126.89,,,,,63173.92,19191.44,51733.35,37225.1,,,69790.7548,26785.5571,121575.55,34572.67,35480.61,12979.89,318346,303039.55,101120.59,210871.7,67558.79,49894.03,43850.91,869.78,7675.74,10897.88,15669.83,111718.47,63960.11,224835.17,80988.66,40978.38,30325.38,tl_2025_36_sldu.zip,https://dev.planscore.org/plan.html?20260308T223532.920647985Z
NY,26,"SLDUST=""026""",93904.91,26564.64,0.0,103391.75,23327.79,1796.27,89459.53,18723.21,4439.42,,,,,,,84401.95,13625.14,119.3,90202.16,14167.54,3972.99,,,,,127408.3,68154.15,,,,,80466.96,17821.95,33059.89,25444.85,,,105524.5931,32571.0829,123202.31,30829.84,42081.73,11889.07,322005,303249.08,89122.27,221590.19,61423.33,35910.52,31840.36,942.56,7767.18,27333.22,23598.44,18411.17,18541.04,211563.16,64494.29,41527.54,27834.02,tl_2025_36_sldu.zip,https://dev.planscore.org/plan.html?20260308T223532.920647985Z
NY,27,"SLDUST=""027""",91492.35,21718.86,0.0,105242.78,15723.38,1878.19,100274.88,12004.57,4844.92,,,,,,,83632.71,9757.43,141.92,93624.28,13018.82,3809.25,,,,,146840.26,88736.53,,,,,81716.27,16606.56,25050.31,23698.74,,,128417.4282,40903.1538,143211.49,40528.38,45343.65,12263.51,320063,298845.75,93469.15,231525.79,74581.17,29340.61,30473.9,668.08,6403.63,49420.86,37760.01,16332.83,18652.73,229241.45,81683.85,36885.98,25973.4,tl_2025_36_sldu.zip,https://dev.planscore.org/plan.html?20260308T223532.920647985Z
NY,28,"SLDUST=""028""",106233.67,29060.49,0.0,112700.29,23456.84,2122.45,104713.18,21473.84,5761.48,,,,,,,87402.48,18402.05,148.2,102231.6,24016.96,2412.72,,,,,187416.45,122155.67,,,,,55658.5,15094.39,14515.4,19293.59,,,157665.4428,59535.7416,151861.32,50076.99,27595.25,10109.47,319639,285308.44,104487.14,230873.03,81633.96,28318.41,37206.39,727.2,7437.31,22287.36,26064.84,8585.4,14138.18,219559.7,87645.14,16332.34,18419.64,tl_2025_36_sldu.zip,https://dev.planscore.org/plan.html?20260308T223532.920647985Z
NY,29,"SLDUST=""029""",68835.89,19028.89,0.0,87802.33,12377.43,1058.73,88449.41,6072.63,2308.69,,,,,,,64845.28,4380.8,56.88,83488.24,5412.99,1737.39,,,,,55051.22,47589.93,,,,,83130.51,20438.06,49268.51,39297.9,,,43228.6898,15756.2679,120856.92,39486.01,37714.78,12615.41,318566,303474.64,110931.09,201882.04,72321.44,53030.52,47933.56,377.85,6453.09,10398.0,15628.15,60717.26,45294.77,204333.66,83623.95,99061.59,58344.14,tl_2025_36_sldu.zip,https://dev.planscore.org/plan.html?20260308T223532.920647985Z
NY,30,"SLDUST=""030""",95453.71,12761.69,0.0,114874.14,8432.73,1444.84,112581.93,4243.53,3585.55,,,,,,,92990.5,3407.64,115.84,107013.43,4380.18,3659.47,,,,,97763.88,66285.86,,,,,89481.48,21019.23,46937.03,35329.84,,,58008.8082,26140.8632,127811.33,34209.46,43390.93,13199.24,318207,321650.1,100643.59,227910.4,71302.78,58249.5,50421.57,416.66,5323.42,13101.29,16154.44,92218.76,54874.03,226025.85,78749.09,60932.55,38338.81,tl_2025_36_sldu.zip,https://dev.planscore.org/plan.html?20260308T223532.920647985Z
NY,31,"SLDUST=""031""",69725.23,25434.32,0.0,93971.15,16612.11,1206.73,98666.7,7740.41,3071.62,,,,,,,73456.67,4846.03,93.02,92388.73,6018.08,2894.08,,,,,73398.79,53920.93,,,,,153874.94,27888.48,51136.23,40688.37,,,58708.2867,21458.4606,122930.61,36711.84,79532.09,16871.48,318973,342676.17,121804.21,242055.1,84546.05,66530.88,58954.85,857.0,6539.09,7395.84,13294.42,30210.39,27484.39,207144.01,83731.33,125842.01,69394.0,tl_2025_36_sldu.zip,https://dev.planscore.org/plan.html?20260308T223532.920647985Z
NY,32,"SLDUST=""032""",47804.83,16863.26,0.0,69451.77,10019.18,545.81,72288.74,3426.16,1189.5,,,,,,,49543.37,1864.71,25.0,67434.38,2554.15,887.96,,,,,26146.37,30294.93,,,,,108279.86,23712.64,52737.28,38212.23,,,34095.9208,14948.7702,106013.79,33862.17,49245.48,14584.53,318601,305324.68,110298.78,187251.83,65818.47,57069.05,47610.43,884.2,7111.62,1816.2,7930.92,66796.28,47420.56,179054.02,73938.04,103506.92,55672.0,tl_2025_36_sldu.zip,https://dev.planscore.org/plan.html?20260308T223532.920647985Z
NY,33,"SLDUST=""033""",52739.51,22927.16,0.0,71551.12,16125.11,897.1,71244.21,9651.69,2196.05,,,,,,,52572.75,6150.27,57.08,70193.37,6677.68,1564.72,,,,,48957.6,41546.13,,,,,108522.01,22509.83,52895.97,40073.39,,,48957.4641,20761.0884,112082.18,35704.61,46841.02,13008.19,319016,305345.06,107906.62,198589.43,68722.01,57347.64,48300.07,492.47,7225.17,10137.58,15509.7,34946.18,31475.03,175734.31,68725.34,92049.13,52897.87,tl_2025_36_sldu.zip,https://dev.planscore.org/plan.html?20260308T223532.920647985Z
NY,34,"SLDUST=""034""",61553.79,32256.57,0.0,79902.49,25749.35,977.54,73550.01,19655.94,2413.65,,,,,,,56828.96,12393.64,44.45,75878.3,13314.96,1484.03,,,,,55283.93,47230.37,,,,,82332.52,20137.18,55194.56,39008.14,,,74808.0312,27146.6562,110635.74,34715.22,44009.84,13807.64,319179,305761.75,108249.63,207152.4,71017.48,59159.28,50306.07,1005.62,7642.66,16255.64,19588.0,43860.53,37240.44,199880.18,78414.17,88478.2,52982.01,tl_2025_36_sldu.zip,https://dev.planscore.org/plan.html?20260308T223532.920647985Z
NY,35,"SLDUST=""035""",81646.26,48732.17,0.0,91344.41,41596.89,1344.24,81746.77,36545.41,4111.74,,,,,,,68082.71,25454.53,55.06,85869.84,28015.0,2211.97,,,,,92109.63,58634.98,,,,,65028.77,15632.48,44734.05,33770.19,,,128115.4945,36685.0116,110980.66,32285.03,40641.24,11258.06,319268,305150.5,101779.0,210162.62,65776.09,51227.27,43061.59,539.0,6573.54,15521.97,18676.97,29815.8,26564.32,216021.29,74533.87,61036.74,39859.79,tl_2025_36_sldu.zip,https://dev.planscore.org/plan.html?20260308T223532.920647985Z
NY,36,"SLDUST=""036""",81291.4,16714.78,0.0,97091.84,12103.16,784.86,91778.68,8352.38,1912.16,,,,,,,72844.13,5205.57,28.62,90676.21,6027.61,1322.99,,,,,57864.32,51581.88,,,,,91600.41,20982.8,62612.8,46861.37,,,71591.1987,25719.1553,115920.93,40261.45,57738.44,15387.51,318970,318309.18,123613.48,223400.25,83032.74,71715.15,60727.95,719.0,7628.06,7947.66,13993.62,125670.77,71100.13,212452.03,85475.65,53054.28,39008.41,tl_2025_36_sldu.zip,https://dev.planscore.org/plan.html?20260308T223532.920647985Z
NY,37,"SLDUST=""037""",95339.15,59843.89,0.0,103221.72,51575.76,1837.0,89128.23,47089.08,6338.36,,,,,,,76874.07,35914.47,81.41,93995.3,41241.27,2263.66,,,,,123976.39,68194.89,,,,,66178.24,16627.68,31906.3,24465.6,,,162972.6931,39887.8139,110866.98,28901.08,35166.97,10681.05,319598,307569.5,89190.26,208599.26,57751.94,39906.87,35381.83,500.0,6468.99,13528.72,16168.83,16595.11,19219.33,214234.72,68604.33,37814.4,27356.62,tl_2025_36_sldu.zip,https://dev.planscore.org/plan.html?20260308T223532.920647985Z
NY,38,"SLDUST=""038""",62656.36,78390.47,0.0,72353.0,68259.0,1604.0,66675.0,56027.0,4568.0,,,,,,,56720.0,36398.0,56.0,78671.0,38437.0,1893.0,,,,,81512.0,48929.0,,,,,40595.0,10404.0,41644.0,28061.0,,,111905.8036,33893.9493,95878.0,25522.0,26723.0,7390.0,323516,309851.0,91868.0,192752.0,54213.0,55724.0,41285.0,526.0,5821.0,14030.0,15953.0,24518.0,21636.0,201325.0,62954.0,28305.0,22288.0,tl_2025_36_sldu.zip,https://dev.planscore.org/plan.html?20260308T223532.920647985Z
NY,39,"SLDUST=""039""",80827.03,74359.68,0.0,83038.22,67858.65,2792.0,64843.86,63417.02,6642.14,,,,,,,62790.84,47269.69,40.99,75799.82,49364.26,2996.12,,,,,76523.04,52152.51,,,,,32213.48,11910.82,58605.73,38423.86,,,93905.2256,28755.4484,115270.72,32033.36,18951.2,8209.64,321478,315508.68,95746.77,219011.09,62880.41,69153.63,52024.57,706.0,7375.83,8142.05,13580.61,31469.64,29436.25,239110.44,75158.8,36618.57,28162.8,tl_2025_36_sldu.zip,https://dev.planscore.org/plan.html?20260308T223532.920647985Z
NY,40,"SLDUST=""040""",93283.77,78150.53,0.0,98158.53,70925.87,2363.1,80502.88,65759.01,6635.45,,,,,,,74828.21,48591.03,72.92,92030.11,52234.22,2662.18,,,,,110079.0,62209.0,,,,,44578.0,13453.0,46693.0,30473.0,,,125384.5997,41942.3228,114411.0,29338.0,26848.0,9938.0,321122,319070.0,90858.0,226909.0,61045.0,56508.0,42603.0,733.0,6280.0,8777.0,12655.0,14478.0,17514.0,233350.0,70260.0,39187.0,29151.0,tl_2025_36_sldu.zip,https://dev.planscore.org/plan.html?20260308T223532.920647985Z
NY,41,"SLDUST=""041""",98947.13,77811.1,0.0,98728.61,74305.47,3487.66,75110.6,69509.43,9228.31,,,,,,,85234.12,54710.26,83.01,91408.34,52017.77,4410.56,,,,,76951.26,52836.4,,,,,23042.13,10505.22,68813.3,40382.83,,,71381.1851,22953.5849,127932.98,32844.14,12842.4,6971.92,321727,318233.99,83855.09,232247.83,60335.34,64672.52,46367.12,1359.53,7939.29,4932.26,11082.13,13448.99,17824.92,258459.0,71430.57,17350.56,16590.73,tl_2025_36_sldu.zip,https://dev.planscore.org/plan.html?20260308T223532.920647985Z
NY,42,"SLDUST=""042""",62160.64,78375.53,0.0,66070.52,70499.79,1956.03,52899.38,62676.74,5733.06,,,,,,,53842.38,42699.51,30.0,69249.54,45501.56,2365.02,,,,,60653.08,42759.05,,,,,23864.45,8967.38,53012.67,33580.72,,,95051.095,32473.258,100312.11,27769.95,15408.47,6323.17,317147,298964.9,89047.3,189177.77,54219.46,62770.17,44855.92,1213.0,6630.01,6148.95,11252.23,23131.36,23021.79,219760.86,67353.32,36736.41,26756.37,tl_2025_36_sldu.zip,https://dev.planscore.org/plan.html?20260308T223532.920647985Z
NY,43,"SLDUST=""043""",79150.97,74305.93,0.0,83573.68,69869.71,3607.04,66496.03,64025.85,9702.95,,,,,,,68529.84,48311.85,69.0,87911.98,44640.85,3547.97,,,,,73386.0,48278.0,,,,,14342.4,6745.71,59530.0,33547.0,,,73817.4152,18607.411,127404.0,30569.0,8227.64,4632.54,315571,308834.0,79077.0,217724.0,53621.0,62640.0,46433.0,1026.0,6294.0,8526.0,12860.0,15991.0,18944.0,245010.0,66307.0,10236.0,11077.0,tl_2025_36_sldu.zip,https://dev.planscore.org/plan.html?20260308T223532.920647985Z
NY,44,"SLDUST=""044""",87663.16,75221.04,0.0,92078.01,72184.21,3701.89,70328.51,64825.87,10743.89,,,,,,,69865.75,50829.42,28.0,87591.24,50350.19,3528.95,,,,,88435.0,56006.0,,,,,19800.0,8233.0,56276.0,36444.0,,,84990.2184,23401.0269,128467.0,33024.0,11980.0,5756.0,325834,316992.0,88021.0,224881.0,60562.0,58236.0,45588.0,1330.0,6834.0,8538.0,13676.0,15152.0,17554.0,254115.0,69727.0,11678.0,12971.0,tl_2025_36_sldu.zip,https://dev.planscore.org/plan.html?20260308T223532.920647985Z
NY,45,"SLDUST=""045""",69499.6,79018.88,0.0,72838.08,73330.9,2934.06,57738.25,63326.0,10254.12,,,,,,,63108.41,44368.72,23.0,75117.5,46471.76,3660.06,,,,,59805.79,45639.22,,,,,7490.6,4393.29,79784.64,40659.42,,,59767.5325,15666.8171,131539.95,33571.31,3961.36,2865.46,325409,324997.71,83500.28,228940.14,56647.27,64624.34,46550.14,4718.23,8984.26,2239.47,9388.9,7390.0,11028.59,257613.37,63860.81,5939.06,7285.36,tl_2025_36_sldu.zip,https://dev.planscore.org/plan.html?20260308T223532.920647985Z
NY,46,"SLDUST=""046""",86649.27,63928.16,0.0,91678.8,60664.42,3770.07,76500.3,56324.66,9243.08,,,,,,,73884.94,43128.96,110.0,93842.46,39978.51,3634.03,,,,,82064.0,52299.0,,,,,21577.0,10173.0,52298.0,31679.0,,,72174.2683,18373.4375,125956.0,31062.0,11077.0,6370.0,315070,310887.0,82255.0,208739.0,53593.0,56752.0,42676.0,939.0,6397.0,7273.0,12715.0,25627.0,23329.0,244555.0,66580.0,16606.0,15016.0,tl_2025_36_sldu.zip,https://dev.planscore.org/plan.html?20260308T223532.920647985Z
NY,47,"SLDUST=""047""",123561.92,19890.11,0.0,130606.24,15609.28,2047.39,122653.83,12878.83,5291.19,,,,,,,106455.05,11411.8,186.2,118725.52,14682.03,3439.79,,,,,188140.57,122268.36,,,,,54740.85,13862.44,16177.46,20988.08,,,130749.0586,58260.1718,156834.18,49941.19,27313.29,9520.5,319503,292597.31,107040.43,239147.65,83987.13,30279.14,37883.9,668.92,6655.87,24583.34,26677.15,13967.97,19404.49,231404.72,91088.39,32102.67,30154.36,tl_2025_36_sldu.zip,https://dev.planscore.org/plan.html?20260308T223532.920647985Z
NY,48,"SLDUST=""048""",79613.86,59952.39,0.0,83524.84,57751.79,3374.0,70136.21,51750.73,7920.05,,,,,,,66425.88,41121.82,87.0,87437.39,35939.53,3103.01,,,,,66186.21,44653.92,,,,,23943.44,10700.57,59061.81,34615.45,,,65812.8751,15306.8944,126896.42,31101.01,11063.59,6538.58,325359,318339.54,82090.87,214172.8,53881.48,62771.77,44745.27,2570.06,8533.81,6770.87,11552.63,32130.53,26510.52,245405.67,65765.22,12179.17,12027.2,tl_2025_36_sldu.zip,https://dev.planscore.org/plan.html?20260308T223532.920647985Z
NY,49,"SLDUST=""049""",46260.35,91069.0,0.0,48924.44,87588.11,2659.02,39927.7,74993.67,7888.11,,,,,,,43923.22,52962.25,38.0,63374.87,50841.48,2466.05,,,,,43551.21,35704.78,,,,,6537.55,4159.82,80192.36,39554.58,,,59683.3193,14653.5388,125902.05,30254.69,3744.7,2796.57,321160,318321.29,81070.72,218008.86,53230.73,67863.66,46195.86,2005.78,7858.74,2413.53,9325.1,7868.0,13065.41,245901.63,63034.19,8424.94,8999.64,tl_2025_36_sldu.zip,https://dev.planscore.org/plan.html?20260308T223532.920647985Z
NY,50,"SLDUST=""050""",85770.57,78752.5,0.0,88846.54,77003.5,3731.01,69601.85,69551.54,9368.98,,,,,,,70722.42,53713.37,77.0,96239.73,46288.71,3024.0,,,,,73092.79,45870.08,,,,,15501.56,7840.43,62367.19,34366.55,,,64697.9458,17550.797,127358.58,27907.99,10189.41,5588.42,318252,311235.46,75576.13,218948.2,49841.52,63421.23,43726.73,2055.94,7474.19,4588.13,9708.37,8511.47,13577.48,245319.32,60813.78,7111.83,8534.8,tl_2025_36_sldu.zip,https://dev.planscore.org/plan.html?20260308T223532.920647985Z
NY,51,"SLDUST=""051""",67706.07,90919.69,0.0,68633.86,86136.76,3448.0,53742.69,76873.05,8556.03,,,,,,,60278.31,57779.83,64.0,73776.67,55465.06,3444.03,,,,,59929.88,47258.49,,,,,11156.02,5656.25,78864.02,42914.1,,,58556.5303,17025.9234,128546.86,34746.26,6454.48,3994.1,322968,322578.83,89785.1,230189.18,61576.88,68376.66,49357.27,1652.55,8650.22,3315.76,10590.87,11250.56,16056.05,257040.54,73396.39,17273.64,16057.45,tl_2025_36_sldu.zip,https://dev.planscore.org/plan.html?20260308T223532.920647985Z
NY,52,"SLDUST=""052""",84253.0,57060.0,0.0,85072.62,55120.18,3383.97,72174.66,51928.27,9972.95,,,,,,,73595.64,39192.59,160.0,86608.44,37653.54,4557.99,,,,,72342.0,47901.0,,,,,22777.0,9262.0,51649.0,31581.0,,,62405.8251,16616.7972,124955.0,32180.0,11701.0,6398.0,318894,309156.0,80981.0,194659.0,50225.0,51612.0,40118.0,1348.0,7252.0,11964.0,14665.0,12348.0,16108.0,246455.0,68364.0,11504.0,11738.0,tl_2025_36_sldu.zip,https://dev.planscore.org/plan.html?20260308T223532.920647985Z
NY,53,"SLDUST=""053""",57426.78,87432.58,0.0,60265.76,83516.65,3186.99,48241.83,73615.71,8959.96,,,,,,,54613.81,55021.76,54.0,72596.71,48580.8,2976.99,,,,,57822.74,39875.54,,,,,18389.37,8346.5,72219.28,36280.49,,,62004.4284,13730.2558,126038.33,29015.3,10661.75,5925.6,322625,323258.6,78995.74,223071.14,51619.91,66741.01,44634.11,1395.91,6684.64,4860.98,10061.16,11580.43,14178.98,244703.16,58806.93,10483.83,11219.65,tl_2025_36_sldu.zip,https://dev.planscore.org/plan.html?20260308T223532.920647985Z
NY,54,"SLDUST=""054""",73900.97,91873.06,0.0,73852.55,88548.94,4510.01,58316.73,81059.16,10954.94,,,,,,,60452.41,62464.42,39.0,79435.6,62786.26,3409.99,,,,,70674.0,43938.0,,,,,8675.0,4762.0,62704.0,31688.0,,,64127.0397,16111.7954,127842.0,26917.0,4815.0,3058.0,317766,314709.0,68498.0,221459.0,46762.0,66346.0,44295.0,1257.0,6300.0,2769.0,8495.0,7895.0,11984.0,249570.0,55390.0,9189.0,9776.0,tl_2025_36_sldu.zip,https://dev.planscore.org/plan.html?20260308T223532.920647985Z
NY,55,"SLDUST=""055""",104211.18,57816.9,0.0,108846.68,58540.52,4468.94,90176.21,55676.77,10817.18,,,,,,,85304.01,44425.93,52.41,105408.82,43753.03,3842.71,,,,,104001.48,58140.59,,,,,19539.05,9469.61,43811.67,28966.13,,,71676.8517,19510.6868,134344.2,30946.15,12622.75,6691.16,321116,316117.66,80696.2,225554.79,54045.17,58036.45,43222.4,903.04,6744.88,6327.03,11469.84,26820.42,23539.76,247494.56,64399.01,21045.15,16758.55,tl_2025_36_sldu.zip,https://dev.planscore.org/plan.html?20260308T223532.920647985Z
NY,56,"SLDUST=""056""",81635.88,51469.77,0.0,87668.17,51406.35,3257.98,75756.63,48016.45,7574.84,,,,,,,66418.24,35071.37,47.59,89274.08,34392.24,2981.27,,,,,66819.52,46915.41,,,,,24995.95,11387.39,54482.33,34804.87,,,59423.9919,16795.0619,125738.8,32261.85,13657.25,7000.84,320776,309117.34,89058.8,208252.21,57184.83,61020.55,46489.6,954.96,6846.12,9389.97,13572.16,49080.58,35312.24,240950.44,69703.99,22059.85,19437.45,tl_2025_36_sldu.zip,https://dev.planscore.org/plan.html?20260308T223532.920647985Z
NY,57,"SLDUST=""057""",50408.93,97911.69,0.0,52365.17,97226.35,3568.97,42238.88,87137.55,9057.04,,,,,,,46399.97,62276.93,33.0,68707.4,61294.02,2754.03,,,,,48630.11,36536.75,,,,,5515.45,3832.35,84526.23,38945.34,,,54816.3879,12739.8452,134891.2,29069.36,2875.66,2445.0,326526,324811.76,74740.78,228298.22,50715.98,66122.88,41985.44,3612.93,8802.79,1883.26,9464.03,6782.7,12364.83,252920.42,59540.42,10291.86,10769.26,tl_2025_36_sldu.zip,https://dev.planscore.org/plan.html?20260308T223532.920647985Z
NY,58,"SLDUST=""058""",58324.0,93567.0,0.0,60444.51,93036.59,3601.05,49039.23,84166.09,9448.07,,,,,,,52485.35,62894.73,48.0,69517.52,64181.72,3100.03,,,,,55830.89,40114.26,,,,,6873.55,4251.65,80904.77,38652.66,,,56475.2407,14126.4738,134146.8,29893.64,3659.34,2796.0,326221,328917.24,77836.22,230992.78,51534.02,65686.12,43593.56,1592.07,8122.21,2469.74,9539.97,8342.3,13237.17,252609.58,59729.58,5311.14,7389.74,tl_2025_36_sldu.zip,https://dev.planscore.org/plan.html?20260308T223532.920647985Z
NY,59,"SLDUST=""059""",98017.11,22501.94,0.0,104426.49,17962.93,1776.62,91545.51,13585.26,4613.22,,,,,,,79955.86,9653.79,140.46,89432.64,12402.85,4054.93,,,,,145702.79,86606.76,,,,,70253.58,16386.38,27317.06,23505.33,,,105253.8229,33775.1064,133383.67,38186.39,36722.42,11524.72,319466,275248.3,86758.9,215950.76,67013.9,33865.53,34546.8,1052.36,6782.93,30903.83,28454.72,14436.62,17341.0,211014.12,73190.52,32826.55,26078.92,tl_2025_36_sldu.zip,https://dev.planscore.org/plan.html?20260308T223532.920647985Z
NY,60,"SLDUST=""060""",82336.56,108211.02,0.0,84785.76,104462.14,3570.64,62326.5,97682.23,8171.83,,,,,,,68921.69,68838.39,0.0,97812.65,63265.39,2800.61,,,,,84558.0,52409.0,,,,,7930.0,4864.0,68164.0,35919.0,,,73286.9856,20578.9249,135995.0,31197.0,5911.0,3946.0,327312,325373.0,80287.0,238832.0,55506.0,66606.0,45646.0,2007.0,6918.0,1861.0,7720.0,4095.0,9255.0,259475.0,66232.0,5825.0,8245.0,tl_2025_36_sldu.zip,https://dev.planscore.org/plan.html?20260308T223532.920647985Z
NY,61,"SLDUST=""061""",91519.98,58418.15,0.0,96605.54,57333.63,3044.45,76136.42,56991.91,7231.93,,,,,,,73339.87,39165.41,0.0,97058.65,36772.3,3171.45,,,,,95305.04,61685.6,,,,,28890.88,11922.78,43228.18,30969.35,,,70544.6873,22764.0887,129943.64,33853.18,14070.08,6966.28,314060,304595.72,89962.69,211991.78,58753.66,61781.28,48572.58,1717.03,7911.84,9535.46,14531.77,19107.05,22630.53,240733.46,71831.03,12872.75,13781.03,tl_2025_36_sldu.zip,https://dev.planscore.org/plan.html?20260308T223532.920647985Z
NY,62,"SLDUST=""062""",62555.66,92411.21,0.0,65672.42,88521.29,3390.0,50764.28,81415.46,7997.62,,,,,,,50748.67,58165.75,38.0,75272.95,55638.06,2653.9,,,,,58618.0,41473.0,,,,,10092.0,6101.0,73640.0,37687.0,,,59726.9809,16965.3674,131429.0,29369.0,6258.0,4532.0,318369,317004.0,76747.0,224399.0,51118.0,68790.0,45660.0,2529.0,8026.0,2634.0,8544.0,14718.0,16792.0,248770.0,61584.0,7739.0,9937.0,tl_2025_36_sldu.zip,https://dev.planscore.org/plan.html?20260308T223532.920647985Z
NY,63,"SLDUST=""063""",74793.29,38143.75,0.0,85881.92,35761.9,1980.97,76993.99,33632.66,4462.54,,,,,,,63763.77,19859.28,0.0,89240.34,18037.05,2351.01,,,,,47673.96,42134.4,,,,,17764.12,10429.22,62505.82,39504.65,,,44830.9342,13643.4258,126971.36,36699.82,9378.92,6452.72,312864,288904.28,96029.31,197170.22,61158.34,69685.72,55032.42,1423.97,8900.16,8998.54,15819.23,67210.95,44993.47,232056.54,78291.97,18516.25,18314.97,tl_2025_36_sldu.zip,https://dev.planscore.org/plan.html?20260308T223532.920647985Z
OK,1,"SLDUST=""001""",7204.0,26154.0,0.0,7456.12,25490.05,591.75,7171.59,22867.93,1387.94,,,,8612.65,22980.93,1766.16,,,,7236.85,21951.87,1980.4,,,,,8990.78,6170.25,,,,,1336.22,689.33,21650.28,7643.09,,,44095.4617,6897.5698,33150.06,5483.55,454.55,337.33,80756,83866.59,13097.92,57192.4,8915.79,22611.01,9310.62,15102.65,6610.11,443.29,1595.31,988.34,1890.61,61730.24,9808.63,1723.95,1527.48,tl_2025_40_sldu.zip,https://dev.planscore.org/plan.html?20260308T223545.560396762Z
OK,2,"SLDUST=""002""",9611.0,29908.0,0.0,9149.34,28778.1,922.24,7163.22,25985.65,1822.81,,,,9724.33,27138.94,1954.49,,,,6077.47,26387.5,2403.8,,,,,13875.05,7108.33,,,,,1858.92,980.8,16822.63,6528.09,,,72622.0447,10649.779,30300.92,4714.21,882.25,602.11,83213,79142.16,12393.75,53556.83,8192.55,22114.62,9416.41,11038.75,6100.67,1178.6,1850.51,1077.72,1745.06,63893.83,10547.22,2726.06,2174.66,tl_2025_40_sldu.zip,https://dev.planscore.org/plan.html?20260308T223545.560396762Z
OK,3,"SLDUST=""003""",8036.0,29306.0,0.0,7744.37,26613.08,661.05,6898.64,23355.81,1523.81,,,,8434.24,24984.58,1517.81,,,,6710.08,22924.25,1958.51,,,,,11320.56,7253.27,,,,,1245.64,783.37,20742.6,8081.26,,,50063.574,12567.6186,30501.13,5360.11,550.02,483.66,80562,82680.02,14963.4,56803.05,10142.01,22893.2,10961.5,14639.97,7050.63,561.57,1529.82,1873.11,2360.62,63291.67,11201.2,2117.02,1983.65,tl_2025_40_sldu.zip,https://dev.planscore.org/plan.html?20260308T223545.560396762Z
OK,4,"SLDUST=""004""",6318.88,26382.68,0.0,6444.79,25178.35,525.24,6290.95,21976.94,1220.7,,,,7088.08,23612.81,1282.14,,,,6829.71,20554.54,1744.73,,,,,9362.63,6841.78,,,,,1107.4,660.86,24376.74,8732.53,,,41860.3456,9552.9342,31882.32,5629.37,502.63,371.91,80677,87444.42,16149.2,60081.3,10885.06,20252.53,9822.44,21220.55,8847.7,592.43,1726.27,821.29,1852.91,62234.73,11829.14,1766.92,1753.67,tl_2025_40_sldu.zip,https://dev.planscore.org/plan.html?20260308T223545.560396762Z
OK,5,"SLDUST=""005""",5012.13,26093.32,0.0,5303.6,25911.68,426.31,5223.86,23060.6,909.55,,,,5564.97,24668.73,1106.59,,,,6615.1,19823.83,2005.55,,,,,8720.89,6803.08,,,,,2449.66,1033.94,23732.82,8339.6,,,42855.8935,10710.4296,32117.44,5380.48,680.74,550.92,81765,86046.98,15179.11,57671.75,9973.48,17914.84,8965.23,10770.3,6154.66,438.36,1807.13,2851.85,2878.73,60179.59,11224.32,2019.81,1855.61,tl_2025_40_sldu.zip,https://dev.planscore.org/plan.html?20260308T223545.560396762Z
OK,6,"SLDUST=""006""",5896.0,26870.0,0.0,5797.25,24972.43,488.54,5373.47,21784.11,971.11,,,,5869.52,24089.56,1126.72,,,,6310.42,19286.94,1968.56,,,,,11202.16,7300.09,,,,,1291.21,840.49,21520.98,8014.89,,,44545.9809,10805.3242,32918.54,5520.91,398.99,394.96,83910,85526.41,14782.03,58205.99,9858.73,22284.89,10306.84,11648.3,6092.57,375.3,1569.7,2899.8,3059.83,64257.0,11412.8,2320.1,2061.16,tl_2025_40_sldu.zip,https://dev.planscore.org/plan.html?20260308T223545.560396762Z
OK,7,"SLDUST=""007""",6169.0,26946.0,0.0,6708.62,26974.16,519.16,6819.99,24616.81,1338.96,,,,7385.61,25303.87,1329.76,,,,7901.5,22442.21,2050.7,,,,,9865.81,7511.54,,,,,1353.98,804.95,22211.18,8270.03,,,45515.241,10055.7642,34157.6,6304.69,466.69,396.9,83563,85942.52,16178.0,59564.21,10828.24,21658.83,11029.24,13545.63,6939.36,538.91,1862.88,1764.65,2651.92,63445.86,11277.72,2097.61,2037.49,tl_2025_40_sldu.zip,https://dev.planscore.org/plan.html?20260308T223545.560396762Z
OK,8,"SLDUST=""008""",7850.0,24646.0,0.0,8498.89,23796.88,607.7,8740.18,21486.16,1389.61,,,,9114.76,22286.48,1368.7,,,,8496.8,21035.0,1884.82,,,,,7908.34,6840.89,,,,,663.37,499.31,22562.53,9378.25,,,44626.164,11122.7228,32616.05,6652.69,295.43,300.72,81039,85536.31,17146.84,58349.88,11617.89,24238.06,12553.14,13374.26,7593.56,417.29,1839.27,4268.54,3799.61,62905.59,12273.69,1701.3,1833.89,tl_2025_40_sldu.zip,https://dev.planscore.org/plan.html?20260308T223545.560396762Z
OK,9,"SLDUST=""009""",10023.0,18119.0,0.0,10645.96,18207.26,716.7,10160.79,16900.17,1631.81,,,,11085.85,16991.68,1425.3,,,,9356.21,17242.58,1973.12,,,,,12627.65,9440.73,,,,,1967.01,989.09,17032.65,8807.91,,,45690.3769,11767.6743,31355.79,6840.03,502.91,380.98,81178,82876.66,19112.29,53366.41,11976.41,19121.09,11731.38,17011.36,9829.31,497.73,1782.4,5534.55,4685.27,60721.87,13618.3,2852.34,2829.92,tl_2025_40_sldu.zip,https://dev.planscore.org/plan.html?20260308T223545.560396762Z
OK,10,"SLDUST=""010""",8024.0,27107.0,0.0,7846.35,26891.69,748.33,7222.25,24189.99,1580.96,,,,8412.16,25419.05,1595.67,,,,6407.3,24153.43,2281.11,,,,,11570.54,7446.2,,,,,1534.09,881.97,19554.82,7577.66,,,55038.6139,11470.5537,32399.47,5677.89,799.87,606.67,82655,83964.82,14840.43,57618.09,10168.44,23042.84,11539.62,10648.88,6189.16,556.27,1824.18,1600.66,2454.01,63370.32,11633.2,2602.96,2377.27,tl_2025_40_sldu.zip,https://dev.planscore.org/plan.html?20260308T223545.560396762Z
OK,11,"SLDUST=""011""",13977.0,4608.0,0.0,18072.67,4889.3,607.85,14954.31,4481.35,982.57,,,,17441.56,4786.66,1019.94,,,,13125.94,5186.16,1947.05,,,,,6766.76,5946.9,,,,,7775.18,2276.22,16815.44,7861.7,,,37921.5523,10411.4997,29410.61,6183.16,1435.74,919.31,80676,77593.65,16919.7,48311.91,10626.11,19036.22,10401.97,4008.07,3813.04,479.26,1736.97,19239.67,7769.75,50985.32,11991.91,5728.54,3884.39,tl_2025_40_sldu.zip,https://dev.planscore.org/plan.html?20260308T223545.560396762Z
OK,12,"SLDUST=""012""",8716.55,27359.68,0.0,8632.47,26629.42,793.69,7237.47,24604.57,1657.33,,,,9088.61,25296.99,1664.47,,,,6331.15,24705.43,2196.49,,,,,11055.72,7814.43,,,,,1190.26,915.17,21416.1,8378.66,,,52100.4679,13386.2071,30849.05,5761.71,508.95,458.26,82804,84608.29,16312.96,57603.18,10767.89,23912.54,11988.25,9154.43,5826.06,477.12,1658.93,1709.92,2393.73,62322.85,11705.92,2175.82,2148.09,tl_2025_40_sldu.zip,https://dev.planscore.org/plan.html?20260308T223545.560396762Z
OK,13,"SLDUST=""013""",7083.92,26170.41,0.0,7517.49,25828.07,723.88,7053.25,24186.31,1517.56,,,,7845.67,24742.07,1349.66,,,,6660.8,23864.98,2072.18,,,,,12354.01,8234.83,,,,,1653.48,948.95,21294.7,8569.96,,,48575.1919,12135.5654,30943.06,5744.24,635.29,539.56,83639,85748.42,16216.19,56849.13,10785.64,21618.72,10846.88,11407.31,6356.0,362.0,1816.98,2116.7,2837.74,62581.61,11784.94,3116.9,2533.86,tl_2025_40_sldu.zip,https://dev.planscore.org/plan.html?20260308T223545.560396762Z
OK,14,"SLDUST=""014""",6765.09,26907.58,0.0,7002.22,26166.54,535.05,6551.76,23877.0,1267.37,,,,6963.74,25384.8,1207.64,,,,7033.0,21925.41,2337.74,,,,,11023.1,8732.43,,,,,1729.07,614.23,21105.4,9215.88,,,47431.8728,11639.6503,32555.48,6696.22,381.05,279.05,82137,84715.36,17402.6,57421.28,11656.41,21970.81,11869.25,8481.92,5528.61,495.0,1995.3,3142.72,3609.12,61176.71,12472.03,3481.34,2705.44,tl_2025_40_sldu.zip,https://dev.planscore.org/plan.html?20260308T223545.560396762Z
OK,15,"SLDUST=""015""",15353.0,24378.0,0.0,14712.32,22869.82,987.29,10898.48,20573.5,2264.75,,,,14604.97,22256.23,1667.97,,,,8175.56,22150.55,3470.19,,,,,20351.21,15040.92,,,,,2076.19,1189.2,12843.92,8649.54,,,74992.0526,18579.0172,29898.84,8971.32,1117.88,763.26,83533,79080.21,23268.91,55484.71,16083.73,21696.19,15093.29,4552.43,5111.46,1632.41,3184.42,2219.52,3651.45,62739.74,18907.39,4163.35,4273.54,tl_2025_40_sldu.zip,https://dev.planscore.org/plan.html?20260308T223545.560396762Z
OK,16,"SLDUST=""016""",16494.0,11178.0,0.0,17917.02,11404.62,955.66,15250.04,11073.29,2576.84,,,,17646.38,11108.13,1435.79,,,,11151.13,12662.01,5121.53,,,,,19085.17,14651.56,,,,,3986.61,2105.28,8305.28,7079.41,,,45596.2742,18849.2437,31819.12,9429.32,1587.05,1152.12,84520,81732.7,25368.44,43629.75,13952.23,16780.15,12904.18,5153.42,5574.42,2347.85,3699.62,4701.66,5781.8,66208.07,20547.18,4331.28,4485.02,tl_2025_40_sldu.zip,https://dev.planscore.org/plan.html?20260308T223545.560396762Z
OK,17,"SLDUST=""017""",8597.0,25221.0,0.0,8376.88,24756.56,813.64,6936.06,21906.27,1880.91,,,,8926.27,23546.24,1495.7,,,,5381.2,23312.17,2093.01,,,,,11549.19,8389.31,,,,,1261.34,850.88,19291.55,8052.5,,,50948.3401,11882.2097,30595.66,6184.11,661.92,550.51,83057,83920.76,16814.31,55995.55,11215.0,22513.65,11773.28,8948.33,6057.86,613.47,1934.43,2041.15,2716.52,63113.68,12805.47,2702.8,2372.27,tl_2025_40_sldu.zip,https://dev.planscore.org/plan.html?20260308T223545.560396762Z
OK,18,"SLDUST=""018""",12027.0,22872.0,0.0,10290.78,21309.6,958.18,7307.37,20341.58,2097.59,,,,10593.43,20379.6,1508.85,,,,5637.93,21739.71,2397.11,,,,,14481.51,10184.2,,,,,3771.82,1846.99,14059.72,9112.04,,,72078.4051,18408.5113,25346.69,6868.91,1877.57,1228.05,84411,76575.57,23070.65,50139.28,14559.68,20582.37,13011.25,3615.62,4104.14,2405.3,3136.89,4112.58,4640.41,60253.13,16963.86,5217.96,4337.24,tl_2025_40_sldu.zip,https://dev.planscore.org/plan.html?20260308T223545.560396762Z
OK,19,"SLDUST=""019""",5926.0,22754.0,0.0,6010.71,23519.71,696.76,5454.31,22367.67,1700.98,,,,6182.79,22564.16,1379.73,,,,4272.38,23201.09,2015.14,,,,,11847.88,8272.86,,,,,1605.12,987.16,19301.96,10288.26,,,60381.6899,15493.5783,30740.08,8188.8,520.76,390.1,80701,80311.19,21568.94,53646.88,13760.28,17722.66,11525.58,2562.41,2983.98,407.72,1642.05,1891.84,2946.52,57088.67,15399.46,5103.15,4636.04,tl_2025_40_sldu.zip,https://dev.planscore.org/plan.html?20260308T223545.560396762Z
OK,20,"SLDUST=""020""",9095.53,28087.81,0.0,8684.65,26223.38,824.4,7233.31,23673.44,1786.01,,,,8992.38,25057.64,1579.92,,,,5858.06,24522.08,2272.47,,,,,15572.87,10381.67,,,,,1352.15,696.88,17996.64,8362.53,,,56670.9756,16726.8908,29224.52,6808.25,414.42,347.83,81052,81257.58,19727.33,54460.55,12708.76,19271.02,11510.21,5124.54,4052.6,570.28,1855.65,3466.52,3404.42,62253.41,14555.7,3485.47,2902.53,tl_2025_40_sldu.zip,https://dev.planscore.org/plan.html?20260308T223545.560396762Z
OK,21,"SLDUST=""021""",9676.0,18393.0,0.0,10056.51,18356.04,893.16,8213.7,17098.96,2198.52,,,,10223.17,17535.46,1489.54,,,,6599.22,18405.74,2543.14,,,,,14469.15,10401.85,,,,,3030.38,1343.14,13622.28,7614.11,,,42770.5689,13896.9953,31310.05,8976.69,617.22,569.26,82489,82568.0,21490.41,44438.49,12395.59,14984.43,10107.82,5617.02,4844.13,1309.67,2663.79,2723.82,3994.36,64156.27,17287.89,3084.0,2821.85,tl_2025_40_sldu.zip,https://dev.planscore.org/plan.html?20260308T223545.560396762Z
OK,22,"SLDUST=""022""",15686.82,25386.75,0.0,12740.61,22205.86,929.63,9299.76,20625.86,2261.27,,,,12902.3,21638.16,1368.44,,,,6906.03,23010.47,2363.27,,,,,25844.18,16558.38,,,,,3241.69,1847.64,10447.51,8287.54,,,90117.647,22451.8717,28528.26,8128.71,1815.71,1236.79,83957,81834.58,24499.26,54118.2,16744.41,18238.36,13545.5,2669.27,3225.18,3054.13,3988.67,5444.74,6267.41,61611.59,18041.65,3932.61,3690.94,tl_2025_40_sldu.zip,https://dev.planscore.org/plan.html?20260308T223545.560396762Z
OK,23,"SLDUST=""023""",8432.0,28484.0,0.0,7535.28,25559.38,733.7,6305.23,23856.29,1772.36,,,,7942.64,24389.88,1363.34,,,,5042.11,24688.47,2152.77,,,,,11900.44,9425.69,,,,,1670.5,1228.12,21669.93,11016.19,,,58864.6523,15197.0804,29045.34,7211.29,616.34,554.77,84095,85279.92,22445.04,57630.17,14830.37,21561.63,13254.32,5002.5,4535.41,597.26,1952.38,2143.5,3039.09,66026.1,16100.54,4314.94,3881.65,tl_2025_40_sldu.zip,https://dev.planscore.org/plan.html?20260308T223545.560396762Z
OK,24,"SLDUST=""024""",11689.0,20107.0,0.0,11297.23,20468.36,921.66,8209.68,19605.88,2237.43,,,,11472.15,19587.2,1580.49,,,,6380.2,20887.82,2833.07,,,,,14359.21,11028.85,,,,,4369.17,2511.06,14705.99,10026.09,,,68283.1227,17986.8945,30369.11,8726.07,2591.36,1630.24,82530,81021.97,25207.14,53104.61,15812.24,23936.43,15408.63,4273.19,4847.58,3309.45,3930.91,3391.0,4484.14,62349.53,19030.56,6226.33,5272.25,tl_2025_40_sldu.zip,https://dev.planscore.org/plan.html?20260308T223545.560396762Z
OK,25,"SLDUST=""025""",12775.45,25250.32,0.0,11318.08,24824.27,928.31,8702.71,22925.72,1876.2,,,,11527.96,24002.29,1588.82,,,,6951.08,24290.79,2233.42,,,,,22329.51,10718.58,,,,,2871.17,974.21,11049.05,6109.93,,,91578.5404,18793.7452,31197.54,5961.65,1397.62,577.69,84082,79813.97,15408.54,53814.35,10413.88,20953.84,10655.33,4926.71,3949.72,2378.51,2833.9,4141.23,3499.75,60243.95,11408.17,4039.78,3094.13,tl_2025_40_sldu.zip,https://dev.planscore.org/plan.html?20260308T223545.560396762Z
OK,26,"SLDUST=""026""",6366.0,23789.0,0.0,6743.3,24196.66,621.54,6143.44,22658.43,1499.82,,,,6953.66,23251.4,1280.3,,,,4784.4,23923.29,1596.95,,,,,11280.51,8827.18,,,,,2497.33,1007.1,20463.3,9308.78,,,55900.704,16625.0603,30586.67,7400.78,425.59,427.47,80680,84318.9,19956.94,55221.48,12532.84,22395.38,12820.05,7327.64,5435.14,399.25,1837.08,2779.6,3395.52,57746.06,13283.77,5623.13,3988.29,tl_2025_40_sldu.zip,https://dev.planscore.org/plan.html?20260308T223545.560396762Z
OK,27,"SLDUST=""027""",3638.0,25791.0,0.0,3750.0,26899.0,587.0,3472.0,26260.0,1373.0,,,,4049.0,25850.99,1231.0,,,,2960.0,26327.0,1670.99,,,,,11994.0,8677.0,,,,,7052.0,2299.0,17935.0,8473.0,,,56162.5463,11980.5948,29428.0,6914.0,1494.0,962.0,80552,81224.0,19260.0,52836.0,11926.0,21325.0,11680.0,2407.0,2866.0,375.0,1794.0,914.0,2346.0,53215.0,12867.0,6855.0,4862.0,tl_2025_40_sldu.zip,https://dev.planscore.org/plan.html?20260308T223545.560396762Z
OK,28,"SLDUST=""028""",7510.47,28156.19,0.0,7365.94,26376.63,672.54,6482.65,23406.47,1603.17,,,,7732.95,25255.22,1354.07,,,,5235.93,24401.99,1951.88,,,,,9857.08,6846.83,,,,,876.9,606.19,20937.85,8055.68,,,48710.7583,11088.863,30131.0,5690.33,361.54,350.84,80506,81529.55,15937.62,55778.82,10778.21,23083.81,10905.06,8221.18,5058.87,470.41,1620.06,1941.88,2455.01,61293.07,11751.51,1973.95,1891.11,tl_2025_40_sldu.zip,https://dev.planscore.org/plan.html?20260308T223545.560396762Z
OK,29,"SLDUST=""029""",8309.0,28610.0,0.0,8239.79,28079.65,844.53,7339.22,25790.52,1940.13,,,,8582.77,26748.45,1746.93,,,,6489.18,26172.79,2333.45,,,,,13844.19,8878.79,,,,,2266.83,1224.35,19896.16,8484.92,,,52189.9462,12006.8183,31541.45,5796.86,935.56,693.42,81026,81456.5,15548.1,55431.45,10122.45,19960.18,10292.35,10212.38,6255.59,787.48,1938.04,1546.75,2496.18,61172.67,12303.64,2311.72,2310.88,tl_2025_40_sldu.zip,https://dev.planscore.org/plan.html?20260308T223545.560396762Z
OK,30,"SLDUST=""030""",13665.92,9759.92,0.0,15594.84,10885.95,835.54,11969.95,11658.35,2237.41,,,,15304.95,10510.62,1332.13,,,,9534.54,13326.08,3007.11,,,,,12629.63,11440.32,,,,,9945.29,4061.95,14724.57,10681.41,,,42740.3615,13267.0762,32233.06,10338.75,2841.72,1882.39,83739,81308.56,29315.84,52158.44,17726.68,19307.5,14192.64,2840.97,4021.26,1300.66,2946.81,6256.87,7047.85,51706.78,18139.42,8296.1,6966.88,tl_2025_40_sldu.zip,https://dev.planscore.org/plan.html?20260308T223545.560396762Z
OK,31,"SLDUST=""031""",7201.0,22916.0,0.0,7418.0,22841.83,643.97,6819.38,20699.26,1233.84,,,,7027.2,22527.42,1187.32,,,,6265.35,20404.48,1848.64,,,,,10309.57,7540.52,,,,,3547.79,1729.74,21641.17,9066.49,,,56109.0799,14404.5078,29887.46,6361.97,1930.5,1079.42,80568,82791.96,17820.4,56040.58,11888.52,23123.47,12025.12,5262.91,4070.24,997.08,2013.39,6298.27,4061.27,61561.9,11651.37,4969.78,3144.97,tl_2025_40_sldu.zip,https://dev.planscore.org/plan.html?20260308T223545.560396762Z
OK,32,"SLDUST=""032""",8565.0,13612.0,0.0,9194.77,13861.35,663.1,7555.88,12859.16,1332.55,,,,8468.78,13951.91,1214.98,,,,6327.39,13407.26,1928.78,,,,,12631.84,10092.55,,,,,2459.79,1477.33,16632.11,10259.82,,,55825.5612,16444.632,29223.76,7802.16,1179.38,820.55,82008,81510.89,22373.25,51213.88,14649.89,23342.6,15212.78,3863.71,3934.07,1844.94,2713.26,9015.43,6571.65,59986.78,14203.43,7515.61,4886.15,tl_2025_40_sldu.zip,https://dev.planscore.org/plan.html?20260308T223545.560396762Z
OK,33,"SLDUST=""033""",11855.0,22073.0,0.0,12037.31,23179.39,903.94,9032.52,22067.45,1909.89,,,,12144.31,22372.44,1630.89,,,,7399.61,23167.39,2340.88,,,,,16111.39,8212.35,,,,,4701.0,1534.0,12235.99,6678.33,,,71446.7287,14599.8342,27275.06,4411.69,2587.0,1018.0,80754,76392.78,15199.41,50187.32,9573.27,22559.1,10614.02,5115.75,4198.46,2443.69,2802.1,4561.62,4230.0,58037.84,11135.55,4088.18,3124.02,tl_2025_40_sldu.zip,https://dev.planscore.org/plan.html?20260308T223545.560396762Z
OK,34,"SLDUST=""034""",9359.0,16049.0,0.0,10948.16,17156.2,840.69,8614.99,16624.37,1490.75,,,,11070.68,16371.29,1494.12,,,,7288.32,17115.02,2177.12,,,,,10452.47,7332.25,,,,,8650.58,2075.05,16582.38,7937.19,,,46661.1913,11305.1391,30107.32,5742.05,2273.81,1029.81,84409,83951.51,17524.03,52237.18,10491.37,20085.34,10680.4,5042.86,4278.87,1670.78,2620.54,5470.66,4610.07,53265.9,11729.28,6233.48,3885.69,tl_2025_40_sldu.zip,https://dev.planscore.org/plan.html?20260308T223545.560396762Z
OK,35,"SLDUST=""035""",22264.0,14823.0,0.0,21108.38,16614.77,1140.7,18739.6,17708.05,2913.13,,,,20938.89,16251.8,1566.37,,,,15039.88,20395.32,3694.27,,,,,26383.83,13803.3,,,,,4694.44,1991.68,13075.33,7873.56,,,59712.4976,15428.5469,38416.45,7642.56,1811.6,1161.72,83817,84495.64,18224.37,61250.8,12742.45,22001.25,12935.84,5335.66,5009.96,1398.63,2937.94,4324.08,4456.96,65946.75,14681.12,4334.08,3582.67,tl_2025_40_sldu.zip,https://dev.planscore.org/plan.html?20260308T223545.560396762Z
OK,36,"SLDUST=""036""",10144.0,19512.0,0.0,10229.69,19338.99,737.4,7422.15,17637.92,1570.34,,,,10292.07,18606.05,1351.02,,,,6184.85,18369.13,1935.19,,,,,15386.19,8259.93,,,,,4347.02,1185.95,13695.55,6240.36,,,74426.6128,12371.2138,29449.81,5595.55,1207.53,597.19,82314,78736.13,14281.08,50721.4,9339.32,20404.73,9736.88,5048.45,3671.82,2368.97,2554.35,4050.4,3240.21,53946.79,9443.92,5181.18,3156.59,tl_2025_40_sldu.zip,https://dev.planscore.org/plan.html?20260308T223545.560396762Z
OK,37,"SLDUST=""037""",10594.0,18711.0,0.0,10843.99,18884.25,836.33,8524.26,17549.96,1795.83,,,,10956.71,18109.6,1499.52,,,,7070.08,18432.16,2285.66,,,,,14460.06,8213.83,,,,,4507.78,1422.45,13475.66,6807.95,,,50039.2815,12197.0396,30826.44,5679.67,1224.39,692.61,83490,80049.8,15596.06,50517.31,9703.51,18220.04,9538.8,6455.49,5055.79,2032.13,2657.39,4213.1,3737.21,57787.51,11461.1,3743.6,3057.17,tl_2025_40_sldu.zip,https://dev.planscore.org/plan.html?20260308T223545.560396762Z
OK,38,"SLDUST=""038""",4873.0,23594.0,0.0,5093.01,24346.0,548.0,4993.0,22868.0,1200.0,,,,5145.0,23644.0,1113.0,,,,4342.0,23114.0,1446.01,,,,,10276.0,8364.0,,,,,3592.0,1881.0,18505.0,9181.0,,,50418.9796,13251.7271,31249.0,8138.0,1442.0,1049.0,81575,82350.0,20258.0,55103.0,13026.0,22082.0,13291.0,2738.0,2852.0,479.0,1954.0,3629.0,3387.0,59980.0,13622.0,8259.0,5280.0,tl_2025_40_sldu.zip,https://dev.planscore.org/plan.html?20260308T223545.560396762Z
OK,39,"SLDUST=""039""",16055.0,18514.0,0.0,15031.78,19560.69,932.53,12570.36,20148.04,2177.37,,,,14670.23,19220.65,1492.77,,,,9909.94,22459.96,2555.48,,,,,24636.11,11325.52,,,,,4703.16,1885.62,10206.44,5788.75,,,71239.5555,17626.4173,34247.57,6417.47,1898.23,1101.34,81973,79106.92,15555.17,55379.9,10419.64,21874.71,12621.93,4609.68,4187.55,1584.95,2572.31,6027.87,4961.05,60553.98,11971.37,3796.57,3021.14,tl_2025_40_sldu.zip,https://dev.planscore.org/plan.html?20260308T223545.560396762Z
OK,40,"SLDUST=""040""",19537.0,15661.0,0.0,18744.8,16382.61,962.77,15267.67,16873.93,2772.93,,,,18460.78,16175.71,1388.68,,,,11780.63,19908.53,3333.73,,,,,26457.34,16444.68,,,,,6136.56,3079.64,11261.71,8251.75,,,67245.0366,17122.6125,36542.4,9561.39,2743.02,1662.05,82302,82781.22,24453.89,60139.65,16435.32,23371.78,15294.97,3780.46,4702.94,2336.29,3681.12,7605.44,7579.44,62418.0,18897.51,4001.64,4325.01,tl_2025_40_sldu.zip,https://dev.planscore.org/plan.html?20260308T223545.560396762Z
OK,41,"SLDUST=""041""",14404.66,23294.48,0.0,12143.09,22961.2,961.34,9645.93,21363.12,2647.94,,,,12001.04,22925.13,1297.37,,,,6928.14,24546.44,2486.94,,,,,30572.65,18454.54,,,,,2820.0,1446.71,6891.34,6098.75,,,105380.7671,28140.3858,29496.79,8132.52,1129.35,819.9,83200,82147.21,24510.66,52645.96,15414.48,18534.91,13084.87,2923.68,3878.15,2244.17,3587.26,3480.43,4837.82,61774.96,17633.0,2154.7,2563.34,tl_2025_40_sldu.zip,https://dev.planscore.org/plan.html?20260308T223545.560396762Z
OK,42,"SLDUST=""042""",13892.0,21921.0,0.0,14421.36,22020.59,1025.36,10518.3,21066.3,2295.87,,,,14377.48,21295.64,1805.25,,,,8263.75,22706.94,2934.81,,,,,14558.02,10955.23,,,,,1431.67,1051.45,16669.16,9468.92,,,68445.2141,17404.6213,31299.17,8200.45,859.83,727.17,82697,83804.23,23749.56,55195.97,14602.16,24069.81,14746.32,3521.55,4097.5,1680.17,2822.04,8952.08,7173.33,61507.29,15326.75,3235.52,3189.96,tl_2025_40_sldu.zip,https://dev.planscore.org/plan.html?20260308T223545.560396762Z
OK,43,"SLDUST=""043""",6782.0,30390.0,0.0,6331.6,28444.05,632.64,5591.8,25109.33,1411.89,,,,6710.7,27292.51,1311.33,,,,4784.65,25284.57,1989.63,,,,,11857.55,8723.78,,,,,1614.81,731.1,21067.61,9093.75,,,56377.0568,14568.7086,29872.97,6218.43,609.98,406.46,83114,82422.81,17159.39,56155.51,11333.04,21928.56,11947.77,6400.59,5046.65,345.98,1651.21,1759.82,2456.53,63474.78,13519.78,4005.94,3377.3,tl_2025_40_sldu.zip,https://dev.planscore.org/plan.html?20260308T223545.560396762Z
OK,44,"SLDUST=""044""",7026.0,6347.0,0.0,9081.79,7137.87,386.07,7129.67,7284.81,1027.77,,,,8784.83,6924.0,788.04,,,,5735.12,7940.94,1631.62,,,,,4361.5,6127.01,,,,,18908.24,5621.78,15823.4,10979.74,,,40571.7496,13344.5715,29128.66,10883.46,3687.74,2001.7,83444,85617.7,31071.22,49924.76,18385.15,16953.96,15217.54,2213.37,3489.93,976.17,2137.85,5041.91,5754.26,43516.38,16432.7,15372.94,8851.19,tl_2025_40_sldu.zip,https://dev.planscore.org/plan.html?20260308T223545.560396762Z
OK,45,"SLDUST=""045""",10834.0,19408.0,0.0,10910.09,19363.38,744.59,8095.37,18988.62,1869.3,,,,10835.0,18703.73,1379.12,,,,6248.63,20348.76,2366.23,,,,,13213.01,9669.26,,,,,6765.77,2601.34,15940.5,9541.12,,,67158.8444,13126.2423,30109.54,8260.38,3021.65,1539.92,84066,78672.91,21681.02,52383.35,14548.97,20271.78,12764.71,3617.96,4068.45,3249.72,3631.37,4130.62,4768.23,58831.49,16356.37,7847.64,5845.51,tl_2025_40_sldu.zip,https://dev.planscore.org/plan.html?20260308T223545.560396762Z
OK,46,"SLDUST=""046""",13431.08,8452.08,0.0,14460.91,9094.44,782.0,11902.54,9597.12,1791.75,,,,14203.94,8784.36,1213.93,,,,9667.02,10950.23,2607.15,,,,,12118.72,10819.79,,,,,9683.32,3791.39,16229.07,11163.44,,,42310.6218,15103.3427,31973.67,10016.31,2274.86,1409.59,82212,85756.89,31515.23,55761.91,19873.78,20468.99,16315.78,4125.37,5298.33,2302.0,3918.56,10116.06,9314.81,57387.83,19291.67,8969.2,7265.11,tl_2025_40_sldu.zip,https://dev.planscore.org/plan.html?20260308T223545.560396762Z
OK,47,"SLDUST=""047""",16375.0,19370.0,0.0,13732.94,18504.17,859.55,10656.55,17773.1,2127.2,,,,13484.51,18333.2,1254.21,,,,7981.09,20357.68,2327.5,,,,,27226.6,15734.2,,,,,3134.67,1273.11,7595.51,5979.52,,,86184.1005,22226.1635,30819.89,8149.88,1785.03,870.87,83813,77367.1,21982.18,50836.11,13768.42,19067.18,12992.64,3032.77,3783.76,3711.12,4622.29,8117.13,7775.91,60089.31,16947.26,3160.89,3002.94,tl_2025_40_sldu.zip,https://dev.planscore.org/plan.html?20260308T223545.560396762Z
OK,48,"SLDUST=""048""",20336.52,6642.77,0.0,24704.3,6325.71,857.03,21215.39,5721.83,1404.11,,,,23921.3,6281.71,1352.03,,,,18243.27,7476.98,2494.1,,,,,13849.43,12063.52,,,,,3325.42,2150.81,17000.47,11551.1,,,35636.3188,14560.2791,36490.15,11096.93,1384.75,1136.62,84093,82459.73,27263.21,55501.24,18322.69,25313.97,18117.37,2328.77,3874.76,1014.25,2928.64,29509.93,15642.9,59305.6,19341.57,3746.81,4276.02,tl_2025_40_sldu.zip,https://dev.planscore.org/plan.html?20260308T223545.560396762Z
OR,1,"SLDUST=""001""",26456.77,52682.85,2481.05,27519.44,54871.4,2348.73,20042.37,44434.6,6350.73,,,,29196.81,50943.1,2501.89,,,,27252.19,35513.06,6619.93,,,,,21254.57,20551.07,,,,,1634.13,1171.88,33508.59,20644.73,,,51353.6517,21871.7939,60767.72,17035.03,854.26,636.06,142212,140840.78,42325.86,106410.39,30253.71,51583.22,33447.15,4699.83,6592.36,1595.07,4167.33,735.53,3837.42,115578.31,33753.47,5535.32,6021.55,tl_2025_41_sldu.zip,https://dev.planscore.org/plan.html?20260308T223546.405220317Z
OR,2,"SLDUST=""002""",26360.96,51422.14,2430.97,28468.82,52874.73,2333.48,20580.22,44446.84,6602.82,,,,28948.09,49715.34,2797.55,,,,28956.92,34349.08,6604.7,,,,,19654.86,17495.15,,,,,2664.84,1558.8,30951.75,18437.23,,,48075.137,16360.1827,57760.67,14863.34,1474.5,1018.37,141786,138977.43,39809.68,103477.08,28185.67,53167.25,31774.46,3044.43,4898.93,1340.81,3820.35,955.44,3463.7,110739.0,32613.21,7475.24,6801.82,tl_2025_41_sldu.zip,https://dev.planscore.org/plan.html?20260308T223546.405220317Z
OR,3,"SLDUST=""003""",40667.6,31626.79,2552.06,44899.49,32963.32,2505.11,34233.04,28534.71,7605.45,,,,44295.45,31512.65,2829.35,,,,38212.76,22900.38,7411.06,,,,,34078.23,22247.05,,,,,6533.56,3158.32,22137.87,14714.88,,,66371.0308,20337.3988,58828.54,14209.44,2718.83,1715.98,142502,140054.47,39295.11,99340.79,26457.52,44248.25,27060.11,2302.27,3989.78,2386.22,4457.74,1376.8,3728.64,110415.52,30892.69,10602.8,9450.79,tl_2025_41_sldu.zip,https://dev.planscore.org/plan.html?20260308T223546.405220317Z
OR,4,"SLDUST=""004""",47508.21,20104.14,2806.2,52120.18,21150.19,2826.41,42050.72,17711.9,8243.02,,,,51405.85,19520.04,3465.99,,,,43305.36,14615.33,8001.86,,,,,31838.87,21258.36,,,,,7540.84,4017.3,19543.22,12489.2,,,52479.0572,16915.6528,59689.7,13828.35,2906.39,1854.08,142435,144170.13,37496.14,90654.49,23578.89,40235.61,24227.54,2558.44,4625.77,5023.57,7060.82,2001.7,4399.57,116556.59,33614.3,9232.92,7823.36,tl_2025_41_sldu.zip,https://dev.planscore.org/plan.html?20260308T223546.405220317Z
OR,5,"SLDUST=""005""",41039.77,38653.09,2735.88,42029.23,40569.82,2553.58,30665.8,33024.79,7461.91,,,,42617.41,37889.3,2927.5,,,,36367.18,26422.44,7271.28,,,,,27939.94,21924.7,,,,,5008.72,2830.87,28310.04,16853.12,,,54071.635,17190.4805,60042.1,15708.18,2358.46,1685.48,140391,138329.44,37974.65,105573.11,27738.87,52422.57,29844.74,4688.35,6389.55,1687.18,4530.42,902.65,4099.5,115416.22,31164.88,5621.95,5965.06,tl_2025_41_sldu.zip,https://dev.planscore.org/plan.html?20260308T223546.405220317Z
OR,6,"SLDUST=""006""",30306.07,48523.37,2801.08,32250.81,48681.94,2689.57,23404.39,37893.46,7710.08,,,,32908.44,45806.18,2867.22,,,,29713.55,30971.14,6742.42,,,,,21181.8,16964.42,,,,,3820.85,2447.09,29932.29,17746.32,,,57677.3393,17662.9278,53525.59,13352.2,1759.52,1277.83,141318,140300.34,39378.86,100262.61,26422.04,48627.97,28426.32,3083.7,4942.15,1721.34,4311.3,644.09,3189.41,111684.54,32120.65,5284.83,5816.89,tl_2025_41_sldu.zip,https://dev.planscore.org/plan.html?20260308T223546.405220317Z
OR,7,"SLDUST=""007""",50338.38,26449.49,2831.79,52988.54,27882.7,2839.57,38963.8,24109.14,8313.93,,,,52131.52,26458.46,3094.48,,,,41836.25,21096.17,6855.32,,,,,31914.32,19868.95,,,,,6689.08,3320.51,21169.72,13914.77,,,65343.9599,17111.8923,55222.24,12091.48,3179.74,1952.59,141405,135878.46,34592.05,97030.54,23745.65,46705.09,25593.75,2665.72,4374.88,3847.0,5754.58,2226.36,4508.47,108268.14,27900.77,8890.16,7788.11,tl_2025_41_sldu.zip,https://dev.planscore.org/plan.html?20260308T223546.405220317Z
OR,8,"SLDUST=""008""",44279.98,27031.08,3018.96,46246.33,28135.49,3100.16,35790.02,23729.06,8728.14,,,,45473.11,27137.88,3289.76,,,,37541.46,21163.1,7782.54,,,,,35888.72,21854.75,,,,,7300.29,2784.86,14469.83,10244.75,,,70215.4706,18657.9029,52495.37,11721.42,2133.25,1363.41,141755,136879.0,34742.05,85602.35,20997.75,37911.65,23002.95,1566.1,3475.57,4675.76,5971.88,1669.9,4000.66,107495.91,27265.38,8307.03,6777.18,tl_2025_41_sldu.zip,https://dev.planscore.org/plan.html?20260308T223546.405220317Z
OR,9,"SLDUST=""009""",26316.31,47391.55,2584.87,28646.51,47158.12,2355.07,20546.93,36375.34,6932.33,,,,28904.39,45044.03,2493.68,,,,25989.51,31278.09,5336.73,,,,,20314.14,15735.19,,,,,10944.25,4014.56,28032.57,16314.93,,,74844.7215,20352.6578,48218.0,11997.08,4408.97,2286.79,142091,141035.23,40134.32,97259.05,26422.4,45253.73,26004.24,2317.6,4113.22,2312.78,4456.28,930.61,3067.12,102135.97,28945.14,11617.34,9360.81,tl_2025_41_sldu.zip,https://dev.planscore.org/plan.html?20260308T223546.405220317Z
OR,10,"SLDUST=""010""",39754.34,28743.02,2715.28,42465.62,30253.03,2854.8,30013.96,24762.46,7744.1,,,,41641.24,29525.27,2969.04,,,,33167.47,22442.36,5637.45,,,,,31687.16,19107.1,,,,,9318.47,3533.51,19270.34,13075.39,,,62101.9105,18371.6763,51941.55,12219.51,3758.5,2321.52,142303,137726.36,35509.04,90131.25,21926.41,38699.46,22457.4,2351.88,3854.85,3463.76,4725.22,1983.3,3838.58,105169.09,26327.58,13390.34,9894.94,tl_2025_41_sldu.zip,https://dev.planscore.org/plan.html?20260308T223546.405220317Z
OR,11,"SLDUST=""011""",26423.32,23797.79,1909.82,29735.93,24697.3,1955.89,21518.84,20066.25,5438.09,,,,29350.54,23439.75,2261.63,,,,24058.9,17017.65,4646.89,,,,,16749.69,13418.75,,,,,15533.88,4819.43,24329.41,15096.94,,,52615.4743,15407.1622,48004.44,12365.36,4953.64,2358.14,142263,142318.37,41672.24,90358.64,24778.66,36817.2,23026.39,1922.6,3525.65,2117.83,3958.71,1384.07,3139.18,88667.84,25600.46,21587.11,12794.82,tl_2025_41_sldu.zip,https://dev.planscore.org/plan.html?20260308T223546.405220317Z
OR,12,"SLDUST=""012""",33471.81,41859.05,2995.6,34703.83,41466.41,2814.57,24879.88,32680.16,8110.27,,,,34597.77,39598.9,2915.12,,,,29903.02,28218.02,6107.4,,,,,25395.6,16790.49,,,,,7730.21,3258.82,24304.11,14077.14,,,72728.6348,17557.1935,50118.19,11652.72,3470.64,1894.28,141526,139946.3,34690.85,95057.74,22537.68,43786.22,23816.4,3088.33,3972.47,2021.31,3829.14,1359.32,3189.89,107097.73,26702.81,10601.19,8182.69,tl_2025_41_sldu.zip,https://dev.planscore.org/plan.html?20260308T223546.405220317Z
OR,13,"SLDUST=""013""",48426.8,25887.73,3137.73,51572.24,27881.04,2770.2,36683.96,23153.09,8077.14,,,,49293.82,27913.34,3078.57,,,,38354.49,22346.7,5708.75,,,,,44898.92,24729.44,,,,,8512.13,3167.96,15402.7,11430.06,,,97586.9569,23026.7922,53817.93,12174.37,4126.48,1803.88,141227,138120.94,35609.26,96833.04,24219.44,39436.48,23933.65,1144.25,2980.27,7937.18,7938.97,2226.08,4283.75,105110.31,27406.62,9667.47,8557.75,tl_2025_41_sldu.zip,https://dev.planscore.org/plan.html?20260308T223546.405220317Z
OR,14,"SLDUST=""014""",62733.32,13664.48,2975.68,67974.72,15650.08,2587.47,54726.36,14094.95,7857.79,,,,65559.63,15828.8,3178.94,,,,54465.81,13439.08,6890.2,,,,,61917.91,33284.31,,,,,11469.69,4403.16,12995.27,11011.99,,,88198.3425,28157.1886,62489.11,15495.98,5449.47,2631.24,140600,144774.52,38490.78,106054.56,27523.88,33854.7,24438.19,1402.68,3831.29,7993.63,9073.81,3350.29,6261.31,108987.21,29885.9,9764.87,8277.99,tl_2025_41_sldu.zip,https://dev.planscore.org/plan.html?20260308T223546.405220317Z
OR,15,"SLDUST=""015""",37254.44,21609.46,2598.04,40970.57,23097.45,2671.11,29141.7,18861.8,7446.58,,,,39733.96,22332.01,2910.82,,,,30698.4,17154.3,6033.94,,,,,35519.81,23072.5,,,,,16620.1,4781.5,20199.84,14972.98,,,87925.5041,20349.0241,50222.93,12904.74,5738.75,2395.92,140598,140514.44,42634.42,94641.36,27370.46,34610.15,23660.34,1361.45,3405.51,7234.34,7648.77,2294.73,4632.03,97075.44,28422.18,17857.48,12353.24,tl_2025_41_sldu.zip,https://dev.planscore.org/plan.html?20260308T223546.405220317Z
OR,16,"SLDUST=""016""",39256.74,42265.38,3127.91,41318.99,42868.39,2973.11,30042.48,33738.63,8349.31,,,,42188.82,40237.98,3156.84,,,,37019.17,26483.66,7231.26,,,,,23393.33,17900.22,,,,,4954.94,2655.22,29840.18,17563.54,,,61304.0754,20603.5851,54380.34,13961.8,2386.9,1636.65,142484,139317.97,38173.76,101633.14,26800.24,48048.08,27710.63,2630.53,5080.93,2269.77,4752.31,1316.58,4071.85,112761.77,31452.38,6045.65,6525.59,tl_2025_41_sldu.zip,https://dev.planscore.org/plan.html?20260308T223546.405220317Z
OR,17,"SLDUST=""017""",56297.93,12260.49,2993.44,61818.68,13516.09,2314.96,46602.96,11585.72,6428.17,,,,59242.53,13879.7,2965.79,,,,44782.99,11783.16,5949.84,,,,,62549.14,33481.37,,,,,9094.6,2498.26,9757.94,9628.89,,,111535.1206,27342.3642,60802.7,14335.75,4129.27,1556.77,139990,130091.62,33556.89,96311.45,24483.49,26054.51,18946.97,1270.08,3521.75,15134.6,11677.05,4504.85,6916.0,99976.69,25620.2,7308.79,6717.66,tl_2025_41_sldu.zip,https://dev.planscore.org/plan.html?20260308T223546.405220317Z
OR,18,"SLDUST=""018""",42845.18,20997.43,2894.9,47033.39,22297.28,2598.82,33894.32,18632.28,7487.04,,,,45328.32,21671.85,3072.84,,,,35003.95,17082.9,6126.18,,,,,38595.72,21841.2,,,,,15298.91,4128.67,18017.75,12645.11,,,87663.1154,25932.3345,50025.91,12358.84,7182.4,2389.56,140275,139813.76,37784.83,95175.84,24395.57,32538.3,20927.61,917.54,2877.13,12267.0,11276.42,3496.35,5745.73,96075.93,27063.11,14266.57,10455.73,tl_2025_41_sldu.zip,https://dev.planscore.org/plan.html?20260308T223546.405220317Z
OR,19,"SLDUST=""019""",59136.22,21900.2,3143.54,63045.36,24228.6,2715.31,49483.62,21838.87,8200.82,,,,60199.92,25193.35,2863.18,,,,50542.88,21828.51,5528.82,,,,,61687.5,29010.08,,,,,10219.76,3283.84,9473.36,8090.53,,,120559.3441,32241.8358,55188.88,11420.88,5478.28,2255.29,140700,138242.07,32672.07,97544.83,21548.57,30691.1,19665.36,820.52,2972.17,6833.67,7686.59,1935.93,4196.08,102741.53,24735.8,7580.53,6994.87,tl_2025_41_sldu.zip,https://dev.planscore.org/plan.html?20260308T223546.405220317Z
OR,20,"SLDUST=""020""",41231.51,30929.64,2971.12,44476.08,32820.07,2593.37,31914.42,25930.96,7581.59,,,,43071.85,31135.89,3060.71,,,,35296.37,22507.05,5923.32,,,,,32235.73,20284.61,,,,,11823.0,4484.14,23312.86,15134.27,,,84851.9908,20629.2873,54210.85,13266.25,7558.47,3292.91,141874,142593.43,37455.95,99522.11,25300.29,43623.25,25651.54,1755.41,3516.89,8203.56,7833.7,2033.54,3973.49,108776.72,29186.27,8634.17,7822.97,tl_2025_41_sldu.zip,https://dev.planscore.org/plan.html?20260308T223546.405220317Z
OR,21,"SLDUST=""021""",73667.67,10187.22,4010.69,80169.29,11994.58,2702.69,63742.95,10294.6,7936.61,,,,77880.89,11483.43,3949.29,,,,60757.35,8767.03,10143.56,,,,,59240.83,32354.95,,,,,8134.27,3893.46,14575.78,12204.87,,,78089.8196,25375.0145,62781.65,15075.98,4306.67,2244.07,140636,141793.89,38651.97,108875.77,28521.73,40181.1,27528.67,1626.8,4023.4,5655.33,7202.13,2772.38,5557.42,115428.92,30814.63,9159.95,8305.83,tl_2025_41_sldu.zip,https://dev.planscore.org/plan.html?20260308T223546.405220317Z
OR,22,"SLDUST=""022""",69336.8,5646.85,3669.94,78702.23,6737.6,2280.73,64409.09,5794.08,6580.7,,,,76478.35,6406.28,3474.19,,,,60181.86,4841.81,9467.76,,,,,59590.8,32370.38,,,,,9727.9,4328.22,14765.27,12820.98,,,84230.5062,27207.4565,59068.77,14814.76,4718.79,2683.06,142070,144127.94,39694.66,106942.67,28650.88,33800.3,23803.12,1880.85,4580.15,6458.73,7816.6,11423.0,12087.44,111275.4,32037.45,9564.68,7949.87,tl_2025_41_sldu.zip,https://dev.planscore.org/plan.html?20260308T223546.405220317Z
OR,23,"SLDUST=""023""",60495.87,10277.66,3257.97,67894.54,12630.27,2388.52,54313.46,10187.83,7157.23,,,,66035.23,11677.02,3497.54,,,,52618.91,8113.98,8733.56,,,,,47833.78,29386.23,,,,,20057.42,6372.56,20216.17,14997.81,,,74304.2876,21473.9255,58148.89,15248.61,11028.09,4234.0,139900,142760.41,40182.45,108398.22,30328.29,39588.43,25414.85,1626.22,4087.06,11854.51,11733.38,5652.2,8025.47,107060.92,32945.02,7468.09,7004.24,tl_2025_41_sldu.zip,https://dev.planscore.org/plan.html?20260308T223546.405220317Z
OR,24,"SLDUST=""024""",33226.02,20089.24,2196.94,39581.13,23355.65,2015.23,29787.37,17911.13,5743.34,,,,38881.97,21540.11,2738.68,,,,31871.18,14191.64,5722.28,,,,,22210.51,16803.85,,,,,19729.16,5931.32,26149.85,17118.47,,,65889.3599,20928.8283,48899.07,13018.44,10009.61,3609.67,139993,136398.33,39839.03,96321.77,26992.09,41329.71,26232.18,1687.8,3521.78,11760.02,10697.1,7392.0,8741.32,96193.21,28963.1,8378.66,7381.49,tl_2025_41_sldu.zip,https://dev.planscore.org/plan.html?20260308T223546.405220317Z
OR,25,"SLDUST=""025""",30487.65,23169.74,2095.92,35932.73,26050.54,2171.39,26007.71,20785.83,6220.37,,,,35064.57,24466.11,2682.52,,,,29101.95,16467.7,5574.81,,,,,20179.04,15448.38,,,,,19759.26,6751.88,24323.48,14749.12,,,65360.3358,20850.0221,49649.63,12328.17,8021.68,3708.81,140856,138086.74,42019.2,91241.02,24105.78,41531.89,23654.3,2126.61,3893.09,5955.92,6939.93,5132.2,7037.63,94909.55,27864.38,11974.66,9460.35,tl_2025_41_sldu.zip,https://dev.planscore.org/plan.html?20260308T223546.405220317Z
OR,26,"SLDUST=""026""",36740.88,42359.23,2976.69,39004.0,41866.53,2785.37,28548.24,32958.8,7506.86,,,,38836.91,39794.51,2904.92,,,,34130.22,27118.12,6234.51,,,,,25894.62,20066.28,,,,,9514.98,4396.52,25007.26,15914.66,,,71366.766,19862.1129,51310.75,12759.86,3863.78,2334.59,141393,136508.81,38166.89,96814.34,26066.32,42109.18,24870.89,2058.23,4124.04,2295.32,4585.54,906.04,3493.4,103831.07,29842.77,8833.07,7937.8,tl_2025_41_sldu.zip,https://dev.planscore.org/plan.html?20260308T223546.405220317Z
OR,27,"SLDUST=""027""",52943.01,32664.42,3195.76,50974.99,33849.34,2646.59,32614.79,28124.63,7613.79,,,,49956.2,32646.25,3035.77,,,,38096.99,22655.78,6056.45,,,,,40956.5,26355.87,,,,,325.52,156.22,18470.69,13296.88,,,72539.2308,23694.7706,55353.72,14208.64,103.55,78.52,140326,137642.43,38659.61,98764.95,26473.57,40237.51,26320.77,1942.05,3771.94,2039.09,4196.53,831.73,3019.04,112636.63,29189.38,6949.3,6006.11,tl_2025_41_sldu.zip,https://dev.planscore.org/plan.html?20260308T223546.405220317Z
OR,28,"SLDUST=""028""",24184.28,51003.76,2202.0,25456.69,51983.78,2139.49,17386.81,41954.79,5858.06,,,,26574.82,48962.83,2390.52,,,,27273.81,31039.35,5602.73,,,,,20780.03,17829.06,,,,,4320.96,2274.5,31229.46,20062.56,,,48286.3791,14213.5947,55695.8,16164.55,2053.23,1402.27,140419,137077.33,42419.35,99647.45,29659.99,45109.28,28669.75,4400.42,6397.75,1165.04,4093.6,986.98,3803.64,107952.68,33061.63,8643.15,7668.67,tl_2025_41_sldu.zip,https://dev.planscore.org/plan.html?20260308T223546.405220317Z
OR,29,"SLDUST=""029""",18547.19,42478.43,2132.9,20757.8,43417.89,1938.49,14999.65,34996.76,5644.57,,,,22047.39,40635.67,1913.17,,,,23301.1,26162.13,5051.42,,,,,17220.8,14710.36,,,,,6683.79,3039.59,27689.84,15639.56,,,56163.8614,12919.8271,50424.68,12613.6,1939.53,1316.96,140257,136565.2,36446.71,91322.37,22834.7,41278.99,23492.63,5323.93,5178.37,1006.35,3645.52,1239.38,4085.13,99384.57,28055.41,12926.06,9449.49,tl_2025_41_sldu.zip,https://dev.planscore.org/plan.html?20260308T223546.405220317Z
OR,30,"SLDUST=""030""",20864.99,53804.27,2337.25,21624.85,53498.39,2020.22,15116.11,43789.58,5896.16,,,,23201.21,50417.97,2100.49,,,,25317.01,33136.3,5255.99,,,,,20441.11,17135.95,,,,,5104.49,1998.03,29953.59,17111.33,,,52375.9305,14868.2962,53493.29,13452.66,1711.34,1099.31,141671,135459.84,35857.32,97627.08,24290.45,44040.82,24904.11,3499.4,5229.29,1268.3,3978.28,1018.98,3906.13,109421.58,28982.44,10868.61,8363.34,tl_2025_41_sldu.zip,https://dev.planscore.org/plan.html?20260308T223546.405220317Z
NC,1,"SLDUST=""001""",47599.0,64347.0,0.0,50401.0,60276.0,1383.0,44282.13,50514.4,3103.03,,,,48236.0,58210.0,4013.0,,,,43746.07,49788.38,2376.09,,,,,33687.0,26099.0,,,,,4261.0,2978.0,47427.0,26260.0,,,47692.3409,15529.0928,82958.0,21320.0,1949.0,1682.0,199623,205852.0,55317.0,149356.0,38542.0,59288.0,36468.0,1724.0,5584.0,1398.0,5749.0,46489.0,24912.0,158295.0,41289.0,4414.0,5908.0,tl_2025_37_sldu.zip,https://dev.planscore.org/plan.html?20260308T223535.326850062Z
NC,2,"SLDUST=""002""",47259.31,66706.48,0.0,50351.0,63911.0,1137.0,47853.24,56823.87,2624.73,,,,49880.0,60333.0,4163.0,,,,46871.25,56249.12,3014.59,,,,,30952.0,24808.0,,,,,3806.0,2754.0,48936.0,27498.0,,,43939.876,15973.4851,88053.0,23074.0,1684.0,1569.0,198557,205914.0,56044.0,152374.0,39732.0,59099.0,37418.0,3493.0,6519.0,999.0,6072.0,48051.0,26665.0,159475.0,43629.0,3641.0,5572.0,tl_2025_37_sldu.zip,https://dev.planscore.org/plan.html?20260308T223535.326850062Z
NC,3,"SLDUST=""003""",43759.7,65336.52,0.0,44386.0,62059.0,1344.0,39019.83,55879.27,2830.75,,,,43139.0,58888.0,4659.0,,,,37679.94,55564.59,3287.57,,,,,30109.0,24919.0,,,,,6122.0,4168.0,41048.0,25746.0,,,47697.4912,16907.002,84715.0,22927.0,2420.0,1960.0,200494,205800.0,58877.0,141369.0,38962.0,58704.0,39445.0,1196.0,4943.0,2524.0,6356.0,41655.0,25810.0,153570.0,42628.0,6585.0,6828.0,tl_2025_37_sldu.zip,https://dev.planscore.org/plan.html?20260308T223535.326850062Z
NC,4,"SLDUST=""004""",45964.0,56295.0,0.0,48801.0,55164.0,1060.0,45038.97,49449.66,2436.18,,,,47815.0,52407.0,3832.0,,,,44240.0,49455.46,2284.25,,,,,29045.0,24738.0,,,,,10397.0,5471.0,47868.0,27837.0,,,45526.4139,15712.5515,87384.0,22785.0,2659.0,2213.0,216568,226351.0,65307.0,153133.0,41789.0,55923.0,38759.0,1409.0,5213.0,1752.0,6090.0,57924.0,33013.0,158070.0,47352.0,9520.0,9765.0,tl_2025_37_sldu.zip,https://dev.planscore.org/plan.html?20260308T223535.326850062Z
NC,5,"SLDUST=""005""",60386.0,49691.0,0.0,63341.0,48188.0,1521.0,58050.59,43957.92,3413.15,,,,61550.0,46529.0,4140.0,,,,55911.57,45508.71,2880.26,,,,,41228.0,32313.0,,,,,4755.0,3425.0,40378.0,28613.0,,,48094.0858,17143.0837,91483.0,27385.0,1673.0,1702.0,219143,232030.0,74599.0,146436.0,45769.0,51383.0,39434.0,869.0,5088.0,2267.0,6812.0,67323.0,38895.0,166500.0,52322.0,5793.0,6951.0,tl_2025_37_sldu.zip,https://dev.planscore.org/plan.html?20260308T223535.326850062Z
NC,6,"SLDUST=""006""",25684.0,54960.0,0.0,24266.0,46078.0,1891.0,17517.66,37136.0,2499.14,,,,23344.0,42868.0,4990.0,,,,17032.63,36193.79,2907.28,,,,,25116.0,21813.0,,,,,4389.0,2701.0,31216.0,20864.0,,,55941.5987,14562.2133,66131.0,20749.0,2853.0,1911.0,204576,198377.0,61145.0,106528.0,34170.0,51565.0,36463.0,3796.0,6559.0,4130.0,6752.0,20997.0,17772.0,154780.0,45197.0,18029.0,11783.0,tl_2025_37_sldu.zip,https://dev.planscore.org/plan.html?20260308T223535.326850062Z
NC,7,"SLDUST=""007""",57763.13,64671.97,0.0,54531.1,60609.95,2080.95,40936.94,53110.99,4969.9,,,,50785.15,58740.03,6357.86,,,,39291.62,53765.94,4515.06,,,,,59718.41,36667.59,,,,,6248.17,3338.51,26665.3,19255.6,,,65011.0498,20800.8603,84883.39,22699.76,3472.25,2168.83,198476,201559.41,58825.12,138901.49,38852.43,49740.34,35793.95,1184.9,3998.94,2199.25,5396.63,14604.48,15411.86,159363.37,44311.99,5930.01,6726.37,tl_2025_37_sldu.zip,https://dev.planscore.org/plan.html?20260308T223535.326850062Z
NC,8,"SLDUST=""008""",60068.15,88383.93,0.0,54365.57,75403.9,1463.09,42429.94,59254.4,3359.83,,,,52698.49,71209.74,5834.28,,,,40955.95,58165.13,4128.7,,,,,44713.07,32329.02,,,,,4679.83,3812.49,51496.13,32096.98,,,51877.7161,17278.2839,94077.83,26823.79,2286.75,2202.17,214549,222855.61,68135.19,168632.33,49393.58,60164.26,41753.95,3036.03,6833.39,1445.75,6582.5,29908.04,22099.98,184780.64,52370.91,6324.99,7860.7,tl_2025_37_sldu.zip,https://dev.planscore.org/plan.html?20260308T223535.326850062Z
NC,9,"SLDUST=""009""",38092.72,70032.1,0.0,40608.81,64391.96,1028.99,36968.67,54759.4,2128.48,,,,39824.97,60487.75,4470.04,,,,36035.15,53689.36,2732.41,,,,,29732.44,25793.88,,,,,4592.0,2513.0,48574.57,28987.12,,,42866.4778,15389.7263,83706.71,23903.48,1103.0,1080.0,202784,223536.76,68742.37,155005.53,45272.0,58731.79,39912.56,2551.78,6002.37,795.83,5400.55,37340.92,24946.28,149133.48,44590.57,9395.31,10368.51,tl_2025_37_sldu.zip,https://dev.planscore.org/plan.html?20260308T223535.326850062Z
NC,10,"SLDUST=""010""",48101.0,74873.0,0.0,41255.52,68349.19,1746.96,28380.57,54399.08,3177.75,,,,39769.39,64818.49,5619.83,,,,28297.56,54004.83,2989.81,,,,,32484.0,30107.0,,,,,2876.0,1358.0,37622.0,27973.0,,,50534.8144,18479.6136,71332.0,24052.0,304.0,285.0,215999,203308.0,74652.0,135596.0,48213.0,52954.0,43085.0,1339.0,5228.0,1765.0,6008.0,29166.0,24952.0,158015.0,54153.0,12301.0,12959.0,tl_2025_37_sldu.zip,https://dev.planscore.org/plan.html?20260308T223535.326850062Z
NC,11,"SLDUST=""011""",54967.0,58983.0,0.0,54257.0,55119.0,1245.0,48345.86,47020.43,2653.27,,,,53380.0,52249.0,4205.0,,,,48036.71,47092.67,2315.15,,,,,29176.0,25653.0,,,,,6378.0,3734.0,46836.0,28454.0,,,50563.6767,15430.6646,79995.0,22832.0,1998.0,1647.0,206121,206928.0,64758.0,143030.0,42279.0,52241.0,36554.0,1334.0,4897.0,1206.0,5281.0,59756.0,34666.0,156830.0,47404.0,6825.0,7459.0,tl_2025_37_sldu.zip,https://dev.planscore.org/plan.html?20260308T223535.326850062Z
NC,12,"SLDUST=""012""",36051.27,58733.45,0.0,34614.15,53383.17,1447.43,27512.56,42770.73,2663.92,,,,33739.51,50413.02,4569.07,,,,27515.5,42290.52,2553.02,,,,,28039.08,18101.5,,,,,12767.0,5544.0,37590.01,19274.3,,,51274.7109,13803.8765,69980.07,15599.97,4719.0,2791.0,200794,198671.21,47651.33,131152.65,30193.99,56470.61,31937.54,1821.29,3993.3,2170.17,4742.32,31208.57,18553.88,144217.52,33931.54,13504.69,10458.43,tl_2025_37_sldu.zip,https://dev.planscore.org/plan.html?20260308T223535.326850062Z
NC,13,"SLDUST=""013""",66903.03,60892.95,0.0,58600.35,56754.3,2394.15,40245.49,46983.04,5012.83,,,,54377.0,57082.02,5519.36,,,,38696.99,50003.49,3086.9,,,,,60111.95,31290.75,,,,,10490.55,4224.05,18917.19,13200.72,,,98181.236,24032.003,63146.18,15515.94,4977.78,2362.43,198371,182065.66,51674.63,119199.15,30369.29,36518.98,25159.99,1036.95,3284.6,5025.71,6515.16,19365.88,16707.66,142286.76,37734.82,7982.36,7958.24,tl_2025_37_sldu.zip,https://dev.planscore.org/plan.html?20260308T223535.326850062Z
NC,14,"SLDUST=""014""",74404.06,26375.4,0.0,74723.47,23537.62,1688.31,61940.78,19315.75,3329.05,,,,71576.87,23090.31,4524.58,,,,60897.87,20833.4,2327.69,,,,,45874.5,30376.23,,,,,12208.37,5008.49,31519.0,22002.1,,,61740.3427,17077.4948,70322.67,19265.76,3944.89,2481.28,198512,201124.82,61911.15,133753.64,39893.65,47075.88,32758.76,942.92,3390.96,5166.63,7583.35,66936.53,34825.3,143260.24,43194.89,13499.5,12056.69,tl_2025_37_sldu.zip,https://dev.planscore.org/plan.html?20260308T223535.326850062Z
NC,15,"SLDUST=""015""",71924.06,32603.49,0.0,73693.41,32470.44,2087.97,62326.19,30314.5,5408.52,,,,68809.01,34242.59,4428.3,,,,59629.93,35032.2,2952.73,,,,,72176.95,40459.86,,,,,18750.82,7146.49,18049.05,14861.71,,,72908.2289,26466.196,80298.15,19986.68,5756.95,3119.32,198368,198245.2,57192.64,131610.5,37277.72,39081.69,29573.88,857.66,3799.58,5517.01,7838.59,30980.78,20833.7,146003.78,41390.54,10128.42,10217.71,tl_2025_37_sldu.zip,https://dev.planscore.org/plan.html?20260308T223535.326850062Z
NC,16,"SLDUST=""016""",74273.22,35309.92,0.0,77829.95,36099.98,2556.81,61979.34,34235.95,6392.55,,,,72473.27,38041.02,5061.92,,,,59297.83,39174.85,3534.92,,,,,82297.23,39620.04,,,,,23870.06,8427.44,15016.87,12406.84,,,87123.5122,21906.1272,82279.04,18073.41,10789.69,4619.58,198384,194168.13,47948.76,135057.37,32499.73,36123.33,26234.11,779.29,3762.82,7105.18,9002.59,18797.41,16785.91,141824.22,36124.21,7375.79,7552.59,tl_2025_37_sldu.zip,https://dev.planscore.org/plan.html?20260308T223535.326850062Z
NC,17,"SLDUST=""017""",67671.76,36484.31,0.0,66193.8,35005.33,1928.61,46314.14,29719.25,4824.76,,,,61228.17,36834.65,4216.18,,,,43362.99,34193.01,2629.4,,,,,85633.87,39323.29,,,,,20977.1,4213.0,10149.44,9036.65,,,114429.4175,26831.1023,67627.81,16258.53,10430.92,2597.41,198415,185595.65,45275.61,122763.93,30331.88,25543.85,20603.02,528.41,2570.63,21342.13,13958.45,15264.53,13316.52,125822.45,32713.27,6820.49,6555.02,tl_2025_37_sldu.zip,https://dev.planscore.org/plan.html?20260308T223535.326850062Z
NC,18,"SLDUST=""018""",61637.87,62253.93,0.0,56851.08,58966.89,2026.74,42696.68,49015.19,4678.9,,,,53613.37,58775.08,4675.63,,,,41023.5,52034.07,2818.54,,,,,59008.51,33496.83,,,,,5604.11,3027.54,27310.45,18074.99,,,76336.9456,23666.881,68445.15,17341.68,2856.77,1756.99,198352,190285.53,51595.21,131652.41,34800.74,39906.27,27805.24,962.77,3832.4,3149.35,5734.85,33104.86,22735.92,149472.56,41181.27,6872.45,7246.76,tl_2025_37_sldu.zip,https://dev.planscore.org/plan.html?20260308T223535.326850062Z
NC,19,"SLDUST=""019""",57087.13,31754.92,0.0,63402.0,32713.0,1815.0,55000.86,28622.75,3119.77,,,,60722.0,31128.0,5102.0,,,,53331.0,29407.47,2901.68,,,,,37242.23,24892.74,,,,,11128.58,4553.88,36135.18,19814.86,,,43028.598,12258.6976,89246.85,16372.22,6533.57,3041.92,216471,217923.96,49732.69,139563.64,29565.23,68477.26,34603.81,2635.06,5604.52,4846.99,7584.15,71775.39,29101.05,155301.73,34600.44,15334.32,10607.31,tl_2025_37_sldu.zip,https://dev.planscore.org/plan.html?20260308T223535.326850062Z
NC,20,"SLDUST=""020""",90666.73,34622.54,0.0,87342.09,32675.78,1851.77,70830.36,26744.04,4572.68,,,,83500.53,33518.47,4212.3,,,,68814.63,30311.89,2574.25,,,,,73565.5,44297.19,,,,,14619.87,5482.61,20914.77,17488.11,,,68082.2597,21215.2109,81639.1,22129.83,6669.59,3111.02,201314,194542.03,59632.53,138678.7,40590.67,37100.39,30671.44,1047.16,4592.67,7058.47,8975.18,43283.85,29212.22,153243.19,45667.57,8057.52,9176.71,tl_2025_37_sldu.zip,https://dev.planscore.org/plan.html?20260308T223535.326850062Z
NC,21,"SLDUST=""021""",42976.86,67700.08,0.0,41846.0,64083.0,1630.0,32949.24,53145.62,3390.21,,,,39912.0,61675.0,5003.0,,,,32477.18,53231.19,2921.26,,,,,43811.78,29417.26,,,,,3951.42,2132.12,34303.82,21639.14,,,58756.6224,17284.0402,78860.15,18966.78,2319.43,1475.08,217984,215901.04,57371.31,140083.36,36141.77,61348.74,37874.19,3194.94,6158.48,3074.01,6411.84,31472.61,20094.95,166633.27,40178.56,12101.68,9178.69,tl_2025_37_sldu.zip,https://dev.planscore.org/plan.html?20260308T223535.326850062Z
NC,22,"SLDUST=""022""",82526.0,20706.0,0.0,84133.01,20968.99,1541.23,71547.92,18754.03,3646.03,,,,80625.56,21672.31,3654.69,,,,69658.65,21500.77,2191.15,,,,,58403.5,40440.81,,,,,22500.13,8349.39,28553.23,22334.89,,,66587.5615,20451.5611,78392.9,23957.17,5753.4,3375.98,199804,195975.97,65014.47,134427.3,42899.33,37305.61,31482.56,904.84,5150.33,5301.53,8225.82,51947.15,33995.78,139791.81,46566.43,9254.48,10145.29,tl_2025_37_sldu.zip,https://dev.planscore.org/plan.html?20260308T223535.326850062Z
NC,23,"SLDUST=""023""",78227.0,41758.0,0.0,76918.69,40448.51,1573.99,72553.93,35740.96,4707.27,,,,74604.7,39696.53,3765.97,,,,70316.15,38884.09,2892.83,,,,,62598.0,40727.0,,,,,9527.0,4183.0,27188.0,18774.0,,,69176.6771,24565.7891,78368.0,20752.0,3869.0,2283.0,210529,208534.0,59161.0,136066.0,38184.0,37866.0,30522.0,1336.0,5198.0,6680.0,8553.0,27753.0,21989.0,158260.0,43521.0,7576.0,8295.0,tl_2025_37_sldu.zip,https://dev.planscore.org/plan.html?20260308T223535.326850062Z
NC,24,"SLDUST=""024""",35281.34,47853.78,0.0,37933.19,44619.57,856.2,35980.32,34650.32,2167.53,,,,37377.22,40811.02,3413.41,,,,35695.43,33449.6,1805.37,,,,,22050.31,18855.65,,,,,6611.0,3187.0,46512.93,22433.58,,,35505.9447,10520.8348,77062.95,15358.38,1856.0,1528.0,202331,220606.24,50272.26,143806.42,31727.31,55146.61,30542.39,41870.3,18424.25,1478.0,5600.36,44298.49,22142.28,145485.12,32753.15,6823.37,6378.23,tl_2025_37_sldu.zip,https://dev.planscore.org/plan.html?20260308T223535.326850062Z
NC,25,"SLDUST=""025""",45578.85,67919.38,0.0,43719.68,65305.95,1473.88,34009.15,55548.31,3164.49,,,,43084.67,62260.4,4316.57,,,,33036.58,55643.46,3317.67,,,,,33176.44,23927.65,,,,,12560.12,6072.01,41666.08,23878.11,,,51836.6812,17991.8472,83134.56,20566.89,4443.01,3071.52,217433,210420.68,55505.79,142672.11,36695.05,56863.58,36323.35,1356.1,4617.41,2749.19,6274.78,29952.39,21143.5,160292.9,43142.8,10126.36,9567.89,tl_2025_37_sldu.zip,https://dev.planscore.org/plan.html?20260308T223535.326850062Z
NC,26,"SLDUST=""026""",49031.55,76897.51,0.0,46118.68,72862.12,1494.46,35561.67,63132.83,3427.51,,,,45268.16,69062.05,5118.67,,,,34855.19,63058.2,3388.08,,,,,37614.18,27540.87,,,,,9553.97,5272.77,42935.21,25105.49,,,60003.7577,19760.4354,81404.02,21548.33,4268.12,2885.44,211816,203977.83,58903.06,145296.73,40266.5,55467.33,38437.98,1333.65,4530.83,3378.2,6760.64,32225.53,24639.36,162169.72,49284.92,6442.75,7791.44,tl_2025_37_sldu.zip,https://dev.planscore.org/plan.html?20260308T223535.326850062Z
NC,27,"SLDUST=""027""",65562.37,43383.07,0.0,67492.08,43627.18,1792.8,56451.22,41468.36,4493.43,,,,64230.48,43259.79,4514.02,,,,53983.98,44152.92,3314.95,,,,,60110.98,32602.69,,,,,22791.62,9337.44,29531.6,19692.18,,,58067.9551,17110.2934,84284.88,20240.09,9716.21,5094.86,210569,209656.08,54309.4,143411.67,36708.01,48951.71,32194.36,1021.57,4377.65,5971.94,8438.71,42700.32,26729.57,152075.94,41799.96,7822.57,8456.68,tl_2025_37_sldu.zip,https://dev.planscore.org/plan.html?20260308T223535.326850062Z
NC,28,"SLDUST=""028""",72187.59,22236.8,0.0,75471.55,22118.79,1334.99,71455.28,20270.17,3393.0,,,,72517.57,21569.8,3926.97,,,,69260.28,22266.16,2511.0,,,,,42662.88,29979.13,,,,,20563.23,9563.19,33600.31,22901.54,,,44671.8784,14987.3937,81087.09,22843.65,8572.1,5153.71,210036,210393.27,64349.47,133262.95,40283.64,49252.37,35665.37,1016.89,4464.12,6077.36,9220.8,79258.02,38414.36,151721.53,45596.8,8811.15,9332.51,tl_2025_37_sldu.zip,https://dev.planscore.org/plan.html?20260308T223535.326850062Z
NC,29,"SLDUST=""029""",32748.07,73206.48,0.0,34835.25,70143.06,1054.0,32386.08,60638.69,2541.57,,,,34596.24,65677.06,4563.02,,,,32183.05,58514.67,3576.79,,,,,24620.09,24300.08,,,,,9849.3,4581.15,53053.21,30788.72,,,46781.5476,16299.1361,87575.36,25599.88,2811.76,2215.07,218829,226975.11,70340.05,155401.88,46210.27,58513.6,40811.09,2182.95,6178.77,1461.89,6285.13,32945.69,23758.37,161565.27,51919.12,9242.39,9269.69,tl_2025_37_sldu.zip,https://dev.planscore.org/plan.html?20260308T223535.326850062Z
NC,30,"SLDUST=""030""",31134.22,87345.97,0.0,29345.35,82876.74,1589.81,23378.18,69898.55,3313.44,,,,30226.52,78091.88,5018.52,,,,22869.37,69083.31,3790.66,,,,,29619.34,24080.36,,,,,6999.57,4059.14,47449.06,26651.23,,,52759.0278,16201.5702,83851.2,21815.32,2339.24,1951.45,211614,209364.24,60290.5,147921.6,40024.3,57160.83,37956.04,1897.0,5105.58,2087.54,5944.96,15109.62,15993.15,162217.57,47200.07,6379.75,7457.56,tl_2025_37_sldu.zip,https://dev.planscore.org/plan.html?20260308T223535.326850062Z
NC,31,"SLDUST=""031""",49298.8,79131.46,0.0,46096.26,75864.88,1795.09,35555.59,66122.69,4471.6,,,,44641.18,72423.68,5753.35,,,,34124.35,67566.92,3915.53,,,,,44832.29,27689.25,,,,,12730.1,6734.71,43201.28,23419.74,,,61230.866,17491.3042,85572.4,19765.64,5076.06,3624.28,215376,215087.35,55305.72,151463.0,36850.49,56388.98,34664.82,1009.4,4186.33,2784.23,5908.42,22839.12,17444.65,166453.39,42822.64,9053.17,8745.51,tl_2025_37_sldu.zip,https://dev.planscore.org/plan.html?20260308T223535.326850062Z
NC,32,"SLDUST=""032""",70223.77,29709.4,0.0,72225.0,29349.0,1651.0,63575.89,26980.82,4170.98,,,,68249.0,29409.0,4521.0,,,,60317.95,31147.76,2602.99,,,,,46013.74,30715.84,,,,,19155.45,8460.68,34383.18,23203.06,,,47624.8078,12743.2006,82928.54,22402.92,6838.04,4136.83,211751,209107.92,64925.99,136721.48,40485.52,49972.25,36455.01,896.6,4795.85,2296.84,6044.8,55626.04,32761.63,148577.7,47225.17,11203.99,11588.82,tl_2025_37_sldu.zip,https://dev.planscore.org/plan.html?20260308T223535.326850062Z
NC,33,"SLDUST=""033""",32604.0,78236.0,0.0,31248.55,74759.73,1349.21,26514.42,64803.5,3020.72,,,,30665.23,70341.39,5322.76,,,,26501.67,62090.47,4784.79,,,,,27013.0,22755.0,,,,,7938.0,5202.0,45711.0,25521.0,,,53190.0979,15495.0016,77986.0,20816.0,2515.0,2484.0,209379,203028.0,57800.0,140979.0,38480.0,55575.0,35322.0,1089.0,4189.0,1927.0,5830.0,23810.0,18378.0,157805.0,45115.0,6214.0,7485.0,tl_2025_37_sldu.zip,https://dev.planscore.org/plan.html?20260308T223535.326850062Z
NC,34,"SLDUST=""034""",51188.94,60424.57,0.0,49102.87,60044.6,1726.55,33680.46,51295.65,3717.8,,,,46040.15,58072.36,5680.49,,,,32491.33,51159.99,4164.61,,,,,43675.51,28751.2,,,,,8565.0,4393.0,34400.23,21972.44,,,67351.8939,17972.8165,69608.35,18315.94,3478.0,2212.0,215024,201359.58,59681.12,134066.06,37779.97,49417.55,34286.16,981.0,3858.49,5083.12,7223.81,32056.75,25370.8,153650.26,46872.04,11543.21,11574.78,tl_2025_37_sldu.zip,https://dev.planscore.org/plan.html?20260308T223535.326850062Z
NC,35,"SLDUST=""035""",49827.53,82254.77,0.0,46546.73,76625.45,1865.43,31378.3,63337.6,4539.52,,,,42921.3,76182.05,4860.28,,,,29239.31,64711.48,4159.83,,,,,54928.35,28625.1,,,,,13362.62,4885.91,30674.22,17404.36,,,78068.1713,24364.6905,70832.75,15723.76,6888.46,3230.85,219142,214645.22,51484.55,138198.69,32125.98,47998.0,28635.97,923.84,3452.29,6194.39,7474.79,17230.66,15557.69,155238.19,40155.42,10401.13,9515.75,tl_2025_37_sldu.zip,https://dev.planscore.org/plan.html?20260308T223535.326850062Z
NC,36,"SLDUST=""036""",23547.11,89970.55,0.0,24134.03,86905.85,1171.34,21056.68,75211.48,3138.73,,,,25656.24,80460.43,5020.87,,,,21318.84,72985.02,4077.97,,,,,24292.0,23005.0,,,,,7951.0,5063.0,50578.0,28291.0,,,46197.536,16270.5194,87199.0,22741.0,2576.0,2269.0,210986,215105.0,62476.0,154034.0,42118.0,55422.0,38044.0,1417.0,5275.0,943.0,5672.0,7105.0,9967.0,162150.0,47680.0,6771.0,8326.0,tl_2025_37_sldu.zip,https://dev.planscore.org/plan.html?20260308T223535.326850062Z
NC,37,"SLDUST=""037""",47892.93,83264.83,0.0,44554.02,77246.05,1752.19,32427.96,63649.38,3941.5,,,,41460.91,75086.85,5848.07,,,,31179.19,62757.31,4887.31,,,,,49501.86,28476.88,,,,,10948.64,6190.47,36139.85,20170.52,,,61784.4926,17559.446,80287.38,18691.53,4347.98,2936.59,219210,209144.79,53420.65,143937.85,34649.57,51444.14,31660.14,1043.16,4301.06,3354.43,6740.13,18923.01,16863.39,167104.76,43318.38,7792.63,8282.86,tl_2025_37_sldu.zip,https://dev.planscore.org/plan.html?20260308T223535.326850062Z
NC,38,"SLDUST=""038""",79532.96,36401.62,0.0,76815.87,35191.43,1865.8,56888.15,31282.46,4360.57,,,,72072.98,35724.68,5181.89,,,,54636.3,33464.02,3411.02,,,,,66370.92,34840.72,,,,,10359.88,4065.18,18619.06,13770.43,,,85795.6178,23616.3772,79329.16,19094.96,5031.44,2299.69,217905,205080.05,55311.84,138369.69,37598.35,52243.88,33417.33,740.56,3357.58,5301.93,7247.42,61061.26,30620.79,152924.11,42814.61,10090.93,9197.9,tl_2025_37_sldu.zip,https://dev.planscore.org/plan.html?20260308T223535.326850062Z
NC,39,"SLDUST=""039""",71942.0,35470.0,0.0,71052.0,32904.0,1925.0,53603.0,27215.0,4486.0,,,,65778.0,34359.0,4977.0,,,,49812.0,30948.0,3470.0,,,,,69400.62,37166.83,,,,,21679.53,6346.09,25292.82,18647.76,,,81489.0962,21039.7863,83273.54,19459.62,6171.9,2896.48,219123,216830.84,59490.88,146422.97,37968.37,47833.51,31824.93,1042.44,4149.21,8580.95,9533.3,46177.49,27371.56,148339.74,40570.53,14521.21,11976.99,tl_2025_37_sldu.zip,https://dev.planscore.org/plan.html?20260308T223535.326850062Z
NC,40,"SLDUST=""040""",65669.31,21786.6,0.0,69218.09,20145.79,1554.8,58954.79,17555.21,3338.52,,,,65713.59,19744.82,4715.38,,,,56966.13,18867.97,2963.58,,,,,43438.93,27543.66,,,,,36820.66,11377.23,30689.72,20505.3,,,54568.2146,15361.6341,79979.25,19466.32,10865.89,5103.54,218847,225198.58,63509.55,142244.59,38933.12,59684.85,37052.58,745.64,3680.07,6210.93,8426.06,69195.89,33988.4,140850.04,41656.35,14443.77,11803.54,tl_2025_37_sldu.zip,https://dev.planscore.org/plan.html?20260308T223535.326850062Z
NC,41,"SLDUST=""041""",81578.0,25379.0,0.0,84248.0,22331.0,1958.0,68541.0,17395.0,3905.0,,,,78775.0,23756.0,5147.0,,,,64998.0,20478.0,3135.0,,,,,55616.71,34867.89,,,,,15337.78,6577.21,28629.05,19973.38,,,52073.833,16930.111,86725.23,22019.81,4563.83,3112.46,217678,207556.84,60854.33,143829.53,42354.33,50962.36,34993.62,916.92,4834.87,6472.3,10001.86,70404.43,36132.02,158299.49,46649.05,10045.55,9930.06,tl_2025_37_sldu.zip,https://dev.planscore.org/plan.html?20260308T223535.326850062Z
NC,42,"SLDUST=""042""",66576.0,58272.0,0.0,66094.0,58400.0,2152.0,48857.68,53180.89,5822.98,,,,58855.0,62338.0,4508.0,,,,43592.68,59885.89,3635.98,,,,,90952.14,39668.84,,,,,17074.52,6111.82,17313.13,12852.74,,,101753.6139,27253.2029,80720.3,17018.34,8923.96,3913.25,209378,210186.63,48315.11,147457.18,32117.53,40385.08,26733.25,822.28,3610.9,6974.77,8197.39,15239.78,13996.75,145329.38,34033.13,8058.45,7613.05,tl_2025_37_sldu.zip,https://dev.planscore.org/plan.html?20260308T223535.326850062Z
NC,43,"SLDUST=""043""",42342.0,66690.0,0.0,39352.0,66190.0,1426.0,29765.17,56217.67,3261.08,,,,37947.0,63023.0,4810.0,,,,29140.09,54963.65,4079.12,,,,,32218.6,25132.94,,,,,7606.52,4627.78,42080.94,25551.27,,,52652.7498,17679.6316,78447.53,20114.15,3300.0,2654.53,211229,204251.62,57631.15,141641.83,38092.5,53083.86,35582.36,1312.08,5169.22,2481.48,6796.82,30235.98,23019.55,159780.39,44980.53,8748.96,9482.99,tl_2025_37_sldu.zip,https://dev.planscore.org/plan.html?20260308T223535.326850062Z
NC,44,"SLDUST=""044""",33165.0,81975.0,0.0,31836.0,76982.0,1237.0,26215.53,62669.33,2736.85,,,,31258.0,73070.0,4646.0,,,,26207.79,60503.81,3815.84,,,,,28933.4,23475.06,,,,,6245.48,4065.22,46552.06,26798.73,,,45969.7484,15561.2072,76548.47,20649.85,2894.0,2357.47,203043,200212.38,58863.85,140704.17,39318.5,52771.14,34953.64,1907.92,5481.78,1386.52,5045.18,19548.02,18662.45,158974.61,47028.47,5192.04,6589.01,tl_2025_37_sldu.zip,https://dev.planscore.org/plan.html?20260308T223535.326850062Z
NC,45,"SLDUST=""045""",33447.67,83037.44,0.0,32695.0,79317.0,1488.0,27046.54,67280.2,3728.75,,,,31895.0,75183.0,5565.0,,,,26650.9,65401.0,4800.93,,,,,31493.66,24716.97,,,,,10505.96,5343.1,47356.24,27149.86,,,52353.2516,15715.0954,86218.26,21866.04,4037.5,3018.85,218989,216855.23,60039.24,151464.89,39679.94,53453.46,35698.19,1042.41,4259.98,5014.93,8252.94,13211.97,13348.52,164973.62,46801.11,8432.7,9192.5,tl_2025_37_sldu.zip,https://dev.planscore.org/plan.html?20260308T223535.326850062Z
NC,46,"SLDUST=""046""",36428.0,71010.0,0.0,35397.0,69757.0,1353.0,28430.87,59679.12,3802.5,,,,34921.0,65684.0,4772.0,,,,29239.39,57286.69,4158.27,,,,,32067.9,26207.62,,,,,7734.35,4604.5,45062.08,25820.79,,,46657.2274,16374.1395,79309.13,21324.28,3483.03,2835.79,199859,199692.55,57866.43,146544.44,40919.17,49882.63,35564.11,1273.33,4248.92,2718.49,6433.02,7752.6,9695.65,155306.19,48150.36,5673.43,7183.47,tl_2025_37_sldu.zip,https://dev.planscore.org/plan.html?20260308T223535.326850062Z
NC,47,"SLDUST=""047""",42959.33,78148.56,0.0,42174.97,76468.38,1717.66,34799.05,66152.79,5025.48,,,,41634.77,72220.78,5249.15,,,,35612.81,64351.19,4607.32,,,,,39420.97,28786.4,,,,,5259.03,3614.43,42500.75,24391.63,,,46817.3784,15415.2086,84766.17,21269.95,1861.02,1850.36,204671,208894.21,53822.83,147381.51,38207.67,53670.92,35404.14,1474.68,4787.3,1189.07,5272.05,4045.79,7045.15,170275.76,45088.25,5322.57,6417.47,tl_2025_37_sldu.zip,https://dev.planscore.org/plan.html?20260308T223535.326850062Z
NC,48,"SLDUST=""048""",42839.46,72910.78,0.0,40884.05,72631.61,1682.65,31067.61,64435.55,3894.06,,,,39372.78,70368.69,4490.52,,,,31996.51,62201.64,3763.31,,,,,41881.1,28504.34,,,,,7233.78,4559.85,41933.31,25699.76,,,52316.383,16111.5848,86510.11,21739.76,3348.91,2486.94,200124,203793.09,56941.97,151054.48,39377.64,57722.61,37627.22,1383.52,4662.92,1493.56,5485.79,9191.04,11440.24,157204.79,42632.94,7241.68,8375.69,tl_2025_37_sldu.zip,https://dev.planscore.org/plan.html?20260308T223535.326850062Z
NC,49,"SLDUST=""049""",81392.54,37636.22,0.0,80047.95,40537.39,2041.35,62938.27,36809.33,6046.72,,,,76766.22,39812.31,4963.48,,,,63028.33,37604.39,4104.49,,,,,64383.0,37415.04,,,,,8959.87,5094.65,30813.61,21047.46,,,56442.9855,18859.8349,79788.76,18849.96,3691.06,2417.26,201670,195361.37,53641.6,144222.08,38947.19,43417.76,30483.67,1558.14,4401.15,2370.95,5521.19,12080.35,13581.11,161604.02,48423.69,6515.89,8076.84,tl_2025_37_sldu.zip,https://dev.planscore.org/plan.html?20260308T223535.326850062Z
NC,50,"SLDUST=""050""",44718.0,82440.0,0.0,42865.0,78801.0,1982.0,34018.63,67987.19,4755.95,,,,42363.0,74593.0,5455.0,,,,36051.61,64363.23,4525.95,,,,,42820.37,33360.63,,,,,4599.01,3137.46,45887.01,28570.52,,,46535.6871,15956.4769,93619.57,25413.01,1609.48,1419.79,218733,217336.56,61101.93,159519.59,44160.4,60542.62,40209.67,8348.91,8670.71,1514.0,6247.01,4139.24,8307.33,178255.62,50342.63,4799.73,6264.04,tl_2025_37_sldu.zip,https://dev.planscore.org/plan.html?20260308T223535.326850062Z
PA,1,"SLDUST=""001""",109735.02,26575.53,0.0,107738.93,25345.63,1004.36,91484.39,20524.86,3355.71,,,,,,,85300.24,13523.98,1647.62,86641.39,24087.49,1611.65,,,,,108731.18,66535.59,,,,,25978.81,10032.36,31240.05,25100.24,,,85626.119,31048.6653,109361.27,31193.84,13171.19,5791.44,249833,230699.26,73496.9,182266.89,55978.46,30220.47,29737.29,718.65,5358.47,18594.57,18591.77,20213.4,21233.53,186768.62,57699.91,13104.6,13285.42,tl_2025_42_sldu.zip,https://dev.planscore.org/plan.html?20260308T223547.684122517Z
PA,2,"SLDUST=""002""",56190.28,24414.25,0.0,67040.36,22004.24,684.0,71645.49,17065.76,1737.73,,,,,,,50471.28,8969.13,633.0,67941.67,16942.23,1161.02,,,,,24065.54,30334.67,,,,,43964.64,15755.8,65650.13,44732.24,,,40483.5695,16526.4061,87354.53,32931.59,21523.32,9562.58,258949,266888.65,114035.12,165547.5,68519.14,43487.16,42849.6,469.11,4774.25,10354.62,13359.19,42995.7,37708.55,157918.7,75206.47,55072.6,42176.66,tl_2025_42_sldu.zip,https://dev.planscore.org/plan.html?20260308T223547.684122517Z
PA,3,"SLDUST=""003""",95460.0,10651.0,0.0,103018.0,8032.0,614.0,107958.0,5213.0,1836.0,,,,,,,81849.0,3167.0,827.0,103477.0,6758.0,936.0,,,,,35843.12,34733.31,,,,,31720.78,14101.06,58729.95,43585.71,,,34265.3087,15673.7183,96738.33,37765.75,15471.1,8129.72,262203,258564.88,110314.88,166787.08,71686.96,50149.31,49303.7,839.5,5539.52,10641.53,14500.26,106890.92,67299.83,188415.41,81989.5,32898.53,27112.93,tl_2025_42_sldu.zip,https://dev.planscore.org/plan.html?20260308T223547.684122517Z
PA,4,"SLDUST=""004""",129111.55,24530.32,0.0,135677.86,22725.87,1072.02,125302.7,19805.72,3439.04,,,,,,,113321.72,15358.58,1339.01,120424.61,24823.8,1347.02,,,,,76169.41,47975.62,,,,,19532.42,9763.69,47473.98,32212.17,,,83007.452,24198.6879,104297.37,29731.96,12825.6,7101.79,267449,268754.84,89206.76,186520.02,56846.04,62270.44,47997.98,615.62,5078.56,5231.25,9216.82,105763.04,54747.34,209221.28,67070.89,7726.95,9876.08,tl_2025_42_sldu.zip,https://dev.planscore.org/plan.html?20260308T223547.684122517Z
PA,5,"SLDUST=""005""",52436.05,53409.08,0.0,61170.45,53554.38,863.99,57298.42,46556.39,2708.97,,,,,,,49122.51,28525.65,888.99,55221.42,45764.43,1586.98,,,,,51048.08,38670.75,,,,,55128.44,16482.78,71452.54,38192.81,,,60729.4102,21683.3288,98601.99,26970.3,32846.7,11142.69,266769,258501.8,80121.06,188289.71,54279.15,49695.85,37753.51,739.09,4211.95,16941.61,17353.55,25094.82,24158.95,179612.75,59782.91,17607.29,17126.18,tl_2025_42_sldu.zip,https://dev.planscore.org/plan.html?20260308T223547.684122517Z
PA,6,"SLDUST=""006""",76610.61,85592.72,0.0,80834.86,81119.97,1562.0,67379.91,70059.98,4695.99,,,,,,,66712.93,52376.98,1721.0,63619.93,74120.96,2152.99,,,,,75661.0,42549.0,,,,,29755.0,10024.0,54444.0,29504.0,,,97663.8784,26835.7927,100075.0,24088.0,19573.0,7309.0,269500,261588.0,68477.0,189704.0,47869.0,53906.0,36867.0,598.0,4315.0,11752.0,12759.0,8616.0,11068.0,206585.0,56938.0,9326.0,10600.0,tl_2025_42_sldu.zip,https://dev.planscore.org/plan.html?20260308T223547.684122517Z
PA,7,"SLDUST=""007""",114099.58,20028.47,0.0,118045.9,17336.32,1009.99,111054.98,15346.16,3117.62,,,,,,,94416.87,10664.54,1386.0,106134.18,18840.81,1534.51,,,,,67809.84,48051.45,,,,,20301.32,10563.97,48925.83,35823.24,,,56677.2429,17872.1215,105658.48,33365.21,8313.93,5432.33,262503,259883.18,93650.33,175947.25,62075.23,58614.02,51510.83,892.34,6047.95,7354.14,10839.34,109972.17,61036.55,205243.15,74523.55,7698.93,9671.31,tl_2025_42_sldu.zip,https://dev.planscore.org/plan.html?20260308T223547.684122517Z
PA,8,"SLDUST=""008""",102550.89,20358.36,0.0,106234.63,17625.57,724.62,101320.27,14596.24,2232.86,,,,,,,83688.72,9468.66,1028.36,98152.95,15511.42,1111.79,,,,,39474.77,36054.27,,,,,32456.15,13438.85,58893.94,37322.32,,,47699.9708,18407.3113,92477.47,29195.83,16250.85,8012.77,255286,248899.72,93107.91,164018.1,58242.16,56551.22,48195.47,720.68,5504.39,9802.33,13246.22,105316.62,58089.03,181431.66,70497.72,7086.1,9667.46,tl_2025_42_sldu.zip,https://dev.planscore.org/plan.html?20260308T223547.684122517Z
PA,9,"SLDUST=""009""",85039.0,60871.76,0.0,86041.58,58554.41,1380.0,72074.43,54022.47,4485.03,,,,,,,66080.44,42157.46,1523.02,65722.33,61136.62,2555.0,,,,,75812.0,40971.0,,,,,16804.0,6798.0,47350.0,25787.0,,,96165.5994,26032.0124,92127.0,21101.0,8322.0,4587.0,252308,252923.0,60358.0,172974.0,40468.0,42452.0,30696.0,611.0,4201.0,6862.0,9617.0,29830.0,18018.0,189180.0,48000.0,9187.0,8761.0,tl_2025_42_sldu.zip,https://dev.planscore.org/plan.html?20260308T223547.684122517Z
PA,10,"SLDUST=""010""",92278.38,75134.44,0.0,95003.33,70828.41,1705.01,77639.28,63175.34,5668.02,,,,,,,75785.28,47725.24,2076.01,72805.26,69050.35,2565.01,,,,,86458.0,45458.0,,,,,22269.0,9705.0,46638.0,24680.0,,,103041.3924,25602.0619,100501.0,22244.0,13482.0,6593.0,269644,262520.0,65585.0,185573.0,43028.0,46891.0,32339.0,753.0,4247.0,8758.0,10992.0,9943.0,12162.0,205390.0,52956.0,10298.0,10789.0,tl_2025_42_sldu.zip,https://dev.planscore.org/plan.html?20260308T223547.684122517Z
PA,11,"SLDUST=""011""",57759.88,55141.83,0.0,60485.16,51661.86,1603.14,53464.0,46076.0,4348.0,,,,,,,47018.0,31530.0,1412.0,51631.0,45811.0,3703.0,,,,,41904.0,30770.0,,,,,23652.0,9497.0,57798.0,30813.0,,,64958.5408,18738.9198,93786.0,24401.0,10226.0,5279.0,263098,253495.0,70281.0,166044.0,44524.0,45849.0,34369.0,526.0,4358.0,3054.0,6867.0,11774.0,14230.0,188685.0,53509.0,48924.0,28617.0,tl_2025_42_sldu.zip,https://dev.planscore.org/plan.html?20260308T223547.684122517Z
PA,12,"SLDUST=""012""",94842.18,68562.88,0.0,95859.0,64196.0,1653.0,76099.0,56659.0,5155.0,,,,,,,74345.0,44507.0,1794.0,69710.0,65960.0,1701.0,,,,,89019.0,43958.0,,,,,31952.0,10413.0,40447.0,21861.0,,,101842.4,24106.6533,95520.0,19284.0,20541.0,7703.0,263546,254120.0,59053.0,179132.0,38895.0,42410.0,28473.0,426.0,4255.0,17933.0,17203.0,11522.0,13681.0,194354.0,47099.0,6898.0,8148.0,tl_2025_42_sldu.zip,https://dev.planscore.org/plan.html?20260308T223547.684122517Z
PA,13,"SLDUST=""013""",53233.22,70240.11,0.0,52934.0,67289.0,1750.0,44346.0,56806.0,5049.0,,,,,,,41776.0,43720.0,1926.0,43903.0,58429.0,4217.0,,,,,43527.66,32033.6,,,,,12134.34,6299.51,58850.0,30439.7,,,72673.5589,19331.7317,92864.59,22360.46,6206.71,3846.23,262225,258887.1,70620.42,168149.15,42458.54,38894.21,29804.4,521.99,4116.24,3879.8,7760.82,10321.87,13356.39,192487.59,51967.59,25063.96,18890.82,tl_2025_42_sldu.zip,https://dev.planscore.org/plan.html?20260308T223547.684122517Z
PA,14,"SLDUST=""014""",63159.04,62088.38,0.0,65667.0,56593.0,1422.0,56080.0,48762.0,3911.0,,,,,,,48733.0,33443.0,1429.0,54393.0,48702.0,4092.0,,,,,41216.83,30100.13,,,,,29604.52,11061.5,65140.17,33493.89,,,60946.9808,20647.1978,97780.94,24565.26,16277.06,7527.25,266650,259297.89,75587.84,176021.06,46863.14,51619.71,37599.95,589.95,4438.25,4107.25,7982.38,13176.0,15570.11,192787.71,59132.67,45512.48,30107.14,tl_2025_42_sldu.zip,https://dev.planscore.org/plan.html?20260308T223547.684122517Z
PA,15,"SLDUST=""015""",74829.12,58765.86,0.0,75766.0,55939.0,1784.0,62137.0,51885.0,4839.0,,,,,,,56743.0,40254.0,1841.0,59662.0,55084.0,2142.0,,,,,59064.92,38830.07,,,,,19182.53,10885.86,53710.86,28656.25,,,59678.0072,18264.933,102656.84,26531.67,9091.51,5103.97,259166,249268.86,72916.57,173091.8,49172.1,47358.93,35935.91,750.0,4445.12,9198.0,11997.12,35714.0,26550.12,191447.42,56937.11,16339.66,16492.91,tl_2025_42_sldu.zip,https://dev.planscore.org/plan.html?20260308T223547.684122517Z
PA,16,"SLDUST=""016""",74047.82,88786.53,0.0,72536.0,83562.0,1941.0,54789.0,73294.0,5506.0,,,,,,,55828.0,55648.0,2053.0,51628.0,77128.0,4166.0,,,,,73487.17,42949.87,,,,,14170.48,6304.5,55553.83,28572.11,,,88341.8941,25141.4111,100149.06,23006.74,9214.94,4553.75,264823,259102.11,66274.15,184097.94,43421.86,46955.29,33529.05,804.05,4377.75,6344.75,9388.62,4882.0,8657.89,201412.29,53212.34,12905.52,12067.86,tl_2025_42_sldu.zip,https://dev.planscore.org/plan.html?20260308T223547.684122517Z
PA,17,"SLDUST=""017""",104623.79,45479.11,0.0,106083.94,42116.96,1294.99,87805.11,38239.96,4193.98,,,,,,,83411.11,30166.94,1539.99,79832.18,48302.87,1431.0,,,,,98899.0,51788.0,,,,,29418.0,10316.0,30030.0,20393.0,,,103780.7704,25496.6327,94354.0,23183.0,15147.0,6410.0,257875,246254.0,63571.0,167868.0,42744.0,34479.0,28109.0,484.0,4629.0,11337.0,12925.0,22235.0,20703.0,190775.0,52031.0,10651.0,11674.0,tl_2025_42_sldu.zip,https://dev.planscore.org/plan.html?20260308T223547.684122517Z
PA,18,"SLDUST=""018""",75273.67,68100.51,0.0,74256.0,63536.0,1702.0,58771.0,54496.0,4585.0,,,,,,,54256.0,37901.0,1683.0,56646.0,55285.0,3062.0,,,,,58512.0,39508.0,,,,,18714.0,8182.0,59130.0,31277.0,,,73016.6762,19832.3387,97629.0,24341.0,10403.0,5489.0,263429,256731.0,68425.0,178866.0,46241.0,47611.0,34954.0,652.0,4521.0,5766.0,9251.0,14221.0,16066.0,205870.0,55325.0,28659.0,20556.0,tl_2025_42_sldu.zip,https://dev.planscore.org/plan.html?20260308T223547.684122517Z
PA,19,"SLDUST=""019""",88449.11,61689.26,0.0,88229.0,57352.0,1624.0,71350.0,52499.0,5137.0,,,,,,,68922.0,41846.0,1912.0,64249.0,61466.0,4322.0,,,,,92967.0,45369.0,,,,,21084.0,8177.0,32505.0,18933.0,,,96429.1195,24200.8981,93078.0,19458.0,9479.0,4479.0,253375,247937.0,56960.0,167594.0,37311.0,38247.0,27387.0,636.0,4061.0,7543.0,9603.0,14808.0,13869.0,188810.0,46660.0,10760.0,10275.0,tl_2025_42_sldu.zip,https://dev.planscore.org/plan.html?20260308T223547.684122517Z
PA,20,"SLDUST=""020""",54717.09,95892.42,0.0,55496.07,89719.26,1609.06,43047.79,78688.77,4128.12,,,,,,,42927.88,58851.18,1401.06,45684.94,69921.46,8365.27,,,,,48731.96,34084.66,,,,,5840.93,3931.41,79378.44,33485.95,,,59478.3517,14217.5055,112097.07,25180.8,3573.72,2603.08,270868,272053.18,63916.69,200507.95,45272.71,60455.1,37656.95,1354.09,5811.92,1725.69,6967.52,7476.31,10792.5,217926.6,51454.99,11272.34,10660.78,tl_2025_42_sldu.zip,https://dev.planscore.org/plan.html?20260308T223547.684122517Z
PA,21,"SLDUST=""021""",40174.0,100755.0,0.0,39257.0,96991.0,1918.0,33201.0,84761.0,5322.0,,,,,,,36233.0,59401.0,1964.0,35649.0,78804.0,7968.0,,,,,42543.0,27666.0,,,,,2591.0,2047.0,82700.0,29786.0,,,54301.6053,11087.8232,109423.0,20994.0,1630.0,1566.0,258828,261108.0,52831.0,188945.0,36409.0,48813.0,29120.0,1067.0,4923.0,1311.0,6033.0,3663.0,7107.0,209875.0,43915.0,2876.0,4572.0,tl_2025_42_sldu.zip,https://dev.planscore.org/plan.html?20260308T223547.684122517Z
PA,22,"SLDUST=""022""",63438.0,58657.0,0.0,66677.0,54621.0,1164.0,55838.0,50987.0,3203.0,,,,,,,53153.0,33673.0,940.0,57871.0,42653.0,7526.0,,,,,45389.0,33408.89,,,,,16098.55,9396.87,63215.02,31842.75,,,52004.6302,16145.3045,101367.66,25383.26,7480.35,5179.32,250491,244693.6,67457.66,170650.98,44705.51,48343.88,35440.29,623.67,4807.62,4437.95,8669.29,9993.45,12775.31,190680.65,53204.87,15202.27,13161.36,tl_2025_42_sldu.zip,https://dev.planscore.org/plan.html?20260308T223547.684122517Z
PA,23,"SLDUST=""023""",39296.9,96859.48,0.0,38367.9,93778.49,2050.99,30219.91,80294.55,4686.98,,,,,,,31826.9,59798.66,1656.99,32122.89,75594.62,7175.94,,,,,41342.0,29368.0,,,,,4468.0,3071.0,78529.0,29976.0,,,57081.7262,10670.3448,105199.0,22277.0,2164.0,1780.0,263721,266363.0,59102.0,188179.0,39513.0,49697.0,31327.0,1305.0,5331.0,1445.0,6133.0,7146.0,9307.0,207500.0,44659.0,3739.0,4959.0,tl_2025_42_sldu.zip,https://dev.planscore.org/plan.html?20260308T223547.684122517Z
PA,24,"SLDUST=""024""",76367.04,79899.36,0.0,74942.84,74803.14,1926.85,56328.0,64393.0,5521.0,,,,,,,56555.0,48582.0,1905.0,53308.0,69339.0,2548.0,,,,,67999.0,37577.0,,,,,12689.0,5766.0,57818.0,28071.0,,,86826.7379,21277.4732,98734.0,21277.0,7892.0,4330.0,264325,260189.0,59170.0,182595.0,39019.0,47329.0,31043.0,720.0,4278.0,6518.0,9196.0,12600.0,12011.0,203435.0,46964.0,8296.0,9001.0,tl_2025_42_sldu.zip,https://dev.planscore.org/plan.html?20260308T223547.684122517Z
PA,25,"SLDUST=""025""",47160.88,87882.42,0.0,46437.7,83636.14,1808.95,42096.13,73919.17,5135.99,,,,,,,42104.28,50998.42,1964.93,42887.81,70337.15,7220.44,,,,,47407.56,29277.35,,,,,9723.54,3936.86,73744.47,26129.21,,,52664.9491,9760.0173,105862.47,20588.3,2988.97,2126.54,267675,270850.3,55239.91,178027.04,34413.06,42119.56,26960.91,1019.0,4730.3,3379.0,6556.3,5650.0,7648.3,214818.8,42652.11,4572.5,5153.85,tl_2025_42_sldu.zip,https://dev.planscore.org/plan.html?20260308T223547.684122517Z
PA,26,"SLDUST=""026""",86098.34,57903.4,0.0,89343.34,55895.0,1378.01,75591.41,52155.88,4396.03,,,,,,,71213.31,39947.75,1586.99,69833.48,58865.79,1795.01,,,,,67324.06,39078.34,,,,,30762.44,10335.49,50125.58,26402.28,,,85172.5422,23893.6172,94617.57,22714.51,17574.31,7092.67,254852,247643.65,66356.03,173315.46,43596.86,49540.54,35224.62,568.0,4258.92,12936.94,14243.85,32033.32,23131.22,185397.42,52879.05,5984.0,7459.96,tl_2025_42_sldu.zip,https://dev.planscore.org/plan.html?20260308T223547.684122517Z
PA,27,"SLDUST=""027""",41800.09,91166.79,0.0,40650.44,87020.23,1855.81,32001.95,76210.68,4390.52,,,,,,,33076.58,56763.8,1306.9,35208.54,67947.56,7650.24,,,,,43563.61,28836.71,,,,,4730.84,3061.77,80932.43,30195.31,,,59964.4538,12321.8338,106339.05,21622.33,2970.4,2213.51,261113,262877.53,55231.1,185706.51,37811.64,43474.47,27552.69,829.91,4774.63,2292.31,6293.03,4321.93,7131.0,208018.69,45564.73,5730.9,6865.14,tl_2025_42_sldu.zip,https://dev.planscore.org/plan.html?20260308T223547.684122517Z
PA,28,"SLDUST=""028""",52631.87,96040.44,0.0,49577.26,91088.2,2185.85,37307.68,80490.82,5377.16,,,,,,,39241.99,59666.59,2259.63,38049.1,79001.26,6116.07,,,,,48040.11,33086.81,,,,,5099.0,3387.0,69071.56,32074.24,,,73508.943,17622.2802,98928.47,22569.07,2962.0,2307.0,262208,257223.62,64432.5,180262.67,41909.69,49643.4,35525.57,1071.0,4652.18,2829.0,6908.18,7939.59,11242.43,202277.16,50886.23,7682.29,8342.22,tl_2025_42_sldu.zip,https://dev.planscore.org/plan.html?20260308T223547.684122517Z
PA,29,"SLDUST=""029""",39167.17,88904.51,0.0,39430.0,83201.0,1615.0,32464.0,74265.0,3626.0,,,,,,,31717.0,52444.0,1118.0,37023.0,63651.0,7674.0,,,,,31441.0,27375.11,,,,,14027.45,5795.13,84348.98,36124.25,,,54577.3226,14331.977,106054.34,26231.74,6046.65,3594.67,266346,257343.4,64487.34,187466.02,45557.49,48086.12,34674.71,757.33,5308.38,1116.05,5912.71,5759.54,8311.69,203904.35,54297.13,17147.73,14076.64,tl_2025_42_sldu.zip,https://dev.planscore.org/plan.html?20260308T223547.684122517Z
PA,30,"SLDUST=""030""",31595.25,97930.77,0.0,31021.91,95509.62,1377.0,25106.93,81689.7,3643.99,,,,,,,27388.97,58281.72,1576.99,27420.91,75812.73,6510.98,,,,,33976.0,26180.0,,,,,2379.0,1948.0,85136.0,31142.0,,,54223.9471,12277.2698,102921.0,21097.0,1395.0,1487.0,251122,252968.0,55294.0,181309.0,37747.0,44068.0,30120.0,856.0,4670.0,1201.0,5542.0,5219.0,8144.0,197130.0,43291.0,2725.0,4134.0,tl_2025_42_sldu.zip,https://dev.planscore.org/plan.html?20260308T223547.684122517Z
PA,31,"SLDUST=""031""",57697.0,77482.0,0.0,55751.91,73445.27,2041.99,43774.32,64459.62,5110.48,,,,,,,43146.08,49182.3,2093.77,43127.3,64708.15,5712.25,,,,,48121.89,33779.19,,,,,9442.0,5832.0,67546.44,35832.76,,,66561.0906,18602.041,101092.53,25989.93,4503.0,3389.0,260623,252863.38,69627.5,178187.33,47353.31,45629.6,35634.43,532.0,4553.82,3429.0,7607.82,16555.41,17970.57,201907.84,57629.77,17568.71,15466.78,tl_2025_42_sldu.zip,https://dev.planscore.org/plan.html?20260308T223547.684122517Z
PA,32,"SLDUST=""032""",33303.07,100885.87,0.0,34287.48,97274.33,1105.23,29643.31,82875.72,2772.68,,,,,,,34182.14,54301.49,1294.45,33986.37,74093.37,6373.33,,,,,32443.0,25237.0,,,,,2626.0,2432.0,91622.0,32312.0,,,52047.7685,13213.8755,106752.0,22122.0,1335.0,1477.0,254940,256443.0,55514.0,189335.0,38478.0,43449.0,29085.0,1362.0,5039.0,796.0,5278.0,6568.0,8286.0,202500.0,45025.0,2065.0,3747.0,tl_2025_42_sldu.zip,https://dev.planscore.org/plan.html?20260308T223547.684122517Z
PA,33,"SLDUST=""033""",43385.0,99852.0,0.0,40676.0,94812.0,1930.0,31684.0,81191.0,4345.0,,,,,,,32265.0,60154.0,1710.0,32420.0,79150.0,5727.0,,,,,40473.0,28828.0,,,,,7720.0,4181.0,75749.0,31988.0,,,66913.7476,14856.8719,101245.0,21283.0,3204.0,2379.0,259784,257581.0,58260.0,180873.0,38511.0,46708.0,30546.0,929.0,3889.0,1715.0,5302.0,6079.0,8952.0,201885.0,47603.0,8937.0,8882.0,tl_2025_42_sldu.zip,https://dev.planscore.org/plan.html?20260308T223547.684122517Z
PA,34,"SLDUST=""034""",57734.0,91407.0,0.0,54196.82,88173.53,2136.16,41727.93,77247.43,5276.36,,,,,,,42597.89,59995.02,2076.58,40864.56,77832.43,5423.7,,,,,57885.09,34467.93,,,,,9459.47,4140.14,65527.14,28211.74,,,65778.18,13693.242,105194.16,21629.33,4951.49,2794.03,266153,262963.14,57238.43,183096.2,38386.9,46106.07,30625.09,939.0,3982.88,6564.0,8627.88,6409.0,9561.88,206057.58,46567.89,5787.34,6700.09,tl_2025_42_sldu.zip,https://dev.planscore.org/plan.html?20260308T223547.684122517Z
PA,35,"SLDUST=""035""",44992.94,91048.43,0.0,45400.49,88253.5,1671.09,38863.13,77589.99,4256.94,,,,,,,42568.98,51877.29,1531.08,42604.4,70163.06,7577.49,,,,,48989.0,33066.0,,,,,3998.39,2140.84,78393.0,29597.0,,,49442.14,11787.4998,108548.0,22785.0,1440.95,1347.16,261408,259498.0,55793.0,186706.0,38980.0,41201.0,28509.0,1234.0,5373.0,2622.0,6728.0,5983.0,8607.0,205610.0,45950.0,4124.0,5333.0,tl_2025_42_sldu.zip,https://dev.planscore.org/plan.html?20260308T223547.684122517Z
PA,36,"SLDUST=""036""",64773.47,88512.47,0.0,61135.0,85725.0,2302.0,45532.0,75254.0,6666.0,,,,,,,47468.0,59243.0,2364.0,44737.0,78409.0,5334.0,,,,,60510.84,39472.74,,,,,7777.95,4476.69,62160.85,31216.76,,,72884.4828,19009.3155,103582.46,23876.55,4477.47,2885.35,268842,261886.96,66190.17,184617.77,43344.04,47366.2,36112.87,762.1,4275.93,5097.2,8647.3,5340.13,9228.73,207728.98,53527.27,11995.06,12218.25,tl_2025_42_sldu.zip,https://dev.planscore.org/plan.html?20260308T223547.684122517Z
PA,37,"SLDUST=""037""",75564.68,77326.76,0.0,73910.8,75875.46,1733.98,56273.69,67333.94,4519.04,,,,,,,60121.46,49681.23,1749.04,53198.95,69816.46,4950.2,,,,,86809.0,42544.0,,,,,11598.02,5562.75,35468.0,19366.0,,,90392.7496,24087.3619,97426.0,21060.0,6000.68,3323.41,248775,233358.0,51711.0,168604.0,36357.0,39854.0,27186.0,447.0,3567.0,6745.0,8778.0,6647.0,9803.0,187470.0,44537.0,2650.0,4138.0,tl_2025_42_sldu.zip,https://dev.planscore.org/plan.html?20260308T223547.684122517Z
PA,38,"SLDUST=""038""",85816.0,69671.0,0.0,84848.41,69417.12,1836.01,69312.29,62837.1,5262.02,,,,,,,71503.26,45112.06,2154.01,66618.26,64708.14,5930.01,,,,,85483.37,48723.54,,,,,11923.19,6346.32,45088.74,25912.75,,,69443.5616,19225.6777,106315.82,23712.19,6492.42,4034.4,251389,244570.29,60943.29,182458.09,43953.1,44615.13,33723.88,530.59,4520.47,3976.91,7838.37,13107.79,12849.88,195960.21,52124.62,3701.33,5726.22,tl_2025_42_sldu.zip,https://dev.planscore.org/plan.html?20260308T223547.684122517Z
PA,39,"SLDUST=""039""",56436.85,101574.52,0.0,54225.06,97894.32,1699.77,44255.08,88085.94,4374.33,,,,,,,47737.3,60329.98,1803.56,46400.06,82024.18,7008.74,,,,,62653.0,38110.0,,,,,3154.0,2631.0,65622.0,29838.0,,,56861.0114,16521.5813,112328.0,24567.0,2296.0,2061.0,261458,257591.0,59728.0,190639.0,42774.0,51661.0,35099.0,558.0,4151.0,2368.0,6456.0,4839.0,8245.0,211785.0,50612.0,2526.0,4379.0,tl_2025_42_sldu.zip,https://dev.planscore.org/plan.html?20260308T223547.684122517Z
PA,40,"SLDUST=""040""",63273.0,72107.0,0.0,64974.0,65595.0,1540.0,51483.0,57981.0,3873.0,,,,,,,49182.0,41031.0,1227.0,53166.0,51372.0,5244.0,,,,,45458.29,38651.87,,,,,6254.02,3403.67,66970.19,37533.51,,,64054.3384,20055.0733,94449.12,28415.24,4314.67,2575.25,257221,255309.85,80484.31,182321.53,54871.9,57924.31,43250.63,1163.0,5319.2,3835.0,8525.2,20280.76,18447.25,201555.54,62479.19,21612.76,17774.95,tl_2025_42_sldu.zip,https://dev.planscore.org/plan.html?20260308T223547.684122517Z
PA,41,"SLDUST=""041""",40591.0,96233.0,0.0,39876.59,93308.55,1625.96,34744.6,81122.85,3936.06,,,,,,,38203.55,53619.39,1668.99,38306.67,72484.8,8271.04,,,,,40087.44,28051.65,,,,,2687.07,2203.3,79597.53,29145.79,,,51754.9218,11108.4847,108678.53,22023.7,1497.07,1498.3,255009,256240.7,55053.09,182789.96,36855.94,47706.44,30969.09,899.0,4757.7,847.0,5522.7,5494.0,8271.7,204516.2,45577.89,2233.5,4011.15,tl_2025_42_sldu.zip,https://dev.planscore.org/plan.html?20260308T223547.684122517Z
PA,42,"SLDUST=""042""",91272.23,44972.59,0.0,92532.63,45437.46,1825.11,78929.18,42386.96,5024.92,,,,,,,76266.31,27482.97,1980.23,76883.07,43106.84,5865.87,,,,,75435.14,43574.04,,,,,13116.78,6727.08,47758.2,28018.12,,,57382.4827,16247.3783,114473.34,26969.88,5298.31,3783.79,250002,244111.46,65023.81,181270.9,45863.45,49718.72,36403.33,771.78,5306.91,4211.03,8757.21,28582.84,23517.36,198318.9,54469.1,4606.72,6589.8,tl_2025_42_sldu.zip,https://dev.planscore.org/plan.html?20260308T223547.684122517Z
PA,43,"SLDUST=""043""",105982.77,29712.41,0.0,107068.67,29850.13,1394.91,100258.56,29107.16,4472.29,,,,,,,88267.41,18497.2,1955.83,96880.32,31313.57,4894.39,,,,,78412.49,49256.43,,,,,19597.03,7876.6,40298.06,25937.14,,,49194.222,14331.3614,117089.84,29567.93,7083.26,4483.82,251232,248013.25,70851.9,169145.01,46850.44,43630.15,34535.78,528.63,5506.61,7402.06,10261.43,47115.37,32615.76,196739.89,56250.28,6480.95,8350.98,tl_2025_42_sldu.zip,https://dev.planscore.org/plan.html?20260308T223547.684122517Z
PA,44,"SLDUST=""044""",88623.4,71591.19,0.0,86649.0,67285.0,1882.0,63919.0,59180.0,5434.0,,,,,,,65173.0,46210.0,2165.0,58070.0,66465.0,4455.0,,,,,89365.0,44782.0,,,,,16531.0,6705.0,42576.0,23949.0,,,102215.7765,25234.0315,95565.0,21057.0,8676.0,4117.0,264595,256958.0,60658.0,178788.0,40755.0,39678.0,29331.0,590.0,4330.0,10024.0,11816.0,9982.0,12359.0,197720.0,49755.0,7364.0,8795.0,tl_2025_42_sldu.zip,https://dev.planscore.org/plan.html?20260308T223547.684122517Z
PA,45,"SLDUST=""045""",71277.65,61909.76,0.0,72397.92,62331.96,1570.99,62842.83,57814.09,3738.71,,,,,,,59748.05,35577.0,1605.88,63868.9,52370.35,6619.48,,,,,49298.0,35526.0,,,,,9825.98,6054.25,63962.0,33090.0,,,44871.4919,14652.0552,110390.0,26683.0,5790.32,4083.59,249180,247393.0,69987.0,181151.0,46356.0,56394.0,39762.0,626.0,4926.0,3733.0,8169.0,27865.0,23294.0,194385.0,56699.0,3336.0,5729.0,tl_2025_42_sldu.zip,https://dev.planscore.org/plan.html?20260308T223547.684122517Z
PA,46,"SLDUST=""046""",50384.0,90849.0,0.0,50918.0,87144.0,1533.0,41624.0,74410.0,4270.0,,,,,,,45927.0,49877.0,1544.0,44684.0,67814.0,6891.0,,,,,51375.0,32970.0,,,,,4083.0,3183.0,69111.0,30072.0,,,59939.2955,15707.1839,101981.0,22228.0,2323.0,2021.0,251010,249726.0,57613.0,179720.0,39926.0,47328.0,31815.0,899.0,4851.0,1869.0,6170.0,7110.0,9283.0,199350.0,47308.0,2674.0,4460.0,tl_2025_42_sldu.zip,https://dev.planscore.org/plan.html?20260308T223547.684122517Z
PA,47,"SLDUST=""047""",59919.67,92631.48,0.0,58655.35,87684.42,1903.01,47102.27,75821.37,4607.03,,,,,,,50224.29,52784.26,1930.01,48202.27,71888.36,7020.02,,,,,60695.0,34229.0,,,,,5413.14,3502.04,57828.0,26165.0,,,58293.3433,15737.2774,106782.0,21756.0,3247.44,2472.84,255821,247095.0,53394.0,180246.0,37219.0,52146.0,32614.0,640.0,4098.0,2031.0,5841.0,9244.0,10470.0,202505.0,46234.0,3338.0,5098.0,tl_2025_42_sldu.zip,https://dev.planscore.org/plan.html?20260308T223547.684122517Z
PA,48,"SLDUST=""048""",46537.12,94884.17,0.0,45032.0,90897.0,1915.0,35100.0,78931.0,4962.0,,,,,,,35744.0,57983.0,1811.0,35742.0,76963.0,5535.0,,,,,41289.5,26837.66,,,,,8232.71,5165.79,77359.15,32294.54,,,69231.3726,14150.7275,99850.95,20570.99,4493.82,2947.42,268650,266054.93,58795.4,184912.08,40301.42,43277.58,29690.74,790.92,3846.83,2630.0,6027.88,4617.0,7755.88,206653.43,46600.14,16771.98,13572.93,tl_2025_42_sldu.zip,https://dev.planscore.org/plan.html?20260308T223547.684122517Z
PA,49,"SLDUST=""049""",66262.0,65802.0,0.0,67073.0,63886.0,1854.0,57073.0,57543.0,5303.0,,,,,,,57728.0,38703.0,1595.0,55772.0,58432.0,4775.0,,,,,52579.0,36706.0,,,,,10826.0,6502.0,67458.0,32714.0,,,60453.7362,15265.2384,106322.0,25665.0,5325.0,3953.0,261645,262788.0,69367.0,180552.0,44931.0,45884.0,34834.0,898.0,5245.0,2725.0,7306.0,14802.0,15207.0,202335.0,54216.0,6848.0,8393.0,tl_2025_42_sldu.zip,https://dev.planscore.org/plan.html?20260308T223547.684122517Z
PA,50,"SLDUST=""050""",45643.0,92648.0,0.0,47038.0,88508.0,1648.0,41097.0,77080.0,4593.0,,,,,,,41417.0,54215.0,1555.0,42623.0,73449.0,5586.0,,,,,41721.0,29231.0,,,,,3647.86,2789.96,82814.0,32926.0,,,53129.1942,11561.4485,111973.0,23907.0,2323.56,2035.16,264768,265858.0,60160.0,188258.0,40365.0,46879.0,31645.0,969.0,5312.0,1243.0,6496.0,9090.0,11461.0,209190.0,47576.0,2566.0,4653.0,tl_2025_42_sldu.zip,https://dev.planscore.org/plan.html?20260308T223547.684122517Z
RI,1,"SLDUST=""001""",6810.93,2078.2,0.0,6386.53,1692.69,184.29,6068.31,1551.04,456.24,,,,6398.14,1344.96,25.09,4696.56,1073.21,18.1,,,,,,,,3859.8,4356.01,,,,,6567.77,1943.54,5866.05,4010.35,,,41514.7946,25151.5245,9129.48,3264.97,3539.82,1271.1,30238,26995.3,10240.35,16102.1,6535.37,4904.76,4836.15,55.71,673.82,1159.48,2096.57,2958.62,3309.33,20142.18,8157.9,5777.2,4218.97,tl_2025_44_sldu.zip,https://dev.planscore.org/plan.html?20260308T223601.026100865Z
RI,2,"SLDUST=""002""",6116.66,1866.36,0.0,5559.01,1415.11,94.45,6559.86,694.49,282.35,,,,5501.73,924.78,28.5,4764.55,469.01,12.57,,,,,,,,3416.48,4191.18,,,,,8049.93,1734.2,6437.85,5003.25,,,39738.3438,15621.4123,9608.12,4058.59,3724.88,1353.66,29951,29078.33,12615.96,18206.62,7808.41,4686.69,5227.76,254.14,994.98,882.12,1535.11,2389.82,2934.14,13603.0,6931.19,7814.31,4767.88,tl_2025_44_sldu.zip,https://dev.planscore.org/plan.html?20260308T223601.026100865Z
RI,3,"SLDUST=""003""",7190.44,2194.0,0.0,9171.78,1064.41,206.75,8422.51,1128.04,608.59,,,,8967.48,1022.72,30.42,7608.64,1142.69,20.32,,,,,,,,11377.26,7522.93,,,,,4221.62,1355.1,1011.78,1335.67,,,100298.2512,39512.3925,9056.03,2857.48,1476.09,613.76,27579,24460.2,7133.53,13957.81,4877.46,1584.45,1846.39,133.88,698.15,2214.45,1966.3,1270.81,1415.34,21562.57,6125.23,1562.05,1409.39,tl_2025_44_sldu.zip,https://dev.planscore.org/plan.html?20260308T223601.026100865Z
RI,4,"SLDUST=""004""",7340.08,5868.19,0.0,8222.81,5733.37,260.3,6930.71,5612.04,674.56,,,,9117.45,4250.38,37.68,6204.3,3980.22,22.87,,,,,,,,6901.18,5117.23,,,,,3524.05,1484.31,6381.19,3905.18,,,61541.1951,24667.7047,12033.53,3497.28,1891.57,1018.48,29812,28753.26,9338.19,20841.94,6264.59,6284.12,4781.45,370.96,902.77,551.79,1040.34,2552.7,2814.18,22298.91,6816.29,3326.53,2778.58,tl_2025_44_sldu.zip,https://dev.planscore.org/plan.html?20260308T223601.026100865Z
RI,5,"SLDUST=""005""",6870.07,2096.25,0.0,8018.98,1967.21,225.27,6894.12,1655.87,586.62,,,,8060.51,1527.1,37.85,6193.71,1229.84,25.06,,,,,,,,6904.49,5516.75,,,,,7169.56,1875.47,6714.4,4338.41,,,62574.5699,28394.4913,11529.68,4077.44,3577.08,1171.8,30065,29861.58,10804.38,20778.56,7320.22,6325.5,5853.63,89.0,837.97,672.78,1355.25,2699.82,3029.94,22155.53,8624.18,5861.5,4594.18,tl_2025_44_sldu.zip,https://dev.planscore.org/plan.html?20260308T223601.026100865Z
RI,6,"SLDUST=""006""",6660.7,2032.36,0.0,7185.63,1279.63,130.22,7407.51,650.57,375.09,,,,7029.94,892.02,26.1,5571.04,471.25,20.5,,,,,,,,4459.6,4061.35,,,,,9025.58,2193.15,4971.21,3949.89,,,36736.0,16403.0,11101.09,4001.08,4464.18,1493.58,30193,30120.96,10619.26,17518.76,6646.85,3963.6,3894.94,170.34,858.99,851.27,1399.27,3286.32,3232.97,18430.68,7388.62,6844.95,4332.41,tl_2025_44_sldu.zip,https://dev.planscore.org/plan.html?20260308T223601.026100865Z
RI,7,"SLDUST=""007""",6292.36,2446.23,0.0,5311.13,2287.5,102.83,5474.27,1634.26,337.04,,,,5555.06,1586.93,17.42,4118.21,1093.65,14.42,,,,,,,,2277.25,2892.78,,,,,5751.2,1744.35,7558.55,4993.42,,,42619.3536,15635.287,9151.54,3280.88,2585.32,971.3,30234,26816.87,10984.3,16031.8,6439.99,3427.18,3748.18,1.53,583.53,500.34,1179.39,2722.85,3306.27,17169.08,8216.67,7816.09,5554.15,tl_2025_44_sldu.zip,https://dev.planscore.org/plan.html?20260308T223601.026100865Z
RI,8,"SLDUST=""008""",5936.12,2981.47,0.0,6600.24,3052.21,185.82,5446.21,2747.25,539.48,,,,6748.04,2259.89,31.01,4588.62,1850.66,24.86,,,,,,,,3677.25,3599.13,,,,,5447.98,1873.72,6570.24,4587.31,,,55629.218,19102.0484,10373.09,3220.2,3398.6,1348.42,28071,25504.94,9192.51,18688.01,6671.03,6001.12,4715.52,69.55,887.06,272.25,1121.64,3080.55,3525.69,20512.34,7948.5,4205.23,3395.49,tl_2025_44_sldu.zip,https://dev.planscore.org/plan.html?20260308T223601.026100865Z
RI,9,"SLDUST=""009""",6401.56,6673.75,0.0,6813.22,6096.5,259.22,5213.22,5347.54,731.0,,,,7768.55,4895.58,13.98,4904.57,3958.69,12.95,,,,,,,,4835.52,3888.56,,,,,1812.48,908.15,6882.96,4125.3,,,64447.9097,21735.3291,12349.42,3361.88,986.12,616.97,29205,27320.34,8137.57,20138.25,5704.04,7108.05,5111.18,230.8,706.28,470.9,1014.19,391.31,937.27,23545.08,7537.5,2005.86,1881.2,tl_2025_44_sldu.zip,https://dev.planscore.org/plan.html?20260308T223601.026100865Z
RI,10,"SLDUST=""010""",8406.12,6508.8,0.0,8881.04,6552.9,296.66,7011.96,5837.96,1015.05,,,,9649.36,5308.72,25.46,6475.16,4537.64,25.17,,,,,,,,7752.85,4732.97,,,,,2415.24,969.8,6130.32,3372.08,,,87886.7601,22530.6668,11897.04,2743.42,1935.97,805.37,28332,27776.84,7160.45,21997.78,5697.87,6827.93,4695.49,43.5,564.65,205.04,711.03,527.95,1083.12,24345.91,6707.74,601.85,777.65,tl_2025_44_sldu.zip,https://dev.planscore.org/plan.html?20260308T223601.026100865Z
RI,11,"SLDUST=""011""",9497.42,6285.99,0.0,9318.67,5511.7,386.18,7211.59,5284.48,1114.88,,,,9871.85,4779.05,17.78,6797.68,4396.21,16.92,,,,,,,,9395.54,5332.73,,,,,1398.93,642.49,3199.48,2176.42,,,94811.6047,26307.2243,10977.42,2557.46,1045.92,536.49,28272,27905.68,6395.85,18637.34,4424.16,5348.8,3878.93,128.46,560.58,389.67,846.44,377.15,781.21,22647.76,4878.96,1095.13,1213.52,tl_2025_44_sldu.zip,https://dev.planscore.org/plan.html?20260308T223601.026100865Z
RI,12,"SLDUST=""012""",9000.06,5708.46,0.0,10130.64,5806.74,348.8,7870.43,5439.41,1101.49,,,,10518.97,4961.67,13.0,7261.64,4416.75,25.29,,,,,,,,9860.68,5584.65,,,,,2338.3,1119.75,4504.34,2766.0,,,93230.196,25176.9082,11519.16,2629.48,1262.77,670.28,29535,27087.8,6733.76,20701.3,5051.7,6487.46,4618.5,100.01,643.73,816.52,1227.91,758.85,1204.53,23046.46,5982.26,800.82,861.83,tl_2025_44_sldu.zip,https://dev.planscore.org/plan.html?20260308T223601.026100865Z
RI,13,"SLDUST=""013""",9072.59,3686.03,0.0,9697.29,3536.42,235.09,7647.64,3471.41,881.27,,,,9896.8,2997.63,16.01,7257.79,2922.36,16.01,,,,,,,,10750.77,5984.87,,,,,2355.06,1280.9,3456.16,2812.44,,,91390.9341,27716.249,11355.83,2858.32,1074.29,615.74,28284,27954.75,6665.9,19725.25,5332.84,6146.35,4760.85,274.74,879.5,520.55,982.94,1697.94,2147.62,23069.1,6189.09,1418.49,1434.32,tl_2025_44_sldu.zip,https://dev.planscore.org/plan.html?20260308T223601.026100865Z
RI,14,"SLDUST=""014""",7932.99,4998.07,0.0,7950.49,4069.08,226.06,6468.66,3488.28,695.87,,,,8435.89,3190.55,19.82,6091.92,2635.88,27.77,,,,,,,,6060.37,5074.91,,,,,5375.71,1589.17,5834.93,4217.3,,,60669.347,20556.4076,11490.06,3683.87,3380.13,1201.98,27509,28032.8,10133.06,20934.82,7217.83,5326.52,4507.89,253.88,830.1,441.03,1069.76,2190.6,2568.15,20278.43,7594.24,1170.36,1306.68,tl_2025_44_sldu.zip,https://dev.planscore.org/plan.html?20260308T223601.026100865Z
RI,15,"SLDUST=""015""",6409.8,3009.97,0.0,8817.59,2116.4,200.88,7804.58,1794.93,463.11,,,,8650.76,1639.68,27.8,6478.47,1326.09,16.84,,,,,,,,7483.4,5259.45,,,,,8182.09,2046.65,5333.16,3431.42,,,69603.227,16763.3469,11306.94,2803.39,4947.41,1408.78,30262,29517.9,8626.21,20705.69,5611.29,5360.03,3753.78,181.23,763.21,483.71,1077.31,4148.12,3768.04,21172.29,7007.28,3232.93,2531.79,tl_2025_44_sldu.zip,https://dev.planscore.org/plan.html?20260308T223601.026100865Z
RI,16,"SLDUST=""016""",3698.49,1949.83,0.0,4296.86,1414.14,108.68,4624.23,839.18,230.62,,,,4149.14,850.49,14.44,2994.33,481.0,16.51,,,,,,,,1535.7,1883.5,,,,,9586.72,2200.0,5827.58,3752.32,,,37676.8625,17855.25,8744.67,2477.38,4410.76,1327.89,29042,25904.78,8597.39,15812.89,5132.98,3496.36,3562.73,123.06,590.97,154.26,619.96,3017.05,3020.59,15359.86,5915.99,6777.99,4076.43,tl_2025_44_sldu.zip,https://dev.planscore.org/plan.html?20260308T223601.026100865Z
RI,17,"SLDUST=""017""",7546.39,7462.96,0.0,8060.68,7361.51,322.99,6229.44,6910.59,910.65,,,,9099.72,6076.98,24.64,5955.9,5365.75,18.76,,,,,,,,7685.12,4760.38,,,,,2300.77,966.42,4841.34,3120.56,,,86248.4607,24320.7059,10096.25,2560.24,1474.11,728.8,27462,26866.7,7646.09,18802.64,5003.18,4750.02,3733.77,39.39,514.98,835.72,1364.28,310.12,789.56,22070.95,6233.13,1130.5,1090.29,tl_2025_44_sldu.zip,https://dev.planscore.org/plan.html?20260308T223601.026100865Z
RI,18,"SLDUST=""018""",7181.3,4104.5,0.0,8347.72,4431.97,291.97,6813.2,4033.15,722.99,,,,8735.48,3494.43,35.82,6217.0,3024.88,21.37,,,,,,,,5779.15,4892.29,,,,,4721.74,1562.96,6463.02,4687.42,,,66061.5926,16870.8073,11187.44,3136.48,2894.34,1087.43,28381,27512.32,9035.3,20604.66,6571.86,6499.27,5074.84,132.9,831.18,428.18,1178.6,2059.93,2615.09,21932.01,7618.27,2697.11,2569.33,tl_2025_44_sldu.zip,https://dev.planscore.org/plan.html?20260308T223601.026100865Z
RI,19,"SLDUST=""019""",8131.4,7125.1,0.0,8759.71,6519.81,312.34,7053.62,5796.77,894.7,,,,9389.85,5439.11,20.62,6484.94,4565.48,25.57,,,,,,,,8186.21,5232.3,,,,,2811.21,1060.79,4884.68,3306.85,,,98501.6066,32719.3873,10880.69,2908.48,2009.42,761.11,29386,28117.52,8599.61,20272.04,5695.08,5465.69,4180.57,87.91,649.68,289.83,828.5,546.97,1179.09,21712.37,7217.17,829.36,1173.98,tl_2025_44_sldu.zip,https://dev.planscore.org/plan.html?20260308T223601.026100865Z
RI,20,"SLDUST=""020""",5397.8,5134.14,0.0,6077.15,5363.05,209.01,4923.63,4709.7,711.24,,,,6573.86,4278.71,16.36,4526.98,3557.76,14.79,,,,,,,,5493.21,3960.1,,,,,3272.14,1448.72,5267.26,3035.08,,,74654.5188,24504.2484,10008.38,2437.12,1691.89,991.93,27804,26303.71,8049.73,18608.66,5287.79,5632.68,4070.47,168.27,628.53,758.29,1258.98,905.19,1389.03,19611.66,5867.04,2400.43,1823.83,tl_2025_44_sldu.zip,https://dev.planscore.org/plan.html?20260308T223601.026100865Z
RI,21,"SLDUST=""021""",6807.4,9991.26,0.0,7453.49,9640.04,376.31,5647.56,8544.47,1153.9,,,,8553.35,8261.55,23.09,5767.78,7088.0,20.62,,,,,,,,6870.15,4131.78,,,,,981.89,572.25,5802.8,3545.9,,,99687.6138,28069.9314,10272.66,2392.27,727.97,488.22,28123,28113.41,7321.46,20241.49,4897.23,7016.32,4641.77,371.57,812.15,374.62,800.85,348.57,794.73,22767.0,6044.9,414.7,624.05,tl_2025_44_sldu.zip,https://dev.planscore.org/plan.html?20260308T223601.026100865Z
RI,22,"SLDUST=""022""",7253.61,7978.74,0.0,7763.35,7440.72,268.73,6147.19,6881.4,935.63,,,,8883.71,5982.13,15.11,6098.66,5605.98,19.88,,,,,,,,6692.91,4243.41,,,,,2003.23,945.34,5874.74,3133.62,,,89803.3302,26691.2436,10932.16,2712.3,1168.99,657.69,30185,29082.84,7106.87,19980.93,5070.31,5948.54,4283.57,104.04,499.79,545.75,886.41,1205.47,1562.14,24090.13,5934.29,1457.37,1346.47,tl_2025_44_sldu.zip,https://dev.planscore.org/plan.html?20260308T223601.026100865Z
RI,23,"SLDUST=""023""",6437.59,10053.11,0.0,6968.46,9124.89,360.56,5213.03,7779.37,1048.31,,,,7788.33,8001.28,24.19,5268.28,6278.46,20.37,,,,,,,,6081.54,4101.45,,,,,932.96,626.11,6278.3,3743.89,,,99084.2388,29799.408,11117.77,2855.84,612.81,432.93,29310,29864.5,8877.26,21449.88,5829.26,8160.9,6360.91,110.0,592.24,270.0,811.24,61.92,517.54,22654.18,6827.63,293.49,552.88,tl_2025_44_sldu.zip,https://dev.planscore.org/plan.html?20260308T223601.026100865Z
RI,24,"SLDUST=""024""",4417.38,4614.48,0.0,4896.28,4003.42,203.61,4256.4,3494.55,590.56,,,,5273.95,3036.74,12.72,3705.35,2473.36,14.71,,,,,,,,3209.36,3224.73,,,,,2916.08,1477.06,6583.99,4442.9,,,47089.2271,16566.637,10817.03,3211.88,1671.62,1066.88,27570,26933.27,9410.43,18718.4,6122.82,6583.18,4887.97,230.44,827.9,824.84,1378.87,1523.3,2137.87,19655.83,6572.72,3719.16,2978.39,tl_2025_44_sldu.zip,https://dev.planscore.org/plan.html?20260308T223601.026100865Z
RI,25,"SLDUST=""025""",5758.83,8549.61,0.0,6366.64,7670.92,190.18,5252.27,7060.73,590.63,,,,7716.45,5814.95,21.81,4973.53,5096.11,17.23,,,,,,,,5559.31,4225.31,,,,,2475.92,1068.96,7764.06,4428.84,,,74082.5784,21185.2556,10592.51,2896.76,1760.33,821.74,27460,26633.7,8171.77,20547.56,6240.42,7117.35,5166.16,87.47,519.48,210.47,613.48,959.84,1554.24,21404.33,6570.53,2604.83,2144.11,tl_2025_44_sldu.zip,https://dev.planscore.org/plan.html?20260308T223601.026100865Z
RI,26,"SLDUST=""026""",7059.37,6215.63,0.0,6873.46,7003.28,229.81,5607.22,6355.8,617.61,,,,8001.32,5511.07,17.48,5328.57,5193.61,29.37,,,,,,,,6736.86,4509.62,,,,,4120.2,1437.7,5839.74,3599.04,,,86697.9949,28151.5033,10308.72,2784.87,2338.02,898.17,28205,27833.62,9065.51,19254.16,5795.26,5172.78,3980.48,15.05,468.07,1041.69,1364.52,927.1,1334.82,19952.65,6560.34,2985.32,2301.23,tl_2025_44_sldu.zip,https://dev.planscore.org/plan.html?20260308T223601.026100865Z
RI,27,"SLDUST=""027""",8138.52,7229.88,0.0,8741.3,7368.31,274.21,6947.85,6942.28,849.46,,,,9849.44,5963.4,17.65,6748.3,5884.1,24.04,,,,,,,,7807.31,5235.14,,,,,3435.58,1279.2,6654.49,3847.05,,,79004.7033,24315.0073,12132.27,3207.92,2590.14,1079.07,31190,30268.03,8088.85,22927.61,5669.74,7799.66,5059.13,219.74,865.58,819.8,1364.25,1195.13,1545.61,24169.83,6365.29,2127.58,1767.22,tl_2025_44_sldu.zip,https://dev.planscore.org/plan.html?20260308T223601.026100865Z
RI,28,"SLDUST=""028""",7160.5,5508.68,0.0,8904.79,3371.7,231.78,7741.5,2885.72,711.84,,,,9268.79,2734.21,13.87,7031.79,2370.71,23.89,,,,,,,,5531.11,4224.46,,,,,5830.79,1639.18,6133.37,4799.55,,,65896.5819,23611.5721,10826.76,3372.27,3752.77,1174.59,29207,29146.89,9922.27,19477.1,6743.18,6473.28,5521.65,54.9,700.79,1272.93,1819.4,2008.77,2455.2,21197.67,8162.42,4691.44,3769.65,tl_2025_44_sldu.zip,https://dev.planscore.org/plan.html?20260308T223601.026100865Z
RI,29,"SLDUST=""029""",7905.06,6733.65,0.0,7727.58,6447.06,321.93,5918.4,5999.9,1011.26,,,,8762.1,5244.07,12.22,5811.15,4656.85,28.33,,,,,,,,4613.61,3705.96,,,,,1355.52,787.21,6039.6,3518.49,,,76821.9043,18788.7105,11214.03,2929.29,940.9,597.62,27574,26195.3,7514.44,19123.67,5207.47,7106.3,4933.56,131.68,685.18,382.91,930.62,1175.05,1703.12,21979.59,6663.93,1027.59,1172.65,tl_2025_44_sldu.zip,https://dev.planscore.org/plan.html?20260308T223601.026100865Z
RI,30,"SLDUST=""030""",8792.59,7489.66,0.0,9623.3,7403.02,378.55,7409.8,6955.63,1128.01,,,,10600.76,6294.55,26.02,7133.81,5770.75,27.43,,,,,,,,9174.19,4943.86,,,,,2051.98,978.09,5476.17,3320.95,,,75732.1059,26525.7679,13284.82,3184.07,1328.84,730.99,29818,29941.29,8089.13,22963.18,5856.51,7243.36,5669.2,52.4,674.9,578.09,1235.83,511.82,1128.29,24583.07,6788.64,999.96,1187.37,tl_2025_44_sldu.zip,https://dev.planscore.org/plan.html?20260308T223601.026100865Z
RI,31,"SLDUST=""031""",8076.89,6896.89,0.0,9143.34,6100.57,334.8,7213.87,5728.3,974.75,,,,10045.85,5063.97,17.3,6993.06,4723.84,17.5,,,,,,,,6622.05,5196.15,,,,,2098.74,961.84,5994.69,3604.44,,,77586.9424,29099.8684,11627.41,3100.59,1317.47,728.98,27616,27060.59,7925.17,20654.84,5800.93,6604.46,5175.27,109.44,634.65,421.13,969.85,766.72,1307.27,22157.4,6937.38,1219.24,1423.65,tl_2025_44_sldu.zip,https://dev.planscore.org/plan.html?20260308T223601.026100865Z
RI,32,"SLDUST=""032""",10736.39,5097.01,0.0,12101.32,5569.76,381.04,9674.8,5411.37,1168.08,,,,12495.7,4931.24,24.84,9002.49,4845.22,37.59,,,,,,,,11295.9,6352.85,,,,,2087.91,911.66,3642.35,2486.58,,,108834.9101,33270.3978,10672.67,2427.77,1348.45,628.48,28407,27273.38,7157.92,19579.74,4836.55,4133.6,3231.04,163.61,758.77,521.21,1082.77,260.2,831.73,21274.14,5621.59,732.32,939.47,tl_2025_44_sldu.zip,https://dev.planscore.org/plan.html?20260308T223601.026100865Z
RI,33,"SLDUST=""033""",6744.94,8933.19,0.0,7075.66,7979.75,301.26,5366.79,7107.38,957.6,,,,8080.64,6684.71,18.09,5318.04,5523.72,41.75,,,,,,,,5575.77,3830.32,,,,,1074.43,658.67,6548.43,3609.19,,,85205.5324,26273.4082,11422.92,2740.12,660.04,483.33,27702,27095.65,7004.24,20441.92,5088.69,7279.87,5167.82,85.4,471.22,195.04,647.28,141.53,533.24,22449.18,6195.13,1013.66,1157.29,tl_2025_44_sldu.zip,https://dev.planscore.org/plan.html?20260308T223601.026100865Z
RI,34,"SLDUST=""034""",8258.57,8860.98,0.0,8470.15,8431.93,417.32,6366.22,7474.2,1218.88,,,,9219.17,7436.83,21.35,6276.97,5966.61,29.6,,,,,,,,7500.46,4476.07,,,,,722.6,380.88,5394.81,3082.55,,,91446.49,30600.8529,10907.41,2521.56,612.63,350.35,28498,28624.19,6464.7,20276.97,4599.17,6241.04,4434.58,359.03,784.52,85.9,579.23,261.9,832.92,23854.56,6295.81,640.06,807.89,tl_2025_44_sldu.zip,https://dev.planscore.org/plan.html?20260308T223601.026100865Z
RI,35,"SLDUST=""035""",10686.33,6762.73,0.0,11266.98,7033.08,443.04,8383.11,6656.11,1291.78,,,,11814.87,6438.82,20.96,7987.47,6105.66,17.86,,,,,,,,10992.99,5060.88,,,,,1610.2,759.03,3028.04,1957.48,,,101708.53,27364.3405,10815.41,2255.48,1211.89,636.64,30300,28135.3,6226.55,19305.29,4092.11,5589.7,4037.25,157.8,593.61,1136.27,1354.8,244.86,639.22,22240.04,5008.27,467.7,605.58,tl_2025_44_sldu.zip,https://dev.planscore.org/plan.html?20260308T223601.026100865Z
RI,36,"SLDUST=""036""",11036.31,7502.13,0.0,11745.19,7065.28,376.34,9118.8,6597.42,1340.68,,,,12502.65,6103.52,22.82,8879.97,5997.39,26.92,,,,,,,,10588.23,6006.75,,,,,1532.6,948.79,3768.68,2411.59,,,83010.8354,30278.044,12628.95,3211.76,1142.5,768.96,30073,29965.2,8661.94,20600.44,5188.35,6777.72,5363.84,135.04,741.56,333.98,951.21,292.62,917.3,25015.04,7443.41,820.64,1160.73,tl_2025_44_sldu.zip,https://dev.planscore.org/plan.html?20260308T223601.026100865Z
RI,37,"SLDUST=""037""",9321.89,4667.45,0.0,9333.18,4055.44,360.81,7216.19,3739.65,1091.97,,,,9616.54,3680.65,28.83,6960.78,3489.94,30.56,,,,,,,,8711.67,4011.88,,,,,1475.12,820.63,2581.36,1701.97,,,95782.4445,26165.7132,8800.18,1864.76,707.02,473.44,27634,26413.44,5518.18,15610.2,3531.13,3937.41,2811.15,216.57,523.56,594.75,815.56,722.52,833.05,22635.49,4221.32,1015.14,893.51,tl_2025_44_sldu.zip,https://dev.planscore.org/plan.html?20260308T223601.026100865Z
RI,38,"SLDUST=""038""",8670.56,7110.25,0.0,9424.34,6940.48,310.92,6968.34,6301.75,1062.19,,,,9981.77,5949.92,14.88,6998.99,4851.68,15.69,,,,,,,,8388.73,4571.31,,,,,1529.15,834.75,5815.89,3285.32,,,90123.4436,24548.1404,12560.47,2922.06,935.95,560.07,28890,27324.8,6598.92,21149.71,4873.32,6503.94,4296.58,192.6,672.38,611.44,1117.07,275.0,804.54,24733.7,6597.16,416.1,669.95,tl_2025_44_sldu.zip,https://dev.planscore.org/plan.html?20260308T223601.026100865Z
SD,1,"SLDUST=""001""",4718.05,7722.94,0.0,5215.36,7620.72,228.87,4639.99,6779.71,683.25,,,,5078.68,7976.38,0.0,,,,4172.85,8033.49,0.0,,,,,4132.32,2481.12,,,,,318.43,227.38,6307.42,2445.29,,,60413.8628,12358.551,10908.37,1836.57,92.66,127.4,26600,27518.95,5249.32,18571.65,3134.55,6486.63,3066.56,3003.53,1620.63,97.6,621.87,111.0,553.92,19224.93,3572.02,312.42,420.07,tl_2025_46_sldu.zip,https://dev.planscore.org/plan.html?20260308T223616.397144564Z
SD,2,"SLDUST=""002""",5147.75,9527.51,0.0,4552.75,7917.33,283.43,3284.06,6346.82,674.7,,,,4207.08,8465.33,0.0,,,,2618.38,7652.78,0.0,,,,,5704.11,2817.88,,,,,1476.46,606.98,3213.47,1678.51,,,96011.8843,14712.5091,8638.12,1543.57,625.39,390.49,26267,23164.33,4353.21,15051.98,2771.84,5407.56,2713.8,153.85,431.05,305.86,594.77,673.52,961.94,17996.13,3942.51,554.27,607.84,tl_2025_46_sldu.zip,https://dev.planscore.org/plan.html?20260308T223616.397144564Z
SD,3,"SLDUST=""003""",3957.69,7075.85,0.0,4259.59,7032.29,301.35,3436.84,6380.1,711.85,,,,4094.23,7423.91,0.0,,,,3022.7,7547.03,0.0,,,,,5950.45,4217.54,,,,,1242.48,716.49,5313.0,3286.81,,,60345.0941,18902.6667,11641.13,2952.98,452.19,434.84,26595,26954.64,7172.3,17893.95,4650.42,5846.02,4030.27,1097.37,1406.61,457.94,945.04,31.12,423.35,19895.53,5271.6,613.73,770.92,tl_2025_46_sldu.zip,https://dev.planscore.org/plan.html?20260308T223616.397144564Z
SD,4,"SLDUST=""004""",3091.76,10299.68,0.0,3398.99,9998.85,268.21,3099.84,8586.26,756.6,,,,3471.38,10171.16,0.0,,,,2995.5,9564.85,0.0,,,,,3692.67,2423.91,,,,,685.12,358.68,7094.64,2563.97,,,65817.0,8526.582,10857.51,1989.68,152.52,165.46,26575,26590.43,5145.96,17852.22,3156.19,6265.37,3236.7,278.91,651.19,86.65,660.77,70.0,588.85,19281.85,3667.37,273.22,451.11,tl_2025_46_sldu.zip,https://dev.planscore.org/plan.html?20260308T223616.397144564Z
SD,5,"SLDUST=""005""",3485.51,7920.56,0.0,3449.52,7586.63,319.96,2796.62,6581.67,646.92,,,,3189.55,8114.56,0.0,,,,2574.62,7501.61,0.0,,,,,3427.5,2726.49,,,,,362.7,309.35,5668.37,2993.58,,,57352.0161,11628.2813,10631.88,2404.78,146.73,163.14,24953,24370.89,6013.8,16596.79,3883.52,5880.29,3998.54,574.32,928.06,166.35,559.13,60.0,464.06,19109.8,4704.97,341.91,547.27,tl_2025_46_sldu.zip,https://dev.planscore.org/plan.html?20260308T223616.397144564Z
SD,6,"SLDUST=""006""",4217.14,8444.04,0.0,3824.95,6864.59,309.33,2638.22,5546.82,702.99,,,,3577.42,7352.26,0.0,,,,2066.54,6838.04,0.0,,,,,5380.27,3017.68,,,,,553.83,207.41,3223.93,1907.47,,,91012.44,21136.2406,7476.66,1446.0,236.24,143.71,25075,23917.87,5008.54,14436.59,3134.9,5296.48,3324.23,230.24,419.5,180.81,484.53,379.41,758.28,17914.9,4127.49,405.08,507.92,tl_2025_46_sldu.zip,https://dev.planscore.org/plan.html?20260308T223616.397144564Z
SD,7,"SLDUST=""007""",4670.13,5937.2,0.0,4772.85,5538.97,350.22,3682.51,4606.07,784.55,,,,4488.72,6087.29,0.0,,,,2978.16,6017.91,0.0,,,,,6439.64,3939.3,,,,,1610.64,567.77,3029.83,2093.57,,,63309.7709,17134.4615,10230.29,2458.02,380.54,225.05,26511,27330.72,6399.74,13733.07,3401.45,4651.68,3426.86,364.07,716.96,312.09,753.28,182.63,595.24,20712.46,5220.69,583.13,695.37,tl_2025_46_sldu.zip,https://dev.planscore.org/plan.html?20260308T223616.397144564Z
SD,8,"SLDUST=""008""",4320.87,9232.8,0.0,4526.15,8781.03,315.78,4476.49,8502.93,945.44,,,,4455.28,9244.71,0.0,,,,3941.84,10115.09,0.0,,,,,5516.92,2943.94,,,,,308.96,226.77,6092.3,2455.85,,,62532.0445,14421.2397,10921.57,2030.68,84.85,106.28,26279,27531.44,5181.54,18771.21,3478.28,6409.13,3527.86,388.59,738.92,103.6,499.83,122.82,554.9,19866.79,3603.09,400.1,573.19,tl_2025_46_sldu.zip,https://dev.planscore.org/plan.html?20260308T223616.397144564Z
SD,9,"SLDUST=""009""",4618.73,7600.91,0.0,4168.09,6378.3,293.8,2735.14,4849.91,600.99,,,,3912.08,6822.81,0.0,,,,2181.77,5951.9,0.0,,,,,5424.63,2932.03,,,,,870.58,406.53,3586.95,1936.53,,,91711.6946,17615.7286,9395.77,1890.61,431.82,266.97,26227,24249.94,5427.22,15276.25,3149.26,5064.53,3027.32,249.43,586.93,287.27,582.62,980.79,1083.19,18501.7,3926.88,575.19,595.63,tl_2025_46_sldu.zip,https://dev.planscore.org/plan.html?20260308T223616.397144564Z
SD,10,"SLDUST=""010""",5337.13,4567.17,0.0,5630.19,4503.35,344.62,4514.58,4164.55,729.47,,,,5366.62,5034.79,0.0,,,,3915.64,5418.92,0.0,,,,,5089.77,3391.57,,,,,3972.83,1691.85,5380.88,2973.04,,,57060.5592,14150.2495,11188.79,2618.59,1451.3,1000.87,26279,26215.08,7080.56,17384.91,4203.49,5664.99,3928.81,492.27,902.54,456.46,818.47,1585.3,1715.03,17821.64,4639.05,619.54,727.14,tl_2025_46_sldu.zip,https://dev.planscore.org/plan.html?20260308T223616.397144564Z
SD,11,"SLDUST=""011""",5439.2,6624.14,0.0,5651.78,6841.88,355.73,4671.99,6521.64,846.89,,,,5213.06,7523.17,0.0,,,,3691.57,8283.21,0.0,,,,,6524.55,4028.43,,,,,1321.3,705.38,4123.31,2486.11,,,74813.0955,17544.2187,11096.02,2666.76,301.75,203.99,25954,27067.01,6991.41,18212.01,4418.57,6547.76,4453.66,296.02,644.89,345.03,726.78,595.3,970.47,19941.15,5534.26,620.63,751.21,tl_2025_46_sldu.zip,https://dev.planscore.org/plan.html?20260308T223616.397144564Z
SD,12,"SLDUST=""012""",5350.22,5950.76,0.0,5583.76,5908.11,322.35,4268.63,5543.15,741.78,,,,5130.0,6644.04,0.0,,,,3422.08,7094.38,0.0,,,,,6010.07,4394.51,,,,,281.56,167.77,3348.52,2368.82,,,56197.4399,15243.2206,10024.09,2769.02,101.9,84.71,25378,23906.0,7010.47,14698.66,4276.98,5609.9,4243.63,528.36,955.29,420.05,910.98,508.24,961.92,19701.49,5699.46,431.48,610.77,tl_2025_46_sldu.zip,https://dev.planscore.org/plan.html?20260308T223616.397144564Z
SD,13,"SLDUST=""013""",6559.97,8105.79,0.0,6014.64,7248.85,326.99,3976.33,5648.9,616.09,,,,5494.67,8029.82,0.0,,,,2868.27,7408.06,0.0,,,,,5985.31,3797.01,,,,,71.21,56.32,3413.14,2704.06,,,95133.6201,23561.8841,7987.49,2186.94,53.1,48.05,24449,19933.45,5895.83,13933.66,4127.24,4376.53,3784.76,144.05,459.35,418.76,776.7,354.1,790.66,19255.32,5214.36,290.71,428.04,tl_2025_46_sldu.zip,https://dev.planscore.org/plan.html?20260308T223616.397144564Z
SD,14,"SLDUST=""014""",6371.0,6836.0,0.0,6331.1,6601.42,320.76,4712.68,6100.63,716.31,,,,5770.7,7421.1,0.0,,,,3539.46,8027.48,0.0,,,,,6956.71,3920.54,,,,,783.88,369.51,3735.45,2372.63,,,84099.8696,17115.6957,10127.75,2265.42,424.95,296.67,25494,24495.24,5660.32,16231.77,3487.37,5979.57,3819.14,284.18,619.56,381.83,703.56,693.19,1011.02,17666.26,4239.63,232.18,420.46,tl_2025_46_sldu.zip,https://dev.planscore.org/plan.html?20260308T223616.397144564Z
SD,15,"SLDUST=""015""",5091.79,4840.75,0.0,5707.58,5221.83,384.43,3636.58,3211.76,682.22,,,,5512.17,5588.92,0.0,,,,3365.77,4046.84,0.0,,,,,3796.21,3389.46,,,,,2312.37,1353.92,5770.94,3595.3,,,47271.601,16259.0645,11204.96,3267.74,1092.13,809.27,26133,25748.46,8393.9,17362.08,5501.3,5748.88,4352.15,1596.02,1898.31,433.18,983.64,1339.99,1806.74,19204.01,6275.41,1214.47,1317.4,tl_2025_46_sldu.zip,https://dev.planscore.org/plan.html?20260308T223616.397144564Z
SD,16,"SLDUST=""016""",3514.95,9598.13,0.0,3566.77,8822.9,342.33,3325.82,8252.97,752.14,,,,3516.47,9152.54,0.0,,,,2866.25,9486.92,0.0,,,,,3883.58,2086.79,,,,,161.89,152.12,6225.39,2469.84,,,67530.2297,17267.8508,9902.2,1736.81,57.04,77.59,24252,25422.49,4537.66,17761.55,2965.74,5875.39,2901.68,270.53,569.48,35.0,418.6,146.0,540.6,18601.36,3505.88,280.76,434.8,tl_2025_46_sldu.zip,https://dev.planscore.org/plan.html?20260308T223616.397144564Z
SD,17,"SLDUST=""017""",4526.73,6372.37,0.0,4926.8,6592.63,286.98,3789.0,5134.0,529.0,,,,4357.82,7338.59,0.0,,,,3081.0,6343.0,0.0,,,,,5915.73,3542.28,,,,,599.0,253.21,3327.75,1932.08,,,77007.3809,16960.6473,9780.39,1958.04,143.27,117.48,26401,24232.95,4406.1,13962.98,2776.1,4511.22,2986.29,548.48,795.71,279.0,667.93,294.0,668.93,20395.87,4282.88,478.46,531.82,tl_2025_46_sldu.zip,https://dev.planscore.org/plan.html?20260308T223616.397144564Z
SD,18,"SLDUST=""018""",4002.0,6903.0,0.0,4150.0,6831.0,315.0,3444.0,5863.0,691.0,,,,3982.0,7252.0,0.0,,,,3200.0,6804.0,0.0,,,,,4406.42,3502.23,,,,,484.51,463.64,5341.05,2795.35,,,66694.9771,16844.4965,9916.98,2217.87,253.24,237.36,24139,23628.89,5681.35,16507.76,3952.01,5705.11,3474.84,626.52,894.24,53.0,433.02,370.0,661.02,18564.91,4159.21,498.0,555.01,tl_2025_46_sldu.zip,https://dev.planscore.org/plan.html?20260308T223616.397144564Z
SD,19,"SLDUST=""019""",2667.0,9228.0,0.0,2891.0,9270.0,213.0,2503.0,8117.0,591.0,,,,3088.0,9243.0,0.0,,,,2482.0,8792.0,0.0,,,,,3506.99,1824.08,,,,,269.77,198.63,5580.44,1682.22,,,65031.2735,10424.2782,9013.03,1333.01,123.21,149.86,24133,23732.82,3453.4,16217.62,2166.39,5395.78,2093.91,695.44,611.46,56.0,455.17,186.0,532.17,18013.88,2483.94,367.7,380.5,tl_2025_46_sldu.zip,https://dev.planscore.org/plan.html?20260308T223616.397144564Z
SD,20,"SLDUST=""020""",3296.0,7899.0,0.0,3193.0,7291.0,233.0,2878.0,6687.0,560.0,,,,3117.0,7564.0,0.0,,,,2511.0,7693.0,0.0,,,,,4166.43,3267.76,,,,,382.4,324.46,5696.87,2963.58,,,59727.5936,18577.4726,10637.15,2701.31,176.62,211.67,24078,24419.84,6297.72,16701.72,4242.27,5744.19,4078.28,632.34,1034.12,67.31,549.88,135.54,623.86,18125.75,4887.22,483.77,665.45,tl_2025_46_sldu.zip,https://dev.planscore.org/plan.html?20260308T223616.397144564Z
SD,21,"SLDUST=""021""",2417.0,8966.0,0.0,2660.0,9004.0,185.0,2342.0,8363.0,461.0,,,,2887.0,8967.0,0.0,,,,2430.0,8739.0,0.0,,,,,3309.0,1879.0,,,,,382.0,229.0,5969.0,2073.0,,,53776.3941,11069.7006,9542.0,1528.0,139.0,131.0,24573,24635.0,3857.0,16278.0,2452.0,5490.0,2420.0,2568.0,1550.0,50.0,477.0,101.0,537.0,17580.0,2849.0,221.0,307.0,tl_2025_46_sldu.zip,https://dev.planscore.org/plan.html?20260308T223616.397144564Z
SD,22,"SLDUST=""022""",2977.55,7088.18,0.0,3144.72,7049.82,232.7,2875.63,6431.9,594.53,,,,3018.06,7420.17,0.0,,,,2664.47,7368.13,0.0,,,,,4100.83,2929.6,,,,,2590.17,1005.97,5833.99,2823.45,,,63378.4371,11652.1479,10448.61,2383.54,731.75,721.4,25958,25168.67,6230.24,17023.99,3955.29,5168.34,3138.76,224.77,571.74,675.0,1293.09,201.0,682.09,17828.36,4087.66,1153.87,1095.61,tl_2025_46_sldu.zip,https://dev.planscore.org/plan.html?20260308T223616.397144564Z
SD,23,"SLDUST=""023""",2398.44,9494.78,0.0,2617.81,9645.68,217.92,2257.08,8936.36,592.85,,,,2624.1,9852.81,0.0,,,,2249.85,9587.88,0.0,,,,,4239.24,2708.34,,,,,434.09,389.13,5588.58,2409.9,,,56095.9382,13296.8311,10087.5,1931.44,259.16,269.76,24173,23960.41,4836.38,16634.4,3291.02,5707.34,3012.17,1098.1,1258.75,203.46,664.09,153.88,628.74,18104.54,3132.38,217.86,392.01,tl_2025_46_sldu.zip,https://dev.planscore.org/plan.html?20260308T223616.397144564Z
SD,24,"SLDUST=""024""",3780.12,9006.71,0.0,3733.98,8986.19,308.65,3075.03,8429.89,734.72,,,,3282.0,9791.13,0.0,,,,2502.7,9777.05,0.0,,,,,5726.39,3764.48,,,,,238.89,301.56,5434.03,2739.37,,,60891.6244,14432.8897,10784.44,2428.72,81.45,129.69,25038,25038.88,5775.56,17628.63,3747.3,5674.96,3415.61,1857.24,1767.87,119.35,525.24,61.47,498.96,19032.82,4547.24,329.89,467.77,tl_2025_46_sldu.zip,https://dev.planscore.org/plan.html?20260308T223616.397144564Z
SD,25,"SLDUST=""025""",4115.38,9682.43,0.0,4414.59,9125.8,344.26,3776.98,7889.85,773.41,,,,5219.9,8639.62,0.0,,,,3423.27,8983.47,0.0,,,,,4865.65,2511.49,,,,,432.83,341.74,5026.78,1896.05,,,78251.8036,14699.6126,9638.73,1579.62,247.67,213.98,25864,25356.48,4677.04,17025.18,2879.82,6241.29,2888.78,846.61,763.69,233.75,565.24,171.17,493.02,18361.37,3261.03,295.53,379.45,tl_2025_46_sldu.zip,https://dev.planscore.org/plan.html?20260308T223616.397144564Z
SD,26,"SLDUST=""026""",3357.88,4321.3,0.0,3967.02,4508.81,190.36,3090.97,4102.11,469.28,,,,3868.0,4753.87,0.0,,,,2891.3,4767.95,0.0,,,,,2659.62,1842.52,,,,,300.11,143.44,4990.97,2088.63,,,47874.8848,8087.5597,8027.56,1427.28,73.55,133.31,23354,24553.12,4242.44,14034.37,2493.7,5210.04,2606.39,7734.76,2726.13,47.65,489.76,89.53,498.04,15407.18,3187.76,264.11,413.23,tl_2025_46_sldu.zip,https://dev.planscore.org/plan.html?20260308T223616.397144564Z
SD,27,"SLDUST=""027""",3661.07,3677.11,0.0,3974.76,3508.61,172.21,3499.85,3176.89,378.19,,,,3825.56,3792.99,0.0,,,,3200.8,3770.14,0.0,,,,,1407.86,959.97,,,,,51.0,53.0,2250.69,1130.36,,,47690.7069,15391.1826,3283.51,693.82,13.0,37.0,23910,11030.78,2317.27,6735.04,1490.17,2524.9,1244.35,10171.05,3098.03,52.64,405.59,38.0,372.95,15671.17,3641.98,179.92,301.86,tl_2025_46_sldu.zip,https://dev.planscore.org/plan.html?20260308T223616.397144564Z
SD,28,"SLDUST=""028""",3111.06,7932.23,0.0,3461.0,7721.0,257.0,2698.0,7064.0,615.0,,,,3386.0,7946.0,0.0,,,,2715.0,7567.0,0.0,,,,,3325.0,2121.0,,,,,115.0,109.0,6575.0,2405.0,,,54050.7302,8756.348,9735.0,1667.0,29.0,62.0,25943,27183.0,4393.0,17018.0,2743.0,6220.0,3010.0,5660.0,1601.0,68.0,470.0,37.0,463.0,18655.0,3013.0,391.0,365.0,tl_2025_46_sldu.zip,https://dev.planscore.org/plan.html?20260308T223616.397144564Z
SD,29,"SLDUST=""029""",2797.08,9148.6,0.0,2633.1,8233.79,417.25,1829.0,7136.0,814.0,,,,2551.71,8619.66,0.0,,,,1966.0,7729.0,0.0,,,,,3915.54,2743.39,,,,,153.0,114.0,4601.54,2561.5,,,64063.6776,18770.6388,9105.86,1974.7,97.0,92.0,24978,23334.39,5325.03,15198.14,3317.68,6497.81,3802.32,758.21,832.2,175.41,541.92,478.46,1047.76,19670.96,6962.73,815.95,1298.65,tl_2025_46_sldu.zip,https://dev.planscore.org/plan.html?20260308T223616.397144564Z
SD,30,"SLDUST=""030""",4122.6,11464.43,0.0,4101.39,10655.56,383.56,3033.21,9312.75,866.02,,,,3913.97,11084.68,0.0,,,,3090.56,9996.67,0.0,,,,,5109.04,3346.4,,,,,769.84,574.27,6989.5,3124.34,,,58422.0962,16484.1344,11117.72,2353.02,308.39,255.58,24858,26338.75,5540.88,20130.59,4186.62,8028.68,4479.44,1321.4,1414.6,104.55,448.91,56.81,430.21,20883.78,4568.97,475.09,543.29,tl_2025_46_sldu.zip,https://dev.planscore.org/plan.html?20260308T223616.397144564Z
SD,31,"SLDUST=""031""",5073.76,9903.37,0.0,4537.0,8753.0,538.0,3356.0,7411.0,1075.0,,,,4358.0,9385.0,0.0,,,,3267.0,8566.0,0.0,,,,,6299.0,3604.0,,,,,422.0,332.0,4759.0,2558.0,,,53132.0803,15639.852,11250.0,2344.0,82.0,71.0,25768,25806.0,5299.0,18016.0,3839.0,7319.0,4374.0,741.0,1055.0,338.0,709.0,108.0,417.0,21800.0,4315.0,574.0,600.0,tl_2025_46_sldu.zip,https://dev.planscore.org/plan.html?20260308T223616.397144564Z
SD,32,"SLDUST=""032""",4427.52,4592.66,0.0,4581.79,5121.46,433.99,3368.13,4848.94,922.24,,,,4327.43,5682.22,0.0,,,,3292.86,5778.78,0.0,,,,,4455.02,3564.1,,,,,517.79,386.95,6260.6,4021.25,,,36095.3707,13803.3218,10936.07,2656.76,236.5,223.42,26547,28121.44,7905.76,19015.88,5310.01,8477.7,5264.49,2926.24,2575.03,223.51,683.38,549.06,982.22,20314.09,5467.52,875.92,1060.5,tl_2025_46_sldu.zip,https://dev.planscore.org/plan.html?20260308T223616.397144564Z
SD,33,"SLDUST=""033""",4254.34,8971.75,0.0,4352.1,8412.68,409.68,3010.6,7415.98,842.65,,,,4043.38,9025.57,0.0,,,,2723.51,8535.19,0.0,,,,,6804.73,3486.8,,,,,407.21,310.4,4384.57,2384.11,,,74080.5675,17856.5761,10063.56,1805.9,179.61,183.43,24788,26159.64,5440.25,17844.52,3469.9,6543.27,3613.31,1200.96,1109.02,168.79,398.45,132.21,358.99,19895.82,4041.59,586.04,632.66,tl_2025_46_sldu.zip,https://dev.planscore.org/plan.html?20260308T223616.397144564Z
SD,34,"SLDUST=""034""",5264.7,7350.62,0.0,5356.61,7640.5,423.09,3906.25,7053.59,998.24,,,,4923.73,8409.07,0.0,,,,3523.62,8406.94,0.0,,,,,7579.14,4441.04,,,,,617.76,464.78,3757.1,2472.0,,,61853.1356,18802.0322,10586.38,2417.29,422.03,349.5,24132,23772.84,5758.84,17358.92,4060.56,6261.96,3984.43,1204.0,1499.69,360.1,673.72,260.59,606.98,20166.44,4931.29,691.75,900.06,tl_2025_46_sldu.zip,https://dev.planscore.org/plan.html?20260308T223616.397144564Z
SD,35,"SLDUST=""035""",4854.88,9974.23,0.0,5120.25,9824.41,465.22,2836.96,6733.85,813.65,,,,4735.21,10411.8,0.0,,,,2710.66,7333.27,0.0,,,,,3468.66,2463.31,,,,,295.4,180.6,5594.0,3234.44,,,63473.3935,12686.0723,8877.9,2131.5,136.48,113.06,25011,24168.15,5935.97,15765.9,4158.05,5413.68,3508.66,1593.14,1686.43,336.01,665.04,354.87,599.89,19182.73,4728.92,1074.33,974.98,tl_2025_46_sldu.zip,https://dev.planscore.org/plan.html?20260308T223616.397144564Z
VT,1,"SLDUST=""ADD""",16383.05,7343.64,762.22,16540.0,6787.0,832.0,12408.0,5691.0,2814.0,,,,,,,,,,13191.0,6751.0,968.0,,,,,11641.0,5036.0,,,,,1865.0,663.0,8347.0,3122.0,,,71462.1463,13491.6769,16078.0,2682.0,865.0,398.0,40425,39941.0,6305.0,28099.0,4599.0,7175.0,3751.0,283.0,751.0,678.0,984.0,248.0,741.0,33240.0,5597.0,765.0,778.0,tl_2025_50_sldu.zip,https://dev.planscore.org/plan.html?20260308T223623.905138032Z
VT,2,"SLDUST=""BEN""",13934.16,8523.59,590.04,14359.23,7869.98,700.16,10713.92,6616.95,2167.5,,,,,,,,,,11442.81,6228.09,1674.51,,,,,10671.43,6841.3,,,,,640.71,366.17,8280.82,4580.26,,,58404.6282,17557.3497,16387.85,4225.92,381.97,279.49,41972,39531.87,10281.79,28539.9,7447.66,8983.77,6241.97,269.08,953.16,359.08,1087.21,443.19,1185.22,33802.49,9628.28,872.16,1128.64,tl_2025_50_sldu.zip,https://dev.planscore.org/plan.html?20260308T223623.905138032Z
VT,3,"SLDUST=""CAL""",6976.57,4935.75,435.79,7151.0,4813.0,467.0,5232.0,4155.0,1573.0,,,,,,,,,,5895.0,4466.0,607.0,,,,,5398.42,2943.81,,,,,558.44,347.6,5510.1,2360.94,,,57674.4368,15758.2555,9498.52,1826.16,353.03,269.91,22630,22019.81,4358.84,16305.62,3041.04,4609.6,2684.47,241.12,486.61,264.34,599.7,150.0,524.7,18091.29,3470.65,209.85,319.61,tl_2025_50_sldu.zip,https://dev.planscore.org/plan.html?20260308T223623.905138032Z
VT,4,"SLDUST=""CHC""",23418.03,4595.35,1034.74,26519.35,5528.72,1045.27,19067.28,4885.75,3570.62,,,,,,,,,,19747.01,5714.53,1648.69,,,,,18188.67,11023.47,,,,,6607.75,2617.76,6940.49,4887.16,,,60874.5188,22363.38,24492.56,5711.87,2675.82,1222.43,65305,63867.21,15957.78,36286.99,9331.74,9620.38,7211.8,213.49,1066.22,2634.23,3406.06,2175.19,3126.18,55238.33,14540.77,1948.42,1957.91,tl_2025_50_sldu.zip,https://dev.planscore.org/plan.html?20260308T223623.905138032Z
VT,5,"SLDUST=""CHN""",6118.28,4191.42,301.05,7873.08,5007.42,463.56,5433.31,4080.97,1539.91,,,,,,,,,,6235.15,4375.86,406.18,,,,,6168.77,3385.61,,,,,458.03,215.44,4350.73,2023.48,,,99913.5141,18974.7384,8522.92,1643.42,290.16,169.08,22073,21838.94,4767.51,15823.48,3313.94,4751.06,3031.3,152.38,363.64,288.26,548.19,246.71,445.65,17487.76,4120.24,239.98,337.44,tl_2025_50_sldu.zip,https://dev.planscore.org/plan.html?20260308T223623.905138032Z
VT,6,"SLDUST=""CHS""",29384.6,7281.65,966.67,35660.21,8936.01,1252.41,26744.34,8255.45,4305.88,,,,,,,,,,27522.44,10103.95,1548.41,,,,,28653.33,14025.71,,,,,3443.64,1527.34,7051.33,5090.08,,,91472.4846,26956.4972,28545.89,6162.6,2122.04,1113.66,69199,66497.06,14274.26,48133.52,9916.02,10944.28,8133.69,600.11,1451.11,1454.51,2335.73,474.02,1354.07,53607.61,12747.73,1101.45,1370.56,tl_2025_50_sldu.zip,https://dev.planscore.org/plan.html?20260308T223623.905138032Z
VT,7,"SLDUST=""ESX""",4389.36,5440.89,365.8,5313.0,5503.0,357.0,3759.0,4475.0,1380.0,,,,,,,,,,4550.0,4366.0,628.0,,,,,3690.65,2260.93,,,,,954.26,467.46,6355.92,2464.51,,,49282.0058,9080.2502,9693.49,1815.51,538.88,296.7,22290,22234.43,4084.05,15890.38,2873.31,4822.01,2798.4,348.79,603.36,47.0,411.94,243.0,649.94,18691.23,3698.46,301.47,412.04,tl_2025_50_sldu.zip,https://dev.planscore.org/plan.html?20260308T223623.905138032Z
VT,8,"SLDUST=""FRA""",8241.89,9138.89,523.74,11569.72,9974.74,787.98,8021.78,7732.81,2819.88,,,,,,,,,,10347.69,7397.82,857.96,,,,,7497.0,5202.0,,,,,1085.65,541.16,12043.0,5475.0,,,65689.7165,18062.0015,16927.0,3798.0,782.03,425.91,44508,44249.0,10282.0,31016.0,6893.0,8817.0,5833.0,901.0,1288.0,240.0,925.0,309.0,910.0,34655.0,8457.0,598.0,915.0,tl_2025_50_sldu.zip,https://dev.planscore.org/plan.html?20260308T223623.905138032Z
VT,9,"SLDUST=""GRI""",6718.78,3202.1,265.85,7865.12,3772.93,354.78,5558.63,3181.9,1139.68,,,,,,,,,,6099.95,3414.83,429.73,,,,,6557.24,3218.21,,,,,311.11,121.39,3232.46,1738.27,,,91931.0278,18733.1762,8210.64,1724.11,215.45,94.33,19984,19343.79,4385.45,13782.01,2886.3,3522.28,2221.22,213.01,415.03,307.0,637.02,199.08,491.1,15631.3,3611.26,414.15,442.09,tl_2025_50_sldu.zip,https://dev.planscore.org/plan.html?20260308T223623.905138032Z
VT,10,"SLDUST=""LAM""",7646.04,4081.72,398.97,8027.42,3854.81,449.99,5602.56,3250.83,1767.91,,,,,,,,,,6365.54,3619.78,627.97,,,,,5270.0,2454.0,,,,,581.58,330.47,4166.0,1703.0,,,65703.2013,13143.6693,8927.0,1495.0,280.98,196.83,22068,22023.0,3160.0,14975.0,2386.0,4687.0,2493.0,190.0,339.0,111.0,360.0,232.0,391.0,17295.0,2605.0,349.0,329.0,tl_2025_50_sldu.zip,https://dev.planscore.org/plan.html?20260308T223623.905138032Z
VT,11,"SLDUST=""ORA""",6900.85,4510.23,437.12,7479.0,4704.0,488.0,5393.0,3798.0,1618.0,,,,,,,,,,5769.0,4491.0,570.0,,,,,4918.0,2449.0,,,,,373.03,206.03,5810.0,2124.0,,,60855.3942,12121.6048,9710.0,1649.0,277.0,170.52,21954,22267.0,3719.0,16291.0,2720.0,4470.0,2127.0,207.0,402.0,123.0,349.0,158.0,439.0,18385.0,3388.0,218.0,330.0,tl_2025_50_sldu.zip,https://dev.planscore.org/plan.html?20260308T223623.905138032Z
VT,12,"SLDUST=""ORL""",5545.64,5050.11,366.2,6230.28,5288.26,401.02,4488.22,4203.19,1502.12,,,,,,,,,,5240.31,4249.18,656.04,,,,,4139.93,2344.26,,,,,602.54,237.39,5893.98,1787.56,,,52384.6629,11436.7108,9454.99,1601.33,372.61,177.16,22103,21911.76,3695.11,16080.0,2649.65,4902.4,2176.13,210.1,391.03,128.66,417.36,91.0,382.36,16972.48,3139.89,320.68,370.35,tl_2025_50_sldu.zip,https://dev.planscore.org/plan.html?20260308T223623.905138032Z
VT,13,"SLDUST=""RUT""",11473.0,11306.0,647.0,18024.0,14552.0,1062.0,13488.0,12365.0,3468.0,,,,,,,,,,15251.0,12375.0,1542.0,,,,,13632.0,8370.0,,,,,1557.32,1088.34,14282.0,6419.0,,,61611.6053,14732.1806,25170.0,5539.0,1016.53,785.39,60068,58177.0,12963.0,42429.0,9230.0,12917.0,7844.0,450.0,1410.0,362.0,1481.0,395.0,1438.0,49140.0,11948.0,890.0,1301.0,tl_2025_50_sldu.zip,https://dev.planscore.org/plan.html?20260308T223623.905138032Z
VT,14,"SLDUST=""WAS""",23426.92,7825.24,1116.84,28591.82,10111.12,1336.99,21042.88,9034.1,4981.0,,,,,,,,,,22109.91,11244.06,1809.01,,,,,20799.0,11170.0,,,,,1745.97,1013.97,11850.0,6170.0,,,64132.3768,15358.3474,28547.0,6442.0,1087.0,698.48,67285,64726.0,14597.0,47053.0,10538.0,13420.0,9366.0,567.0,1544.0,476.0,1368.0,475.0,1622.0,53950.0,12611.0,1301.0,1558.0,tl_2025_50_sldu.zip,https://dev.planscore.org/plan.html?20260308T223623.905138032Z
VT,15,"SLDUST=""WDH""",16295.84,6101.41,824.95,17112.77,5684.02,770.85,13165.08,4762.05,2589.5,,,,,,,,,,13523.19,4708.9,1972.49,,,,,11480.57,6627.7,,,,,1359.29,723.83,8391.18,4261.74,,,62325.4182,16487.0107,17359.15,3896.08,741.03,522.51,41280,38745.13,8623.21,28652.1,6342.34,7961.23,5004.03,387.92,1018.84,404.92,1176.79,522.81,1314.78,33812.51,8151.72,804.84,1077.36,tl_2025_50_sldu.zip,https://dev.planscore.org/plan.html?20260308T223623.905138032Z
VT,16,"SLDUST=""WSR""",23691.0,10829.0,1023.0,24504.0,10317.0,1135.0,18455.0,8881.0,3888.0,,,,,,,,,,18953.0,10131.0,1983.0,,,,,16622.0,9799.0,,,,,1909.68,1139.66,12387.0,7043.0,,,64870.327,17912.262,25327.0,6138.0,875.47,664.61,59933,56967.0,14572.0,42732.0,10421.0,12829.0,8851.0,518.0,1569.0,551.0,1628.0,500.0,1681.0,48225.0,12540.0,925.0,1335.0,tl_2025_50_sldu.zip,https://dev.planscore.org/plan.html?20260308T223623.905138032Z
SC,1,"SLDUST=""001""",13650.0,36074.0,712.0,14357.0,33661.0,801.0,11085.26,27536.88,2180.22,,,,14491.0,33637.0,759.0,,,,9146.01,29607.1,1029.11,,,,,22373.62,16459.06,,,,,2515.21,1489.48,18095.83,11774.0,,,45635.8861,18699.353,42389.72,11061.01,822.33,655.87,110467,107270.45,29269.96,68752.01,19307.49,21568.21,16003.93,551.99,2149.29,1308.62,3233.15,7277.07,7243.19,88329.31,25338.14,2493.68,3154.78,tl_2025_45_sldu.zip,https://dev.planscore.org/plan.html?20260308T223605.043725170Z
SC,2,"SLDUST=""002""",11887.3,43826.81,691.67,11725.93,41455.52,841.29,8983.94,35286.6,1926.52,,,,12258.48,40765.17,956.78,,,,7983.75,35886.04,1326.2,,,,,15905.75,13475.08,,,,,3543.89,1868.56,24397.95,14158.7,,,53126.1245,18682.2953,43822.95,11583.2,926.91,855.46,114975,111935.73,31905.29,78145.38,21704.05,25433.9,17660.98,592.57,2193.37,850.4,2879.56,7926.96,7738.74,88731.35,25609.32,3434.34,3957.17,tl_2025_45_sldu.zip,https://dev.planscore.org/plan.html?20260308T223605.043725170Z
SC,3,"SLDUST=""003""",16145.5,46243.64,831.03,16444.47,43317.27,945.04,11658.57,34984.12,2207.13,,,,16877.49,43025.25,827.05,,,,9711.17,36785.38,1260.56,,,,,24842.73,17141.02,,,,,2757.75,1728.02,20057.06,12157.43,,,62728.006,19646.4216,44453.25,11083.86,1322.22,1020.34,116785,112203.0,31348.32,78207.11,21488.46,26404.95,18421.06,1856.03,3783.67,1235.76,3101.83,8318.79,7952.65,92194.91,25017.35,2257.29,2949.48,tl_2025_45_sldu.zip,https://dev.planscore.org/plan.html?20260308T223605.043725170Z
SC,4,"SLDUST=""004""",12534.58,34093.87,495.98,14825.5,32462.83,530.95,13175.43,27996.22,1216.88,,,,15429.47,31654.86,768.95,,,,12503.45,27543.26,1061.9,,,,,11575.27,12405.98,,,,,1650.25,1569.98,27685.94,16334.57,,,45482.0747,16376.0482,43779.75,12857.14,630.78,689.66,111228,112562.0,35678.68,76980.89,23039.54,22439.05,17901.94,1297.97,3637.33,455.24,3023.17,19454.21,13119.35,83505.09,26739.65,1935.71,3177.52,tl_2025_45_sldu.zip,https://dev.planscore.org/plan.html?20260308T223605.043725170Z
SC,5,"SLDUST=""005""",13978.4,45065.52,783.97,13709.06,41292.79,1013.11,9778.63,34735.81,2393.05,,,,14245.16,40805.65,988.17,,,,8759.29,35755.49,1392.74,,,,,20312.43,14243.89,,,,,4959.66,2366.58,21097.56,12444.89,,,53581.8249,16026.0921,40261.85,10129.67,2049.46,1256.21,109623,104760.73,27602.28,72518.97,18276.86,24857.37,15552.2,515.85,1987.59,1186.77,2858.31,6437.42,6706.02,85606.06,21838.78,3677.33,3873.92,tl_2025_45_sldu.zip,https://dev.planscore.org/plan.html?20260308T223605.043725170Z
SC,6,"SLDUST=""006""",19859.28,33771.19,1182.21,20595.15,33951.75,1263.9,14691.28,30312.8,3465.11,,,,20974.66,34240.53,709.54,,,,12107.72,34254.51,1414.7,,,,,30718.44,17922.73,,,,,8106.04,3545.72,15514.29,10859.81,,,60296.37,16774.6758,42466.25,10226.82,2923.33,1690.94,111427,108513.37,28257.08,73086.07,19635.93,23187.55,15384.51,375.36,1983.94,2383.5,4038.72,7803.27,7215.74,81582.09,21208.38,4404.27,4280.03,tl_2025_45_sldu.zip,https://dev.planscore.org/plan.html?20260308T223605.043725170Z
SC,7,"SLDUST=""007""",25934.03,19008.17,891.4,27762.42,16046.51,867.93,21733.23,13051.32,1877.49,,,,28432.36,15730.13,531.72,,,,19583.01,15138.26,968.69,,,,,19614.46,13246.6,,,,,7917.59,4070.99,21631.32,13208.87,,,44719.027,14887.1722,44788.46,11775.81,2317.21,1705.77,110658,111455.16,31850.79,76751.84,21081.07,24701.3,16522.26,357.95,2140.93,1065.69,3066.97,31155.65,17353.73,80826.77,22550.11,6101.77,5615.97,tl_2025_45_sldu.zip,https://dev.planscore.org/plan.html?20260308T223605.043725170Z
SC,8,"SLDUST=""008""",25118.57,37401.44,1042.03,25352.08,36095.58,1206.0,17676.99,30835.76,3276.02,,,,25484.08,36564.61,679.97,,,,14102.9,35501.87,1270.98,,,,,36270.4,17634.91,,,,,8289.24,3478.06,15035.95,10207.99,,,74280.9785,16168.0872,45089.66,9927.02,4287.39,1939.82,115767,114770.25,27897.68,80114.61,20004.7,29068.29,19329.34,430.49,1647.28,2292.68,3295.05,14337.8,10950.1,88470.49,21810.97,5329.54,4895.53,tl_2025_45_sldu.zip,https://dev.planscore.org/plan.html?20260308T223605.043725170Z
SC,9,"SLDUST=""009""",17516.04,37936.91,723.18,19150.08,35266.92,736.01,15574.16,29437.15,1744.71,,,,19754.06,34478.88,941.07,,,,13843.55,30155.85,1354.73,,,,,16562.73,12984.7,,,,,2314.85,1705.13,25470.57,15066.5,,,46407.5826,13147.9164,42972.69,11349.09,1010.22,956.65,115926,114124.05,32102.22,78451.44,21535.57,26286.32,18213.72,709.55,2660.31,760.29,3055.56,20364.35,13324.87,87092.2,24653.93,2785.56,3296.48,tl_2025_45_sldu.zip,https://dev.planscore.org/plan.html?20260308T223605.043725170Z
SC,10,"SLDUST=""010""",17217.42,39267.41,767.8,18795.31,38277.66,814.48,14695.75,31466.63,2271.1,,,,19152.09,37943.6,865.4,,,,12882.74,33349.71,1160.17,,,,,24850.49,15656.71,,,,,2820.61,1899.24,21268.37,13462.9,,,48822.9728,13942.2152,44061.23,11255.51,1153.18,883.65,113230,113085.21,30500.5,77696.16,20211.3,22848.68,15233.58,513.12,2380.79,944.57,3049.71,18895.6,11425.11,86632.19,21784.74,2891.53,3726.59,tl_2025_45_sldu.zip,https://dev.planscore.org/plan.html?20260308T223605.043725170Z
SC,11,"SLDUST=""011""",16608.0,30497.0,563.0,18459.88,27965.45,653.98,13996.88,21060.46,1410.96,,,,19101.87,27093.45,861.98,,,,12902.87,21623.46,969.99,,,,,14189.89,11980.16,,,,,4315.41,2390.96,22397.57,14089.83,,,46105.9147,14814.1633,39498.98,10574.65,1917.18,1298.69,114799,108170.11,31621.73,70311.43,20555.4,25981.44,18620.7,491.76,2253.94,2605.36,4633.63,23268.21,13804.7,84012.45,23686.59,4532.77,4851.17,tl_2025_45_sldu.zip,https://dev.planscore.org/plan.html?20260308T223605.043725170Z
SC,12,"SLDUST=""012""",21811.1,36225.46,932.71,22151.5,33239.16,909.7,16118.81,27635.38,2139.61,,,,22621.33,32866.3,821.72,,,,13571.93,30149.47,1213.87,,,,,25004.64,15797.03,,,,,5949.96,2623.89,18392.06,11612.44,,,58727.977,16676.817,40083.18,9900.78,2600.26,1371.46,116372,110119.05,30345.02,73351.3,19252.99,26798.11,17721.7,246.2,1793.76,2653.63,4119.99,17617.84,11452.21,85027.46,23570.33,5178.46,5224.39,tl_2025_45_sldu.zip,https://dev.planscore.org/plan.html?20260308T223605.043725170Z
SC,13,"SLDUST=""013""",18868.39,39213.5,709.02,19381.57,36596.77,853.12,14674.45,31025.69,2010.3,,,,19729.73,36215.67,928.06,,,,12404.37,32767.15,1347.45,,,,,24810.61,17205.5,,,,,3042.12,1581.54,22645.53,13484.73,,,50361.1756,19886.2323,44265.58,11600.84,1593.59,999.56,113915,112448.74,31619.55,78504.81,20872.16,25619.1,16892.22,606.02,2286.21,2254.01,4022.15,15345.66,10804.67,87054.35,23505.0,2368.42,3002.08,tl_2025_45_sldu.zip,https://dev.planscore.org/plan.html?20260308T223605.043725170Z
SC,14,"SLDUST=""014""",12217.8,40007.49,481.81,13309.14,38042.42,601.96,11279.04,31750.73,1382.96,,,,13995.05,36693.52,1177.96,,,,11322.61,30243.13,1375.02,,,,,12819.56,12569.1,,,,,1841.62,1442.78,27177.01,15933.2,,,42705.7574,12128.4514,41475.47,11532.52,672.09,714.12,110333,111395.51,34429.82,76856.3,22780.96,27987.14,19617.91,1003.52,2941.77,252.39,2622.7,13164.7,10386.4,83945.76,25547.07,2444.42,3444.65,tl_2025_45_sldu.zip,https://dev.planscore.org/plan.html?20260308T223605.043725170Z
SC,15,"SLDUST=""015""",23840.0,38544.0,867.0,22984.51,36352.2,980.97,16018.77,28821.98,2507.96,,,,23716.5,35597.23,1047.96,,,,15254.58,29392.19,1600.77,,,,,24805.34,16372.42,,,,,2683.51,1706.55,20640.46,13285.13,,,67195.0043,22712.1985,44314.39,11294.68,1073.61,883.15,115314,114067.67,33560.57,78761.74,22039.43,30131.21,20635.81,837.14,2488.53,1674.29,3558.34,15060.44,11369.11,87958.81,25142.85,3827.65,4011.04,tl_2025_45_sldu.zip,https://dev.planscore.org/plan.html?20260308T223605.043725170Z
SC,16,"SLDUST=""016""",28532.0,39517.0,1148.0,26939.0,35957.0,1040.0,17448.0,28971.0,2831.0,,,,27492.0,35570.0,820.0,,,,15380.0,30771.0,1601.0,,,,,37267.86,17632.03,,,,,3354.0,1244.0,12612.06,8494.53,,,97344.6203,20018.1013,39775.29,9127.65,2041.0,935.0,114961,106677.4,25100.04,73641.37,18087.07,21732.42,14487.39,481.83,1505.69,3082.0,3621.45,8639.77,7060.69,84319.46,19529.16,5174.71,4540.35,tl_2025_45_sldu.zip,https://dev.planscore.org/plan.html?20260308T223605.043725170Z
SC,17,"SLDUST=""017""",27693.0,28785.0,721.0,29775.42,26943.86,691.02,24962.14,21796.06,1583.05,,,,30517.42,26086.84,784.04,,,,24013.32,21537.83,1197.24,,,,,15337.16,13580.24,,,,,1746.76,1444.68,26682.91,14828.59,,,47833.9869,16467.9826,45296.79,12667.5,796.41,890.33,116307,115310.69,35170.02,78469.18,22726.14,30550.62,19705.57,1264.25,2970.25,808.17,3232.55,35978.77,17293.54,88836.43,24518.06,2005.55,3084.5,tl_2025_45_sldu.zip,https://dev.planscore.org/plan.html?20260308T223605.043725170Z
SC,18,"SLDUST=""018""",22995.99,42793.83,953.98,23989.5,40434.79,1052.25,17745.52,34680.84,2971.78,,,,24115.82,40562.42,860.44,,,,14823.81,37883.83,1571.86,,,,,31353.19,17146.79,,,,,2567.21,1714.95,18584.65,10976.24,,,57609.7671,16979.8154,43453.86,9887.44,1202.08,904.66,115330,114480.86,29565.22,79697.85,19207.33,26679.76,17671.48,524.84,2063.44,1786.05,3554.53,16363.15,11386.86,85743.29,20700.58,2367.19,2928.87,tl_2025_45_sldu.zip,https://dev.planscore.org/plan.html?20260308T223605.043725170Z
SC,19,"SLDUST=""019""",33198.4,9083.04,770.01,38289.89,9088.28,659.76,32643.82,8490.8,1738.34,,,,38961.62,8745.59,396.59,,,,30194.4,11023.88,858.23,,,,,20425.14,15409.25,,,,,2316.6,1876.36,19745.44,11753.85,,,43740.8645,13495.5659,41854.88,11377.95,693.17,792.23,107145,107055.52,32396.19,70848.29,20566.17,29616.8,19663.98,321.94,1916.14,1128.9,2903.86,52640.74,21708.04,81777.29,24290.77,2885.11,2886.58,tl_2025_45_sldu.zip,https://dev.planscore.org/plan.html?20260308T223605.043725170Z
SC,20,"SLDUST=""020""",30961.0,22192.0,1124.0,34594.0,21534.0,1293.0,26183.76,18521.37,3941.42,,,,34742.0,22130.0,667.0,,,,20851.17,25570.13,1402.43,,,,,38629.21,22768.62,,,,,3907.89,2442.76,14850.85,10609.25,,,71162.8878,22219.0023,44581.42,11509.23,1862.17,1368.2,107058,106860.42,29471.06,76130.5,22050.14,21935.28,15455.19,501.51,2233.79,2286.62,3941.8,16965.23,13594.84,88057.58,24511.36,3367.17,3482.38,tl_2025_45_sldu.zip,https://dev.planscore.org/plan.html?20260308T223605.043725170Z
SC,21,"SLDUST=""021""",32878.3,11703.3,855.95,37890.04,11873.21,773.93,33401.31,10977.2,2148.82,,,,38135.02,12136.16,356.99,,,,29678.54,14747.95,972.92,,,,,22634.5,15052.06,,,,,4198.25,2602.13,17214.9,11306.59,,,45159.2925,15974.0536,43285.98,11579.22,1837.89,1414.71,107439,110011.36,34272.86,70491.59,21306.1,28933.46,20031.92,418.26,2584.7,1085.23,3287.31,43787.34,21074.42,83275.67,25458.78,2396.58,3285.2,tl_2025_45_sldu.zip,https://dev.planscore.org/plan.html?20260308T223605.043725170Z
SC,22,"SLDUST=""022""",35533.19,19317.61,987.04,37519.27,20093.7,817.05,27707.1,17847.71,2363.15,,,,37549.28,20567.75,463.01,,,,23364.91,22729.93,974.07,,,,,36208.87,21593.45,,,,,5462.76,2394.47,12957.99,9573.68,,,73361.271,19600.7767,43264.32,11694.57,2688.21,1334.15,111966,108618.82,31233.3,73903.11,20534.69,23760.36,16750.53,349.05,1912.34,2392.17,3917.89,38486.95,19022.31,82131.15,23856.92,3713.99,3664.16,tl_2025_45_sldu.zip,https://dev.planscore.org/plan.html?20260308T223605.043725170Z
SC,23,"SLDUST=""023""",15830.87,36458.36,722.0,15914.89,34690.15,852.97,11013.92,31150.18,2273.94,,,,16500.87,33778.17,1181.96,,,,9831.96,31827.15,1798.95,,,,,16784.61,10626.5,,,,,2943.6,2241.11,25456.33,11939.85,,,55183.5374,14885.0994,42864.19,8768.48,733.86,631.51,116377,116969.86,25664.88,78497.99,16890.43,29100.87,16247.62,832.43,1823.93,1507.21,2794.21,12300.8,8778.98,85493.58,17996.81,3782.98,3646.26,tl_2025_45_sldu.zip,https://dev.planscore.org/plan.html?20260308T223605.043725170Z
SC,24,"SLDUST=""024""",21815.0,35848.0,824.0,22808.38,35432.64,940.0,17278.37,31110.64,2512.03,,,,23061.39,35308.61,878.02,,,,15778.37,32690.59,1448.04,,,,,26161.26,17479.62,,,,,2860.5,1928.53,23829.45,14060.38,,,54934.3022,17132.4743,46173.4,12604.15,1019.45,914.67,111316,111784.89,33678.64,80631.96,22450.44,28941.95,20790.51,814.66,2499.46,1025.73,3188.32,21606.43,15552.14,89986.53,26781.85,3712.99,4420.09,tl_2025_45_sldu.zip,https://dev.planscore.org/plan.html?20260308T223605.043725170Z
SC,25,"SLDUST=""025""",19058.45,38513.21,723.23,19618.6,35024.12,759.58,16751.79,30551.86,1592.05,,,,20200.82,34347.22,909.63,,,,15856.7,30373.94,1296.9,,,,,15565.38,12046.33,,,,,3330.36,2286.16,27924.9,14632.55,,,49420.3313,16791.3514,42008.94,10405.83,965.1,948.72,113674,114815.36,29429.95,79720.69,19782.48,26565.1,17122.9,655.57,2490.55,627.35,2775.25,22419.28,12787.66,84764.31,20843.24,3351.99,3842.34,tl_2025_45_sldu.zip,https://dev.planscore.org/plan.html?20260308T223605.043725170Z
SC,26,"SLDUST=""026""",20249.37,19908.24,735.98,22721.5,20204.27,814.96,19440.82,18918.36,2319.93,,,,23141.48,20031.26,608.98,,,,16962.82,21423.28,1362.01,,,,,21896.21,15259.14,,,,,5593.49,3295.54,19507.88,12096.88,,,48965.4352,15835.7754,44683.57,11466.48,1726.23,1466.35,108146,106800.61,30131.79,69576.39,19757.85,26872.67,17958.2,650.93,2514.88,1646.86,3640.3,22255.75,15024.83,84034.62,23768.76,3078.01,3544.78,tl_2025_45_sldu.zip,https://dev.planscore.org/plan.html?20260308T223605.043725170Z
SC,27,"SLDUST=""027""",17340.33,37046.31,595.01,18523.56,35270.74,588.02,15754.52,29293.61,1366.03,,,,19169.58,34219.71,950.03,,,,15655.53,28070.6,1196.02,,,,,13186.69,12806.72,,,,,2699.25,2208.71,30960.81,16687.02,,,48590.6605,15568.8934,44383.76,11963.28,746.85,893.45,116431,120398.92,35685.1,83590.45,23606.21,29043.99,21383.06,643.25,2752.27,477.32,2997.01,23987.83,16416.81,89854.72,26623.63,1960.62,3007.79,tl_2025_45_sldu.zip,https://dev.planscore.org/plan.html?20260308T223605.043725170Z
SC,28,"SLDUST=""028""",20550.0,50610.0,675.0,18516.09,40615.04,554.96,12108.06,29886.05,1290.97,,,,18930.01,39931.09,817.01,,,,10798.95,30164.19,935.97,,,,,19105.45,11764.76,,,,,5091.36,3144.68,24553.59,12153.81,,,57258.4215,14382.7239,40444.07,9305.4,2280.57,1518.76,105943,99132.36,25355.92,75959.0,18377.93,29560.99,17382.7,786.7,1955.12,1272.07,2549.66,9497.9,7858.3,89027.21,21267.03,2772.96,3172.41,tl_2025_45_sldu.zip,https://dev.planscore.org/plan.html?20260308T223605.043725170Z
SC,29,"SLDUST=""029""",24075.41,25564.12,847.0,28654.83,25424.53,594.31,26953.25,22263.46,1182.17,,,,29370.12,24656.06,713.51,,,,25582.43,22451.96,864.39,,,,,12348.56,13454.23,,,,,1513.12,1281.7,31591.12,17921.73,,,34284.4101,14836.8312,44649.39,13711.81,848.0,978.88,112072,117155.5,37049.5,81702.9,25162.2,26177.09,21114.03,1468.34,3743.12,452.42,3471.48,40060.69,20983.31,86088.94,26830.17,1505.03,2846.26,tl_2025_45_sldu.zip,https://dev.planscore.org/plan.html?20260308T223605.043725170Z
SC,30,"SLDUST=""030""",22061.68,24907.56,491.98,26473.52,23051.3,382.98,24569.44,20180.5,874.94,,,,27102.48,22320.34,536.97,,,,22440.62,20509.44,701.95,,,,,11184.4,13038.59,,,,,1654.52,1452.19,30833.04,18263.85,,,36558.4406,15024.1874,41926.6,13307.22,530.66,724.89,107453,113254.98,39900.09,77157.93,25818.46,24203.12,20331.24,983.96,3345.08,271.0,3029.15,39776.21,21980.97,82991.15,27817.08,865.29,2193.67,tl_2025_45_sldu.zip,https://dev.planscore.org/plan.html?20260308T223605.043725170Z
SC,31,"SLDUST=""031""",19539.05,29681.17,651.02,20978.17,29707.02,599.68,16888.7,26733.93,1397.86,,,,21391.88,29395.47,583.51,,,,15148.44,28185.44,791.65,,,,,18243.97,13580.64,,,,,3070.77,2205.34,22923.71,13151.47,,,50055.3826,15212.7578,40429.86,10845.17,1606.68,1313.9,106681,105384.62,30121.43,71649.67,19535.63,23596.68,16646.44,552.88,2445.27,1006.57,3117.56,27178.4,16111.33,79017.98,23014.99,1847.54,2717.4,tl_2025_45_sldu.zip,https://dev.planscore.org/plan.html?20260308T223605.043725170Z
SC,32,"SLDUST=""032""",26011.19,24219.86,597.81,30059.05,22412.11,504.67,28747.82,20123.24,1001.66,,,,30578.28,21951.94,529.68,,,,26772.74,21011.85,634.15,,,,,11415.36,12368.11,,,,,1678.43,1345.98,28288.13,16528.3,,,40468.5341,16886.575,41345.67,13197.52,405.81,560.36,105710,106448.83,35284.57,74589.77,23627.48,25104.91,18856.57,435.2,2884.05,424.46,3117.71,41193.87,22281.59,82944.57,27378.78,1217.07,2324.21,tl_2025_45_sldu.zip,https://dev.planscore.org/plan.html?20260308T223605.043725170Z
SC,33,"SLDUST=""033""",20803.0,38382.0,577.0,20152.06,31964.2,594.05,13265.75,23239.83,1384.14,,,,20582.21,31349.04,740.07,,,,11761.82,24079.71,867.09,,,,,20159.94,13445.8,,,,,6232.41,3176.58,24563.17,12653.88,,,47327.329,13416.5947,42846.83,10190.09,2796.29,1912.11,115707,110920.02,27828.59,78836.37,19888.15,31981.41,18781.56,674.58,1990.95,1207.03,2710.18,14586.53,10028.46,94051.85,21325.09,4061.18,3782.35,tl_2025_45_sldu.zip,https://dev.planscore.org/plan.html?20260308T223605.043725170Z
SC,34,"SLDUST=""034""",22753.0,50886.0,750.0,21995.63,45573.42,664.94,13968.13,35032.98,1822.85,,,,22239.49,45045.57,938.93,,,,11679.16,36541.01,994.92,,,,,29117.81,19354.53,,,,,4711.08,2395.66,26966.08,15063.32,,,60210.6255,14798.0699,50527.26,12806.87,2384.49,1504.64,116546,120941.02,33463.24,96668.96,26228.18,41047.34,24093.89,829.53,2456.08,1245.07,3069.37,5861.15,7326.9,102336.37,26746.32,3552.36,3743.69,tl_2025_45_sldu.zip,https://dev.planscore.org/plan.html?20260308T223605.043725170Z
SC,35,"SLDUST=""035""",25241.96,23394.93,810.07,26166.87,22540.03,681.62,21342.97,20081.0,1618.32,,,,26560.35,22130.3,721.88,,,,19858.72,21099.92,1011.14,,,,,18340.74,15261.17,,,,,3290.13,1886.1,24393.19,14787.04,,,44603.5578,17806.4286,43006.13,12634.38,1266.91,953.25,113937,124554.84,36657.74,76354.19,23048.92,30029.03,20768.65,791.91,2749.48,1716.41,3587.31,33637.8,19147.37,90853.06,25096.53,5663.0,4942.64,tl_2025_45_sldu.zip,https://dev.planscore.org/plan.html?20260308T223605.043725170Z
SC,36,"SLDUST=""036""",24947.57,26364.91,589.92,29301.21,25389.99,467.39,26533.5,22259.24,1163.59,,,,29715.75,24824.71,672.12,,,,25065.85,22914.24,806.78,,,,,13605.88,12087.98,,,,,1875.37,1427.79,26434.81,14238.1,,,44198.7398,16419.3216,42288.29,11297.92,801.37,848.57,105832,107993.28,31913.54,75325.47,20952.12,27623.91,18765.87,563.17,2757.08,781.21,3017.49,39186.56,19628.98,81166.62,23150.2,1701.35,2476.51,tl_2025_45_sldu.zip,https://dev.planscore.org/plan.html?20260308T223605.043725170Z
SC,37,"SLDUST=""037""",21878.41,33703.15,781.97,22111.31,30614.04,840.97,13954.33,23489.16,2104.02,,,,22280.32,30529.02,795.97,,,,10987.22,26898.6,779.37,,,,,22947.3,15437.84,,,,,1866.81,1017.62,16432.21,10451.27,,,63765.3998,17229.2791,34719.1,9221.11,1076.04,753.01,106835,100626.05,30153.2,66059.4,19163.78,25494.9,17233.6,755.64,1868.84,1664.89,2878.32,17537.07,10624.08,78802.9,21199.85,3209.86,2983.93,tl_2025_45_sldu.zip,https://dev.planscore.org/plan.html?20260308T223605.043725170Z
SC,38,"SLDUST=""038""",20505.64,29604.68,1060.02,21188.7,28832.29,1051.76,14062.3,23647.57,2552.41,,,,21691.58,28345.39,1004.71,,,,11431.28,27092.93,951.32,,,,,20597.21,13642.33,,,,,3318.02,2139.28,19513.24,11400.64,,,60763.0276,19389.1981,39371.62,10345.16,1779.04,1234.28,106441,111150.52,30381.73,73092.25,19317.28,29795.36,19210.62,779.07,1966.59,1435.44,2850.23,17135.52,11614.56,79065.78,21650.2,3552.27,3711.48,tl_2025_45_sldu.zip,https://dev.planscore.org/plan.html?20260308T223605.043725170Z
SC,39,"SLDUST=""039""",25474.06,27624.86,677.97,25063.79,22221.07,709.27,20138.45,16637.9,1393.74,,,,25710.91,21520.99,773.28,,,,18560.04,18080.84,698.23,,,,,13343.33,10554.31,,,,,3977.39,2193.42,21207.03,11690.34,,,43500.1133,13829.5518,37023.63,9606.43,2123.72,1327.59,105983,100491.92,28489.15,66460.25,18086.11,25376.26,15446.79,890.73,2238.62,1573.87,2925.47,31414.21,15811.42,82940.45,20754.15,4174.73,3586.54,tl_2025_45_sldu.zip,https://dev.planscore.org/plan.html?20260308T223605.043725170Z
SC,40,"SLDUST=""040""",23812.47,23581.59,575.99,28278.76,23090.46,509.96,26915.17,20924.63,1074.9,,,,28793.74,22563.49,566.97,,,,25752.37,20862.61,912.89,,,,,14128.52,16007.8,,,,,1000.87,953.95,25274.95,15864.79,,,36994.4329,16063.3281,43188.57,14037.15,455.34,499.56,106773,111454.86,39468.64,76474.06,25319.79,25878.72,20815.76,805.07,3458.54,560.0,3670.43,40679.8,22508.46,82589.62,27884.94,1803.64,3016.41,tl_2025_45_sldu.zip,https://dev.planscore.org/plan.html?20260308T223605.043725170Z
SC,41,"SLDUST=""041""",25210.85,32546.33,874.99,25145.09,29441.37,1047.98,16343.15,22734.28,2287.83,,,,25524.09,29229.38,881.97,,,,13216.97,26095.99,989.52,,,,,24083.78,15211.44,,,,,2324.12,1132.87,18890.16,11145.84,,,65698.8106,20668.1695,35860.91,9066.1,1231.2,657.98,106768,95493.01,26473.0,69442.25,18602.18,23552.75,16244.06,748.48,2012.44,1541.07,2869.15,19875.77,13623.09,80791.84,21738.34,3171.58,3475.78,tl_2025_45_sldu.zip,https://dev.planscore.org/plan.html?20260308T223605.043725170Z
SC,42,"SLDUST=""042""",24148.95,10332.4,736.96,28730.28,9668.04,752.77,24784.86,9404.02,1716.78,,,,29281.13,9406.09,492.9,,,,22036.71,12385.93,796.93,,,,,16972.62,13578.8,,,,,8683.67,3954.93,22499.22,13353.2,,,37501.8336,14124.3144,42190.45,11580.49,1839.65,1390.38,105894,109120.66,32664.81,72717.79,21616.75,25194.21,18620.09,515.29,2433.76,1970.09,3632.15,40300.96,21388.47,80335.33,25292.25,4185.97,4395.75,tl_2025_45_sldu.zip,https://dev.planscore.org/plan.html?20260308T223605.043725170Z
SC,43,"SLDUST=""043""",30571.96,38593.85,1060.46,30884.54,35984.94,1075.25,22086.24,29696.63,3343.33,,,,30423.93,37075.43,627.79,,,,16545.31,36284.65,1188.68,,,,,44428.29,24794.55,,,,,4182.13,2443.15,15106.91,10940.68,,,79572.5281,22554.9903,46221.57,12195.58,1948.5,1492.27,114954,118983.89,32365.4,85624.29,23480.75,26139.19,17591.49,586.98,2294.71,1251.0,3185.52,11815.76,8989.48,92431.06,24825.54,3106.84,3054.34,tl_2025_45_sldu.zip,https://dev.planscore.org/plan.html?20260308T223605.043725170Z
SC,44,"SLDUST=""044""",21635.25,28545.96,838.08,23321.94,28889.16,1029.26,16292.67,23857.97,2855.33,,,,23378.1,29062.11,860.13,,,,12381.29,28767.67,1070.96,,,,,31262.05,17514.13,,,,,6870.95,3256.51,18133.92,11420.54,,,86596.7294,23323.1463,43202.21,11020.43,2833.87,1751.44,106227,111832.12,30495.58,78891.32,21581.76,26943.9,18068.92,633.43,2014.52,2787.49,4073.23,11296.73,9347.44,81566.36,23615.84,4142.02,4234.61,tl_2025_45_sldu.zip,https://dev.planscore.org/plan.html?20260308T223605.043725170Z
SC,45,"SLDUST=""045""",27165.23,23877.32,735.76,29585.9,20655.33,590.89,25685.12,17243.62,1366.1,,,,30219.78,20070.6,601.55,,,,23329.82,18079.63,911.25,,,,,14880.53,13727.86,,,,,2174.59,1496.22,29727.36,17446.47,,,40911.323,15151.4375,40747.24,12498.77,914.88,890.77,107854,111721.82,36252.57,76406.68,24669.85,25539.72,20331.98,719.11,2845.05,467.56,2767.63,35877.69,20499.78,81140.97,25803.0,3870.43,4333.03,tl_2025_45_sldu.zip,https://dev.planscore.org/plan.html?20260308T223605.043725170Z
SC,46,"SLDUST=""046""",28794.0,42984.0,774.0,27345.61,38458.05,730.27,19260.86,29705.85,2182.48,,,,27203.2,38934.38,538.04,,,,15200.75,33299.4,928.27,,,,,42033.82,21624.53,,,,,10585.9,4127.16,14854.51,9960.33,,,83964.4711,19653.068,46141.79,10666.02,3994.83,2168.06,113846,108190.96,27524.78,85523.99,21165.72,28626.57,18332.52,213.91,1718.53,862.53,2593.64,6262.38,6943.26,91519.04,21785.57,6183.24,5773.88,tl_2025_45_sldu.zip,https://dev.planscore.org/plan.html?20260308T223605.043725170Z
TN,1,"SLDUST=""001""",17096.0,73855.0,0.0,17371.04,67414.82,1333.16,,,,,,,15401.5,65438.14,1780.02,,,,,,,,,,,27784.09,22676.3,,,,,4850.04,3067.61,49485.33,26069.43,,,50959.6342,12891.7331,77542.27,18646.34,1539.86,1425.58,203291,201307.33,52624.64,139318.07,35628.44,50569.58,32614.08,1707.29,4012.46,1072.0,4160.69,6965.89,9081.57,156963.49,40980.61,5024.82,5652.88,tl_2025_47_sldu.zip,https://dev.planscore.org/plan.html?20260308T223616.266611778Z
TN,2,"SLDUST=""002""",22871.28,78240.39,0.0,23406.51,72448.95,1622.86,,,,,,,21000.01,71762.66,1785.99,,,,,,,,,,,30459.91,23997.7,,,,,3548.96,2561.39,52274.67,27009.57,,,51882.7879,16592.4871,79098.73,19076.65,1388.14,1429.42,203307,199065.67,52287.36,143457.93,35786.56,51398.42,32960.92,1658.71,4209.54,1303.0,4922.31,4443.11,7314.43,162320.51,42978.39,3525.18,5051.12,tl_2025_47_sldu.zip,https://dev.planscore.org/plan.html?20260308T223616.266611778Z
TN,3,"SLDUST=""003""",23797.0,69295.0,0.0,24413.0,66496.0,1569.0,,,,,,,22263.0,64167.0,1853.0,,,,,,,,,,,38128.0,29087.0,,,,,3346.0,2561.0,47831.0,26765.0,,,42519.6944,15480.3368,85575.0,21730.0,1172.0,1143.0,207305,203081.0,55162.0,144668.0,38157.0,51877.0,35335.0,1697.0,4779.0,1807.0,5579.0,6286.0,8702.0,167505.0,45889.0,3663.0,5000.0,tl_2025_47_sldu.zip,https://dev.planscore.org/plan.html?20260308T223616.266611778Z
TN,4,"SLDUST=""004""",20611.0,80220.0,0.0,21355.0,76265.0,1542.0,,,,,,,19359.0,74629.0,1631.0,,,,,,,,,,,35106.0,26418.0,,,,,3128.0,2730.0,56747.0,28444.0,,,45096.6247,14076.8855,89828.0,21187.0,1649.0,1683.0,214884,214442.0,55809.0,156435.0,38192.0,52561.0,34799.0,1452.0,4302.0,1290.0,5370.0,4030.0,7591.0,173910.0,46259.0,2522.0,4232.0,tl_2025_47_sldu.zip,https://dev.planscore.org/plan.html?20260308T223616.266611778Z
TN,5,"SLDUST=""005""",32024.21,69201.22,0.0,30967.59,61468.03,1923.33,,,,,,,28360.45,61926.0,1696.47,,,,,,,,,,,37275.73,26061.21,,,,,7785.54,5347.79,43530.2,24898.39,,,57114.7507,15687.427,79291.37,19254.44,3054.53,2455.56,203349,197458.55,54378.93,139095.54,35758.46,51161.73,32519.48,1343.52,4088.68,1971.21,5542.02,8100.36,10337.55,155270.48,41952.64,4813.74,6219.99,tl_2025_47_sldu.zip,https://dev.planscore.org/plan.html?20260308T223616.266611778Z
TN,6,"SLDUST=""006""",37807.42,57891.7,0.0,40244.42,55946.23,1835.82,,,,,,,37278.02,57671.17,1319.53,,,,,,,,,,,50994.67,30053.98,,,,,6350.51,4438.32,36238.73,20160.1,,,56929.752,16729.2395,82029.61,18467.98,2965.03,2292.66,203299,197667.12,49666.1,136694.41,32812.14,44998.94,28039.96,1119.13,4005.93,3249.3,6574.94,15360.6,12262.93,159452.17,41001.35,3962.7,5431.93,tl_2025_47_sldu.zip,https://dev.planscore.org/plan.html?20260308T223616.266611778Z
TN,7,"SLDUST=""007""",36834.09,53529.69,0.0,38898.54,52022.43,1990.83,,,,,,,36089.11,53942.46,1414.0,,,,,,,,,,,56195.6,31356.82,,,,,9811.95,5564.88,28218.07,17790.51,,,61671.5145,17306.9421,80068.02,17928.58,4347.44,3087.78,204332,200740.32,51087.98,130831.04,31230.39,44425.33,27635.56,1158.35,3679.39,3520.49,6263.04,11635.04,12690.52,159357.35,41429.02,4867.56,5891.07,tl_2025_47_sldu.zip,https://dev.planscore.org/plan.html?20260308T223616.266611778Z
TN,8,"SLDUST=""008""",15673.0,78845.0,0.0,16361.9,72557.62,1391.99,,,,,,,14502.92,70168.64,1774.99,,,,,,,,,,,24932.65,23327.51,,,,,3876.0,2829.0,57833.32,28773.9,,,46594.2387,13838.9796,81238.44,20091.42,816.0,961.0,212327,208744.51,56849.08,149025.81,38932.38,52714.89,35308.55,1757.89,4589.47,1128.52,4705.31,2267.87,5819.02,165162.4,44435.68,3337.92,5027.36,tl_2025_47_sldu.zip,https://dev.planscore.org/plan.html?20260308T223616.266611778Z
TN,9,"SLDUST=""009""",16375.0,74186.0,0.0,17140.0,68050.92,1468.0,,,,,,,15380.0,65794.93,1870.0,,,,,,,,,,,24104.35,23256.49,,,,,5840.0,3678.0,62073.68,33860.1,,,44148.2536,15597.5137,83553.56,22596.58,1412.0,1691.0,211348,211939.49,63068.92,152296.19,43449.62,49634.11,35423.45,1408.11,4949.53,703.48,4729.69,4434.13,8047.98,164927.6,49231.32,6000.08,7726.64,tl_2025_47_sldu.zip,https://dev.planscore.org/plan.html?20260308T223616.266611778Z
TN,10,"SLDUST=""010""",35629.4,54861.18,0.0,37115.62,51584.37,1632.1,,,,,,,34793.02,51779.3,1686.93,,,,,,,,,,,40200.67,28296.99,,,,,12535.05,6771.89,44722.91,27048.79,,,49286.6635,15835.903,83993.52,21692.63,4263.72,3002.25,211874,211751.31,59175.14,148222.29,40424.43,53753.7,36392.14,1462.26,4866.6,3448.64,7346.91,25316.43,19400.62,162123.92,46072.32,5677.66,6878.42,tl_2025_47_sldu.zip,https://dev.planscore.org/plan.html?20260308T223616.266611778Z
TN,11,"SLDUST=""011""",44016.6,64897.82,0.0,43849.86,61010.18,2081.82,,,,,,,40819.63,62896.37,1742.92,,,,,,,,,,,50931.33,34754.01,,,,,5710.95,3921.11,40777.09,25963.21,,,60135.7362,18582.5392,86101.48,22846.37,2976.28,2363.75,213909,211502.69,63256.86,152160.71,42259.57,54596.3,37234.86,1135.74,4779.4,2147.36,6216.09,27803.57,20813.38,166605.08,49413.68,4459.34,6275.58,tl_2025_47_sldu.zip,https://dev.planscore.org/plan.html?20260308T223616.266611778Z
TN,12,"SLDUST=""012""",17763.0,91316.0,0.0,16451.0,75064.0,1302.0,,,,,,,14515.0,71398.0,1865.0,,,,,,,,,,,21262.0,21845.0,,,,,2014.0,1758.0,64817.0,33065.0,,,41840.4796,13834.3118,85073.0,21449.0,1020.0,1132.0,214359,214199.0,59347.0,153303.0,40453.0,48627.0,34261.0,2042.0,5278.0,804.0,4926.0,3433.0,6652.0,171060.0,45601.0,2158.0,4014.0,tl_2025_47_sldu.zip,https://dev.planscore.org/plan.html?20260308T223616.266611778Z
TN,13,"SLDUST=""013""",35984.14,61997.46,0.0,35633.22,54683.52,1923.14,,,,,,,32372.38,54212.51,2186.57,,,,,,,,,,,43442.66,25863.42,,,,,5512.06,2983.86,32040.6,19467.18,,,77537.0155,19240.802,66875.59,16178.89,3042.95,2032.4,203305,190211.51,50849.92,122579.59,31880.15,48605.91,29693.44,951.42,3030.74,6350.01,8482.56,21650.63,18425.09,148167.96,40000.49,7317.66,7419.2,tl_2025_47_sldu.zip,https://dev.planscore.org/plan.html?20260308T223616.266611778Z
TN,14,"SLDUST=""014""",26467.86,51327.54,0.0,29995.08,49228.97,1590.88,,,,,,,26845.88,48049.0,2127.46,,,,,,,,,,,31711.34,24052.58,,,,,9365.94,4080.14,44790.4,25557.82,,,58518.9198,16593.6878,74041.41,18854.11,3103.05,2063.6,209385,203634.49,57048.08,129580.41,35796.85,47192.09,31015.56,1209.58,3773.26,2423.99,5737.44,24699.37,19759.91,150752.04,42692.51,8887.34,8645.8,tl_2025_47_sldu.zip,https://dev.planscore.org/plan.html?20260308T223616.266611778Z
TN,15,"SLDUST=""015""",21251.0,78629.0,0.0,21537.0,72129.0,1379.0,,,,,,,19117.0,69520.0,1830.0,,,,,,,,,,,27762.0,22206.0,,,,,4116.0,2715.0,57060.0,28001.0,,,46527.511,14051.9965,82840.0,19192.0,1554.0,1522.0,206039,203151.0,50572.0,143265.0,34912.0,47340.0,31356.0,1782.0,4766.0,1050.0,4562.0,3082.0,6018.0,165340.0,40688.0,4388.0,5841.0,tl_2025_47_sldu.zip,https://dev.planscore.org/plan.html?20260308T223616.266611778Z
TN,16,"SLDUST=""016""",19052.0,73523.0,0.0,20152.53,67479.45,1766.08,,,,,,,18067.34,64653.33,2126.16,,,,,,,,,,,26498.0,22417.0,,,,,5093.0,3782.0,58822.0,28853.0,,,47759.5242,14823.7742,80560.0,19343.0,1255.0,1348.0,210544,206627.0,53255.0,142937.0,35290.0,42672.0,29414.0,1969.0,4923.0,1187.0,5002.0,7294.0,9475.0,161725.0,41228.0,4806.0,5771.0,tl_2025_47_sldu.zip,https://dev.planscore.org/plan.html?20260308T223616.266611778Z
TN,17,"SLDUST=""017""",38241.5,66062.98,0.0,38537.08,60642.89,2665.0,,,,,,,35386.75,61090.27,2870.48,,,,,,,,,,,50629.24,32585.36,,,,,11233.82,5084.71,38510.38,23236.81,,,77418.214,18253.2809,80267.38,19674.7,4750.17,3171.39,216082,206544.85,56017.48,142922.9,36845.76,50655.69,32362.19,1157.86,3910.15,2821.01,5736.05,23178.59,18865.21,159849.01,44036.48,5502.99,6476.27,tl_2025_47_sldu.zip,https://dev.planscore.org/plan.html?20260308T223616.266611778Z
TN,18,"SLDUST=""018""",28729.32,72124.63,0.0,28691.31,66388.87,1545.96,,,,,,,24687.39,65770.87,1957.96,,,,,,,,,,,37854.0,22700.0,,,,,8185.0,5419.0,42574.0,20604.0,,,65250.4622,15641.1166,72052.0,15338.0,4050.0,3033.0,207896,198590.0,46782.0,136965.0,30970.0,50634.0,29593.0,1298.0,3287.0,2103.0,4691.0,13788.0,11651.0,159010.0,36872.0,5943.0,6233.0,tl_2025_47_sldu.zip,https://dev.planscore.org/plan.html?20260308T223616.266611778Z
TN,19,"SLDUST=""019""",54082.55,15122.29,0.0,62517.21,14800.4,3181.54,,,,,,,59055.18,15066.75,3388.52,,,,,,,,,,,38216.13,29594.28,,,,,22674.64,8572.27,39682.21,26437.72,,,47521.3125,17314.9321,82761.44,23540.44,8220.07,4267.14,215379,209203.36,67215.84,137618.89,42173.01,51028.33,37386.44,755.26,4450.75,3132.25,7055.33,77724.31,39184.39,147882.38,47866.34,8000.93,8539.64,tl_2025_47_sldu.zip,https://dev.planscore.org/plan.html?20260308T223616.266611778Z
TN,20,"SLDUST=""020""",64128.99,47778.93,0.0,64700.07,47954.72,3000.0,,,,,,,59128.84,51259.54,2820.71,,,,,,,,,,,82780.06,44853.27,,,,,12311.73,6521.02,27034.73,19332.78,,,82983.7001,23492.1059,91895.15,22739.51,5903.64,3697.56,216076,212426.26,58419.68,156961.95,40445.8,50002.67,35069.7,1230.36,5094.61,4525.59,8330.29,21224.48,19090.64,162526.95,44917.91,7259.96,8715.05,tl_2025_47_sldu.zip,https://dev.planscore.org/plan.html?20260308T223616.266611778Z
TN,21,"SLDUST=""021""",49264.37,29717.52,0.0,56203.16,27116.6,2506.49,,,,,,,51460.68,29845.05,2507.32,,,,,,,,,,,69404.56,44344.09,,,,,30295.8,9324.01,24190.69,18753.69,,,74563.8431,24442.4976,85615.04,23328.35,8398.12,4401.91,216084,202969.53,61118.01,137863.26,42032.43,38078.32,30532.67,1030.52,4779.5,7227.15,10298.33,22123.62,19795.76,149136.67,44766.27,9382.12,9184.04,tl_2025_47_sldu.zip,https://dev.planscore.org/plan.html?20260308T223616.266611778Z
TN,22,"SLDUST=""022""",32023.0,46610.0,0.0,31872.13,41417.9,2061.03,,,,,,,28143.13,40586.05,2592.36,,,,,,,,,,,36500.97,26720.45,,,,,5802.36,3077.23,34223.58,20942.87,,,59095.8813,15103.2184,73664.95,19368.37,3460.39,2232.86,216092,201977.65,56935.59,125519.13,34655.25,55406.75,34361.51,1579.0,4248.34,4179.02,6680.94,34614.62,24616.55,157113.02,45013.82,12828.01,11083.27,tl_2025_47_sldu.zip,https://dev.planscore.org/plan.html?20260308T223616.266611778Z
TN,23,"SLDUST=""023""",24253.0,76099.0,0.0,25058.87,71083.1,1629.97,,,,,,,22284.87,68976.95,2478.65,,,,,,,,,,,26706.03,20237.55,,,,,5507.64,3912.77,59884.42,26779.13,,,55956.8513,14271.9705,77483.05,16954.63,1802.61,1742.14,216082,211369.35,49967.41,146879.87,33395.75,48394.25,29410.49,1502.0,3944.66,918.98,4211.06,9114.38,9274.45,165041.98,39854.18,5051.99,6094.73,tl_2025_47_sldu.zip,https://dev.planscore.org/plan.html?20260308T223616.266611778Z
TN,24,"SLDUST=""024""",18815.0,72923.0,0.0,21119.0,71225.0,1429.0,,,,,,,18282.0,68189.0,2634.0,,,,,,,,,,,25388.0,23343.0,,,,,2601.0,2284.0,63389.0,30682.0,,,43088.3462,13694.0839,84888.0,20573.0,1094.0,1285.0,212561,210892.0,53010.0,146236.0,35686.0,45801.0,31329.0,2007.0,6109.0,950.0,5727.0,16038.0,14172.0,164810.0,42392.0,2745.0,4453.0,tl_2025_47_sldu.zip,https://dev.planscore.org/plan.html?20260308T223616.266611778Z
TN,25,"SLDUST=""025""",23726.0,58973.0,0.0,27067.0,58677.0,1119.0,,,,,,,24325.0,57395.0,1595.0,,,,,,,,,,,28084.0,23549.0,,,,,3922.0,2934.0,53015.0,28482.0,,,48471.781,15787.4229,79837.0,20276.0,1741.0,1745.0,204183,204261.0,54085.0,139726.0,35700.0,47412.0,32782.0,2122.0,6008.0,1326.0,5380.0,36187.0,21784.0,155245.0,41474.0,3733.0,5215.0,tl_2025_47_sldu.zip,https://dev.planscore.org/plan.html?20260308T223616.266611778Z
TN,26,"SLDUST=""026""",21963.86,74181.37,0.0,24349.2,70492.18,1369.07,,,,,,,21063.15,67687.5,2144.66,,,,,,,,,,,22711.02,20462.09,,,,,2700.93,2342.64,63665.15,29269.42,,,43269.8104,13918.6843,80224.16,19532.85,1229.85,1342.12,215602,212290.04,53399.27,150554.98,36645.95,49962.96,31994.35,2173.0,6150.89,895.97,5179.89,28982.11,17692.94,169910.94,42574.89,2732.72,4380.71,tl_2025_47_sldu.zip,https://dev.planscore.org/plan.html?20260308T223616.266611778Z
TN,27,"SLDUST=""027""",42565.33,83453.58,0.0,44791.63,76292.35,1991.64,,,,,,,38601.57,80627.37,2608.32,,,,,,,,,,,82744.53,35920.04,,,,,10347.0,3920.0,17357.03,12335.43,,,116586.9828,28682.5524,71669.85,15235.95,5213.0,2565.0,215763,202259.18,45356.63,134013.37,28748.42,32810.51,21414.03,816.53,3214.47,5531.3,7522.85,7395.55,9302.18,155931.52,36564.32,5900.56,6231.29,tl_2025_47_sldu.zip,https://dev.planscore.org/plan.html?20260308T223616.266611778Z
TN,28,"SLDUST=""028""",26629.67,76156.42,0.0,27762.08,66941.16,1493.35,,,,,,,25358.17,66240.12,1917.66,,,,,,,,,,,33137.47,24903.96,,,,,3711.0,2587.0,47633.97,25368.57,,,53616.1669,16695.9596,73507.15,18330.05,1433.0,1456.0,210183,199977.82,54581.37,136019.63,35642.58,45855.49,30372.97,1459.47,4017.53,1397.7,4606.15,14344.45,13483.82,161288.48,43695.68,6329.44,7004.71,tl_2025_47_sldu.zip,https://dev.planscore.org/plan.html?20260308T223616.266611778Z
TN,29,"SLDUST=""029""",51030.0,11225.0,0.0,64473.23,12119.34,1216.68,,,,,,,60381.01,12421.73,2515.68,,,,,,,,,,,34096.01,28860.79,,,,,5641.63,4217.34,48397.66,31471.82,,,38230.4244,14207.9756,83935.1,25524.3,1609.99,1812.06,203170,210870.64,74689.11,143201.87,48134.11,58826.58,43581.76,522.8,5117.78,1416.37,6173.13,110408.64,49164.48,150531.58,52647.15,3132.68,5203.44,tl_2025_47_sldu.zip,https://dev.planscore.org/plan.html?20260308T223616.266611778Z
TN,30,"SLDUST=""030""",41139.55,14464.67,0.0,51725.98,18010.9,1173.06,,,,,,,48543.83,18416.54,2095.48,,,,,,,,,,,33870.7,28209.4,,,,,14089.57,7026.96,37692.41,26239.97,,,39218.3254,12997.208,79921.29,23775.66,5028.25,3675.46,203175,200826.19,69577.61,128173.9,41095.85,53094.52,39278.71,496.58,4756.63,3168.97,7561.93,84476.12,44509.53,134463.56,47784.53,5158.35,6374.52,tl_2025_47_sldu.zip,https://dev.planscore.org/plan.html?20260308T223616.266611778Z
TN,31,"SLDUST=""031""",41560.0,59240.2,0.0,46371.72,63492.37,1673.26,,,,,,,40742.29,67422.21,1681.38,,,,,,,,,,,79402.5,45486.86,,,,,7208.62,3929.84,19877.85,15255.19,,,102835.4573,29521.5392,75242.22,19585.11,3628.22,2176.19,203182,202845.83,58440.38,140895.39,38453.18,48636.26,33997.31,765.84,3696.51,6027.6,8758.28,27003.92,19736.26,145771.26,42419.43,4498.48,6114.91,tl_2025_47_sldu.zip,https://dev.planscore.org/plan.html?20260308T223616.266611778Z
TN,32,"SLDUST=""032""",30184.31,50555.69,0.0,34950.2,52316.67,1333.21,,,,,,,31513.78,52045.0,1992.23,,,,,,,,,,,31219.19,24447.78,,,,,7556.18,4024.47,46530.97,27208.26,,,56364.304,15400.307,71928.42,19188.69,3332.07,2454.67,203302,205740.19,62935.69,136604.43,39012.6,52125.42,33864.87,1177.51,4232.48,2115.78,5576.83,48437.47,29354.23,148615.76,44614.07,4480.19,5649.21,tl_2025_47_sldu.zip,https://dev.planscore.org/plan.html?20260308T223616.266611778Z
TN,33,"SLDUST=""033""",46606.28,9402.07,0.0,58628.68,9653.54,1062.73,,,,,,,55568.94,9877.03,1991.56,,,,,,,,,,,29438.57,25847.07,,,,,11595.07,5835.75,38726.97,25253.34,,,42081.9726,13570.5839,76852.8,23601.4,2533.62,2323.51,203171,203696.12,75028.95,125820.42,42932.3,55871.26,41226.0,293.26,4194.71,1656.31,5919.94,104235.73,46757.55,135796.91,49399.93,5333.58,7404.21,tl_2025_47_sldu.zip,https://dev.planscore.org/plan.html?20260308T223616.266611778Z
WV,1,"SLDUST=""001""",13442.0,31312.0,0.0,14775.19,33055.28,740.04,12030.24,29694.71,2440.79,,,,12806.74,33628.61,1118.15,18888.57,16598.66,1413.7,,,,,,,,17180.5,14231.77,,,,,1240.43,1110.67,28046.69,15165.7,,,48683.9928,16331.3382,43009.93,11466.46,820.43,857.11,102975,101567.64,28610.67,73368.84,20213.4,25001.54,18246.14,551.89,2763.69,512.0,2963.71,2180.0,4250.71,81634.64,22177.93,917.0,2072.86,tl_2025_54_sldu.zip,https://dev.planscore.org/plan.html?20260308T223628.476013156Z
WV,2,"SLDUST=""002""",13031.05,32329.46,0.0,13947.04,33240.87,918.41,10732.58,29829.3,2492.67,,,,12185.26,33500.27,1514.58,17873.73,15592.97,1920.43,,,,,,,,16846.85,14762.01,,,,,914.11,851.03,32140.11,17198.22,,,52651.2624,19540.3344,40609.99,11697.03,530.73,581.74,104256,106805.75,32770.15,76545.02,22688.36,21657.02,17092.43,618.47,2882.45,424.43,3211.45,1203.75,3785.61,81510.39,24913.55,658.86,1888.9,tl_2025_54_sldu.zip,https://dev.planscore.org/plan.html?20260308T223628.476013156Z
WV,3,"SLDUST=""003""",11898.82,34604.05,0.0,12676.93,35726.57,784.99,9902.93,33107.63,2250.99,,,,10987.93,35950.58,1327.99,17217.82,17927.81,1468.99,,,,,,,,15104.0,12358.0,,,,,932.0,940.0,28289.0,13907.0,,,47764.1744,13963.9293,44729.0,11239.0,641.0,747.0,105587,107355.0,28934.0,77043.0,19705.0,28578.0,18859.0,602.0,2535.0,428.0,2702.0,948.0,3079.0,82760.0,22475.0,884.0,1865.0,tl_2025_54_sldu.zip,https://dev.planscore.org/plan.html?20260308T223628.476013156Z
WV,4,"SLDUST=""004""",11517.09,35250.49,0.0,13034.3,35893.6,903.75,10050.75,32114.52,2021.34,,,,11307.86,36781.23,1132.37,18414.67,17712.73,1216.94,,,,,,,,17546.89,14905.77,,,,,706.66,749.76,28593.2,16236.42,,,55885.1099,19865.1594,41308.53,11902.29,401.94,515.05,104885,103830.95,32104.68,74187.38,21924.12,22049.67,17299.7,543.2,2404.06,430.9,2401.76,723.42,2858.03,80641.46,24900.11,943.52,2007.36,tl_2025_54_sldu.zip,https://dev.planscore.org/plan.html?20260308T223628.476013156Z
WV,5,"SLDUST=""005""",14820.0,24830.0,0.0,16579.08,25747.76,747.79,12874.91,23524.21,2034.65,,,,14547.92,26628.63,997.34,19385.91,13123.52,1019.53,,,,,,,,19272.37,16380.62,,,,,1478.2,1351.23,23482.48,15016.18,,,41540.1408,15641.6145,43665.1,12859.42,695.76,839.9,106335,107492.37,34378.37,72218.33,22412.88,25229.9,19068.85,543.93,2876.65,839.1,3290.98,4134.58,5542.71,84259.07,27236.18,966.14,2098.78,tl_2025_54_sldu.zip,https://dev.planscore.org/plan.html?20260308T223628.476013156Z
WV,6,"SLDUST=""006""",7325.94,32454.63,0.0,8723.43,35542.01,506.86,7937.19,32249.76,1332.12,,,,8634.0,33398.67,903.52,13619.95,17186.09,974.38,,,,,,,,11417.65,12218.9,,,,,858.37,963.25,32693.76,19267.0,,,33252.526,12080.3024,45863.32,13678.1,475.54,715.31,110696,109246.84,35965.57,78335.06,24677.03,23853.08,18535.98,1489.87,3748.41,364.0,2940.38,4015.0,5002.38,85092.15,28781.04,716.0,2010.19,tl_2025_54_sldu.zip,https://dev.planscore.org/plan.html?20260308T223628.476013156Z
WV,7,"SLDUST=""007""",7714.64,28443.91,0.0,9514.11,30528.32,608.66,8220.45,28366.55,1455.09,,,,8950.55,29608.66,803.92,15940.05,13080.72,938.27,,,,,,,,8857.42,10531.46,,,,,212.46,470.59,32060.28,17349.21,,,41521.1828,17149.6182,41953.53,12565.91,101.46,379.59,100341,101998.84,33746.8,72420.15,22285.96,21304.26,17122.92,566.8,2543.94,156.0,2476.62,1415.34,3724.47,77349.43,26243.85,384.53,1487.27,tl_2025_54_sldu.zip,https://dev.planscore.org/plan.html?20260308T223628.476013156Z
WV,8,"SLDUST=""008""",14464.98,25696.06,0.0,16601.83,26689.05,808.38,13877.08,24499.95,1903.34,,,,14159.52,28310.69,954.85,19574.76,12803.53,1182.8,,,,,,,,13969.49,14043.68,,,,,1201.5,1100.05,29672.88,16658.6,,,41295.5322,13530.1893,42934.01,12985.31,746.16,881.12,101467,100986.8,32412.14,72050.95,22286.29,22801.58,18131.98,834.3,3041.17,426.0,2957.24,6219.0,7418.24,80029.14,27473.18,796.84,1963.82,tl_2025_54_sldu.zip,https://dev.planscore.org/plan.html?20260308T223628.476013156Z
WV,9,"SLDUST=""009""",9353.53,33713.41,0.0,10978.04,35851.77,605.82,9053.78,32063.92,1574.33,,,,11485.03,33940.46,833.09,15423.89,17405.69,1315.36,,,,,,,,14009.63,13687.99,,,,,1314.58,1315.33,32557.0,17798.46,,,42749.0969,16822.6742,46252.75,13348.77,701.58,885.33,110670,111400.07,34686.82,80082.56,23956.24,26490.0,19220.42,619.21,2778.2,614.95,2902.77,5737.73,6250.93,85503.92,28183.06,1005.52,1884.64,tl_2025_54_sldu.zip,https://dev.planscore.org/plan.html?20260308T223628.476013156Z
WV,10,"SLDUST=""010""",11325.39,34840.29,0.0,12897.76,36100.04,681.18,10647.02,31592.9,2077.66,,,,12427.81,35256.34,970.9,18248.88,17493.23,1425.63,,,,,,,,14699.37,14201.01,,,,,752.42,766.67,36726.0,18826.54,,,41932.5324,16290.326,47754.25,13284.23,324.42,469.67,107707,112832.93,33143.18,83579.44,23301.76,25791.0,18941.58,883.79,3077.8,279.05,2808.23,2182.27,4167.07,85666.08,26275.94,933.48,2146.36,tl_2025_54_sldu.zip,https://dev.planscore.org/plan.html?20260308T223628.476013156Z
WV,11,"SLDUST=""011""",9558.85,33104.44,0.0,11008.85,34115.5,705.99,9254.85,29893.58,1935.97,,,,9870.85,33894.56,1175.99,15092.82,16484.74,1636.98,,,,,,,,11487.0,12275.0,,,,,529.0,620.0,38044.0,19008.0,,,41131.3178,16386.7334,42748.0,11846.0,198.0,430.0,102050,107428.0,31032.0,77101.0,21720.0,18597.0,14859.0,786.0,3100.0,325.0,2929.0,1328.0,3590.0,81730.0,24005.0,621.0,1844.0,tl_2025_54_sldu.zip,https://dev.planscore.org/plan.html?20260308T223628.476013156Z
WV,12,"SLDUST=""012""",11610.22,33117.74,0.0,12833.92,33677.75,850.0,10753.93,30393.79,2204.99,,,,11149.92,33979.76,1521.99,16923.88,15762.89,2256.99,,,,,,,,15678.29,13086.26,,,,,585.16,703.1,32301.57,16237.41,,,46649.1553,18368.2291,42200.49,10981.33,254.0,460.49,104886,107120.18,29553.14,76564.06,20087.37,24421.71,17019.44,676.06,2776.57,381.0,2851.44,2267.0,3772.43,81949.01,23562.19,1366.0,2251.72,tl_2025_54_sldu.zip,https://dev.planscore.org/plan.html?20260308T223628.476013156Z
WV,13,"SLDUST=""013""",19093.04,21422.96,0.0,20480.77,21784.86,1047.55,15369.18,19787.99,2927.55,,,,17966.0,23122.12,1596.27,19375.7,11028.37,2135.87,,,,,,,,27683.66,21060.22,,,,,3175.46,2248.3,19828.2,14040.08,,,56529.4196,17582.4617,43765.08,12777.51,1362.84,1151.16,110029,110636.61,34304.18,68981.14,21912.24,19421.44,16748.43,531.64,3028.86,2323.57,4939.84,4430.25,6577.68,91039.97,28470.52,2396.14,3614.24,tl_2025_54_sldu.zip,https://dev.planscore.org/plan.html?20260308T223628.476013156Z
WV,14,"SLDUST=""014""",9007.0,36586.0,0.0,9631.08,36441.25,632.0,7717.07,32087.21,1726.01,,,,8349.08,34479.24,2862.01,12258.12,19521.11,1657.01,,,,,,,,12185.71,11614.74,,,,,517.84,658.9,35562.43,16781.59,,,48949.4624,15595.3334,40654.51,10592.67,272.0,491.51,101601,101449.82,28235.86,74846.94,19980.63,20482.29,15697.56,782.94,2817.43,137.0,2494.57,3489.0,3486.57,81680.99,22683.81,1058.0,1921.28,tl_2025_54_sldu.zip,https://dev.planscore.org/plan.html?20260308T223628.476013156Z
WV,15,"SLDUST=""015""",13500.0,37222.0,0.0,13312.91,33710.3,884.47,9933.84,28461.59,1980.21,,,,11909.95,33794.67,1337.9,12487.6,18527.49,1288.82,,,,,,,,15364.46,15282.72,,,,,437.54,352.51,30568.41,17794.29,,,55214.9788,21100.2025,42486.17,12907.31,199.75,203.26,109687,106786.74,34415.64,76110.21,23614.25,26798.19,20757.78,562.89,2310.35,692.38,2802.93,5095.88,6122.62,87182.07,26782.93,2683.32,3601.35,tl_2025_54_sldu.zip,https://dev.planscore.org/plan.html?20260308T223628.476013156Z
WV,16,"SLDUST=""016""",19804.0,32404.0,0.0,19937.09,29171.7,1002.53,15058.15,25410.41,2414.79,,,,17881.05,30260.33,1256.1,17154.4,17039.51,1401.18,,,,,,,,20297.54,14285.28,,,,,3115.47,1628.49,25865.59,14457.71,,,74926.727,21456.5307,40822.83,10367.69,1913.25,1147.74,110246,108854.26,31007.36,75395.79,20474.75,25944.81,18273.22,766.11,2342.65,1260.62,3066.07,6460.12,7772.38,85762.93,23894.07,4154.68,4589.65,tl_2025_54_sldu.zip,https://dev.planscore.org/plan.html?20260308T223628.476013156Z
WV,17,"SLDUST=""017""",16842.27,26223.69,0.0,19051.46,28104.42,857.56,15377.82,26292.14,2113.47,,,,15689.29,30918.37,848.0,22628.9,13823.5,1158.09,,,,,,,,21824.17,16653.56,,,,,1996.8,1591.11,26711.4,15300.58,,,45054.1749,15169.2769,43477.52,12393.97,1189.14,1097.04,100298,101633.21,32240.44,75039.13,22524.72,23234.51,17799.58,453.9,2522.77,951.0,3261.02,4126.66,6012.17,78443.74,25209.64,817.97,1932.58,tl_2025_54_sldu.zip,https://dev.planscore.org/plan.html?20260308T223628.476013156Z
UT,1,"SLDUST=""001""",11786.22,42720.08,0.0,10094.59,39225.82,2749.59,4860.21,21595.48,10751.73,,,,,,,5583.68,26881.71,2962.98,5125.83,29979.41,1640.49,,,,,16499.52,10708.18,,,,,2899.06,1674.77,16842.42,9228.1,,,63478.7719,12711.1248,31810.74,7017.83,1223.16,918.03,110855,104286.32,24873.78,60092.16,13508.19,27290.53,14844.01,932.93,2281.97,873.67,2347.29,393.59,1954.75,75896.9,18710.37,6556.63,5208.99,tl_2025_49_sldu.zip,https://dev.planscore.org/plan.html?20260308T223622.811195147Z
UT,2,"SLDUST=""002""",16261.43,31211.0,0.0,14736.71,30660.28,3743.33,7702.48,17262.46,13754.7,,,,,,,7928.25,23321.59,2286.01,7489.28,29013.8,1670.02,,,,,21086.83,11287.21,,,,,5812.69,2449.59,10477.04,6517.64,,,63037.0858,14649.4232,34011.26,7291.93,2029.43,1281.33,111491,106515.78,23961.0,53770.84,11798.57,25745.64,13419.3,683.06,2087.48,1647.02,3260.2,749.84,2490.39,77675.33,18462.45,5520.06,4652.84,tl_2025_49_sldu.zip,https://dev.planscore.org/plan.html?20260308T223622.811195147Z
UT,3,"SLDUST=""003""",20485.06,28327.96,0.0,20887.25,28009.39,2131.6,12494.81,17681.19,9385.31,,,,,,,13145.26,22030.54,2836.28,12626.6,24361.51,1974.65,,,,,20515.62,13033.45,,,,,5621.17,2756.68,18628.79,11173.16,,,85172.0571,23162.843,36329.71,8571.01,2276.15,1444.19,112971,109698.56,29771.47,68926.41,17589.16,29536.54,16656.12,829.66,2359.63,1424.3,2848.8,873.71,2496.74,79160.77,20448.95,10288.19,7132.26,tl_2025_49_sldu.zip,https://dev.planscore.org/plan.html?20260308T223622.811195147Z
UT,4,"SLDUST=""004""",15508.9,37645.72,0.0,14293.46,35279.39,2258.55,7404.97,20167.31,10252.68,,,,,,,8081.37,24161.16,2942.28,8030.32,27458.78,1791.21,,,,,15054.72,10768.81,,,,,2191.86,1077.23,20598.54,11913.55,,,86985.3482,18353.7669,33220.3,7758.18,1377.09,751.78,113791,109118.41,29346.01,64618.1,16614.43,30016.07,17143.2,645.4,1966.34,1988.4,3383.15,630.17,2046.28,80100.45,21229.89,8674.83,7055.66,tl_2025_49_sldu.zip,https://dev.planscore.org/plan.html?20260308T223622.811195147Z
UT,5,"SLDUST=""005""",18665.01,23635.32,0.0,18729.48,24102.93,2257.83,11091.52,15506.96,9303.77,,,,,,,11392.3,19607.23,2637.46,11384.47,22139.46,1933.56,,,,,19467.1,13204.99,,,,,8753.81,3756.03,17654.16,11025.51,,,66880.1074,20478.1409,38054.55,9503.36,3271.51,2043.48,112790,110523.58,30220.87,68326.95,18405.05,30374.19,19319.19,804.11,2471.86,1649.26,3372.55,2420.81,4099.9,79177.2,21678.35,11895.48,8395.73,tl_2025_49_sldu.zip,https://dev.planscore.org/plan.html?20260308T223622.811195147Z
UT,6,"SLDUST=""006""",15575.52,32279.67,0.0,13971.16,31405.91,3164.99,6459.47,17204.77,12055.54,,,,,,,6850.03,23019.19,2420.7,6608.1,27295.71,1749.86,,,,,18784.94,11501.41,,,,,2277.93,920.77,14259.12,9004.24,,,96064.7643,23255.7542,30751.82,7383.43,1112.56,591.15,110767,106507.62,27090.59,58717.11,14765.03,25982.81,15954.14,667.29,1889.38,1853.77,3217.75,1407.44,2709.8,73891.72,19672.38,7275.01,5736.42,tl_2025_49_sldu.zip,https://dev.planscore.org/plan.html?20260308T223622.811195147Z
UT,7,"SLDUST=""007""",19853.79,33826.26,0.0,19129.14,36073.93,4168.49,9641.28,22437.02,17157.93,,,,,,,9464.1,31750.69,2613.14,9394.11,37449.77,2271.24,,,,,29892.22,14965.67,,,,,3551.32,1680.83,11756.74,7779.39,,,94997.2912,22035.6285,34793.75,7934.54,2122.83,1175.9,113499,111571.52,26667.86,67333.26,15341.67,28893.42,16592.94,605.47,1812.26,2024.89,3433.06,1016.48,2395.98,78335.09,19342.64,6035.84,5299.78,tl_2025_49_sldu.zip,https://dev.planscore.org/plan.html?20260308T223622.811195147Z
UT,8,"SLDUST=""008""",25878.41,24609.26,0.0,26533.31,26875.87,3810.95,15487.87,17274.35,15033.66,,,,,,,15964.42,26057.96,2276.34,14675.64,30422.79,2496.62,,,,,30794.24,17257.41,,,,,8836.55,3679.45,12779.37,8637.1,,,82937.2561,21009.1729,37011.85,8696.64,3708.33,2106.03,110693,108713.24,28518.85,69642.06,17320.87,27204.45,16662.02,537.67,2055.88,2084.71,3522.45,1043.96,2777.57,76694.74,21492.11,6546.14,5790.26,tl_2025_49_sldu.zip,https://dev.planscore.org/plan.html?20260308T223622.811195147Z
UT,9,"SLDUST=""009""",38713.75,10128.16,0.0,42847.35,10323.42,2148.95,30371.17,6865.24,6952.88,,,,,,,32132.18,11554.18,1716.69,28167.27,11794.03,3065.75,,,,,39851.5,23959.18,,,,,15572.83,5248.89,10803.81,8801.72,,,64633.0023,19256.3971,47802.79,11907.77,5792.56,2756.66,112887,111054.95,30236.47,75246.09,21215.62,24334.77,17292.62,1309.84,3417.27,4179.59,5623.75,2186.97,4279.3,88839.65,24845.08,10017.93,8169.22,tl_2025_49_sldu.zip,https://dev.planscore.org/plan.html?20260308T223622.811195147Z
UT,10,"SLDUST=""010""",15877.13,13286.2,0.0,18570.68,13497.15,1765.09,11141.97,7488.2,6275.78,,,,,,,11812.88,10529.39,1744.61,11243.36,11637.67,1640.11,,,,,10316.63,9917.54,,,,,23137.74,5844.67,21959.45,13012.66,,,71523.2661,12826.9856,32100.48,8735.07,7171.57,2906.91,113874,110790.99,36645.2,64058.75,19635.98,23671.07,16661.96,997.6,2416.19,3804.93,4959.85,1640.03,3360.31,62122.51,20830.28,17124.16,11297.81,tl_2025_49_sldu.zip,https://dev.planscore.org/plan.html?20260308T223622.811195147Z
UT,11,"SLDUST=""011""",15753.84,33507.29,0.0,14431.68,29011.84,2585.91,7225.4,14111.47,9024.16,,,,,,,8349.17,18592.7,2736.76,7516.78,20618.22,1698.44,,,,,13204.72,10169.88,,,,,2189.18,944.53,17680.12,10037.91,,,75465.8966,18831.7818,29801.51,7436.69,660.09,439.29,114705,105656.5,28861.41,58900.33,15606.94,26488.08,15654.38,807.14,2200.55,2083.34,2921.05,1005.27,2386.96,75484.18,19293.61,9966.85,6513.49,tl_2025_49_sldu.zip,https://dev.planscore.org/plan.html?20260308T223622.811195147Z
UT,12,"SLDUST=""012""",17345.63,15211.08,0.0,20183.98,16509.96,2060.7,12442.97,9923.74,8223.46,,,,,,,13035.66,13937.04,2095.18,12591.2,15673.14,1865.15,,,,,10876.91,10054.09,,,,,18000.2,6130.92,23183.56,13636.49,,,70259.5559,18075.9926,32452.06,8352.02,5972.61,3051.45,111487,111951.22,36223.75,67559.69,20908.56,28042.37,17364.15,1024.06,2623.08,2725.56,4215.61,1478.03,3343.11,66673.11,21479.5,16110.16,10455.81,tl_2025_49_sldu.zip,https://dev.planscore.org/plan.html?20260308T223622.811195147Z
UT,13,"SLDUST=""013""",29358.18,12496.8,0.0,31331.6,13127.88,2057.5,19332.24,8319.32,7196.84,,,,,,,21041.25,12566.92,1853.9,18695.27,13305.31,2131.98,,,,,24100.74,17258.78,,,,,13318.95,4546.44,16367.58,11170.26,,,57160.7613,18444.3885,41438.52,10485.91,4927.33,2482.73,110915,101967.46,30258.7,70420.58,20039.94,27404.92,18297.23,1402.44,3161.74,4001.88,5324.42,2675.87,4262.09,75895.24,21965.61,10558.54,8105.12,tl_2025_49_sldu.zip,https://dev.planscore.org/plan.html?20260308T223622.811195147Z
UT,14,"SLDUST=""014""",40278.69,20579.87,0.0,42959.72,22738.78,3025.53,28685.02,16281.32,13136.13,,,,,,,29254.61,27007.33,1995.46,26476.61,27653.88,2990.53,,,,,42007.42,22485.13,,,,,6645.21,3149.97,10477.49,8790.58,,,97661.4607,26665.8319,41900.36,10092.79,3591.39,1966.8,113386,112560.47,30850.24,76560.74,19527.22,27511.9,17643.27,443.34,2404.76,3083.93,4738.22,905.36,3018.58,85059.94,23772.77,4686.18,4537.5,tl_2025_49_sldu.zip,https://dev.planscore.org/plan.html?20260308T223622.811195147Z
UT,15,"SLDUST=""015""",28311.19,19622.12,0.0,30409.08,21286.67,2683.97,18537.7,14299.35,10380.47,,,,,,,19807.71,20229.65,2241.75,17857.12,22361.16,2213.81,,,,,27976.48,16549.06,,,,,9073.32,3777.5,14716.69,10217.72,,,79886.8036,20984.6735,40719.36,9811.49,3917.48,2063.48,113247,109128.05,30230.24,73192.42,18939.52,32034.14,21006.93,1248.4,2879.08,3285.29,4678.01,1716.01,3686.79,79749.45,21011.42,7384.37,6232.88,tl_2025_49_sldu.zip,https://dev.planscore.org/plan.html?20260308T223622.811195147Z
UT,16,"SLDUST=""016""",20986.42,23896.14,0.0,22412.87,25778.29,2693.77,13015.97,15063.85,12062.49,,,,,,,13885.93,22521.7,2479.88,13016.31,24494.76,1991.68,,,,,18005.66,13127.4,,,,,12369.88,4723.48,21184.48,12506.46,,,83102.1801,19400.2638,35263.82,8869.08,4671.17,2286.73,113458,115944.06,34441.85,73423.97,20644.03,32315.67,19441.33,367.75,1926.47,3781.31,5384.03,786.5,2424.91,74723.5,22618.46,12740.23,9246.41,tl_2025_49_sldu.zip,https://dev.planscore.org/plan.html?20260308T223622.811195147Z
UT,17,"SLDUST=""017""",23487.07,32217.07,0.0,21612.58,31863.83,3035.43,9382.9,16134.61,12383.36,,,,,,,10499.57,26500.85,1875.57,8805.26,26899.41,1477.97,,,,,24838.2,15052.25,,,,,2000.75,808.65,11962.64,8473.29,,,110590.5278,21647.1572,30895.98,8054.39,1234.55,594.95,114416,105890.83,28725.13,61334.99,16036.6,26026.79,15064.74,421.5,1554.83,2548.2,3578.46,897.73,2179.58,76034.76,18906.84,6366.25,4834.03,tl_2025_49_sldu.zip,https://dev.planscore.org/plan.html?20260308T223622.811195147Z
UT,18,"SLDUST=""018""",18018.12,34544.17,0.0,16446.83,33185.77,2902.85,6598.07,16320.91,11170.25,,,,,,,7939.26,24511.01,2071.59,6361.46,25663.92,1503.17,,,,,22170.1,13770.11,,,,,1290.85,766.35,11806.11,7827.68,,,103172.9326,27339.4097,28177.89,7349.06,484.07,298.44,114579,101580.7,26938.49,58628.77,15788.24,23735.34,14014.21,626.8,1650.62,1507.8,2329.24,459.01,1499.22,74792.22,18141.13,6127.25,5106.38,tl_2025_49_sldu.zip,https://dev.planscore.org/plan.html?20260308T223622.811195147Z
UT,19,"SLDUST=""019""",27243.28,32739.46,0.0,28311.02,34626.88,3113.15,16515.35,23035.15,13480.72,,,,,,,16787.98,31977.39,2483.96,15578.55,34530.17,2239.34,,,,,35005.11,16528.02,,,,,6952.37,2875.59,10274.57,7034.23,,,119145.2049,28162.7197,33353.34,6651.59,3845.55,1843.65,112111,110287.26,25420.76,69802.99,15060.12,27873.08,15271.37,408.41,1956.82,2241.75,3543.41,880.38,2645.23,75383.8,18184.13,3665.24,3481.35,tl_2025_49_sldu.zip,https://dev.planscore.org/plan.html?20260308T223622.811195147Z
UT,20,"SLDUST=""020""",17822.53,37825.38,0.0,17507.32,36216.54,2021.21,10670.17,24919.93,7124.58,,,,,,,10909.99,25197.67,2964.95,10272.54,29897.86,1877.19,,,,,22369.87,12993.58,,,,,3871.1,1816.65,18810.98,9842.99,,,70540.4921,21043.5243,35734.48,7872.16,1433.87,1041.19,112202,110361.33,25442.37,67280.14,15610.89,27481.33,14987.21,2694.33,3557.46,1035.2,2682.03,298.85,2053.19,77303.05,18192.54,4749.31,4073.65,tl_2025_49_sldu.zip,https://dev.planscore.org/plan.html?20260308T223622.811195147Z
UT,21,"SLDUST=""021""",15945.8,41129.46,0.0,13832.66,41197.47,4153.31,4949.53,23296.74,15030.71,,,,,,,5069.85,30521.39,2337.86,4414.89,37099.29,1411.7,,,,,27924.37,14277.06,,,,,3727.62,1961.83,8355.44,6360.08,,,106988.2223,22187.4534,30449.64,7600.73,1530.86,1029.11,112819,111812.63,29858.5,59562.97,14865.18,26781.02,15902.77,519.0,2219.43,1603.12,3252.91,553.66,2346.38,75081.05,20408.41,4703.44,4478.12,tl_2025_49_sldu.zip,https://dev.planscore.org/plan.html?20260308T223622.811195147Z
UT,22,"SLDUST=""022""",16756.06,37303.16,0.0,13742.69,31900.73,3411.12,4454.2,14326.02,10207.6,,,,,,,4929.45,19852.59,1575.0,4223.77,23177.56,1140.76,,,,,20739.94,11696.56,,,,,1348.67,626.82,7701.6,5987.57,,,98907.6184,22899.219,25204.89,6313.35,458.92,270.67,114258,96270.85,26506.67,48289.07,12487.6,22299.72,13435.23,290.03,1634.76,2062.63,3195.15,1066.19,2505.51,71283.4,17755.16,5849.82,4691.71,tl_2025_49_sldu.zip,https://dev.planscore.org/plan.html?20260308T223622.811195147Z
UT,23,"SLDUST=""023""",14164.43,27540.23,0.0,14008.83,28433.51,3336.31,5410.67,15574.6,11787.14,,,,,,,5389.74,21037.4,1850.14,5087.51,25758.32,1472.98,,,,,22378.05,13087.86,,,,,9071.34,3489.65,9168.54,6826.56,,,69798.7338,15621.314,32708.24,7345.83,3329.56,1710.93,112241,106041.3,25964.47,55901.25,13881.18,25612.17,14375.09,733.97,2144.25,1982.4,3322.35,668.0,2299.28,74259.36,19042.38,8277.13,6104.94,tl_2025_49_sldu.zip,https://dev.planscore.org/plan.html?20260308T223622.811195147Z
UT,24,"SLDUST=""024""",14230.11,22936.15,0.0,14957.55,25260.06,3624.67,6320.88,15371.33,14303.06,,,,,,,5820.31,21186.58,1644.6,5463.14,28077.82,1701.21,,,,,23004.12,13836.44,,,,,8418.38,3789.78,7115.92,6418.52,,,69638.8445,22573.9083,33463.58,8241.18,2494.46,1486.34,114650,117390.72,29312.49,50390.17,14132.8,23613.96,14490.49,809.2,2682.11,2804.82,4509.07,691.62,2696.39,83795.53,22334.69,7001.62,5769.05,tl_2025_49_sldu.zip,https://dev.planscore.org/plan.html?20260308T223622.811195147Z
UT,25,"SLDUST=""025""",12342.12,37577.13,0.0,10938.53,35440.53,2994.12,4547.81,18807.11,10347.11,,,,,,,4638.63,23114.39,2225.37,4373.54,27511.54,1382.62,,,,,18258.75,11505.04,,,,,4504.46,1973.99,12482.25,7655.3,,,75740.01,13582.7766,30118.06,6920.22,1811.12,964.14,113220,108326.96,28557.11,56359.9,14080.67,26839.66,14295.31,688.1,2289.14,876.76,2521.67,603.28,2372.36,72942.46,19422.47,8709.77,6862.72,tl_2025_49_sldu.zip,https://dev.planscore.org/plan.html?20260308T223622.811195147Z
UT,26,"SLDUST=""026""",16292.44,37583.6,0.0,15855.24,35824.07,2539.84,9350.81,24537.85,8801.08,,,,,,,9945.51,26353.55,2867.16,9431.48,31016.15,1822.15,,,,,18461.62,12496.75,,,,,3975.24,1925.49,16302.12,9479.1,,,55691.8581,14751.4811,36069.69,8645.86,1456.7,1065.36,110831,109109.3,27217.79,65954.44,15596.95,30574.95,16812.1,6152.57,4143.93,430.46,2404.4,446.33,2418.97,77446.82,18708.69,5888.03,5042.45,tl_2025_49_sldu.zip,https://dev.planscore.org/plan.html?20260308T223622.811195147Z
UT,27,"SLDUST=""027""",9131.63,51216.05,0.0,7918.72,45435.78,1730.26,4489.53,28276.79,7489.49,,,,,,,5146.75,29118.54,3437.62,4741.23,33640.74,1484.26,,,,,15111.29,10384.93,,,,,2781.43,1325.06,20957.47,10228.87,,,56704.1452,14071.0617,35027.25,7732.48,933.29,653.39,112871,114485.96,25301.01,68853.24,15183.1,32495.53,16304.87,1466.43,3037.99,707.76,2452.55,556.91,2471.32,81592.9,18327.07,4614.73,3991.74,tl_2025_49_sldu.zip,https://dev.planscore.org/plan.html?20260308T223622.811195147Z
UT,28,"SLDUST=""028""",11303.51,44690.31,0.0,9817.14,40201.97,2465.75,4975.71,25403.02,6606.95,,,,,,,5791.08,24289.44,3815.77,5200.09,29897.69,1369.96,,,,,17180.33,13008.04,,,,,2574.16,1334.33,15393.18,10002.61,,,60532.609,17699.837,35467.17,9662.83,729.33,550.39,112213,105339.03,30980.7,63440.59,18043.64,30975.49,18962.45,1338.65,2909.16,748.38,2363.81,491.8,2091.3,84602.51,22726.32,7828.75,6762.72,tl_2025_49_sldu.zip,https://dev.planscore.org/plan.html?20260308T223622.811195147Z
UT,29,"SLDUST=""029""",14453.72,42695.9,0.0,13810.82,41645.35,2585.24,7115.31,27744.94,5796.44,,,,,,,7944.07,27785.19,3742.98,7008.26,31411.14,1498.6,,,,,22193.02,15696.17,,,,,2000.93,1061.05,15479.79,10268.71,,,64804.0423,17357.0366,39211.92,10206.57,836.46,514.48,114389,108353.4,30440.24,71883.99,20001.25,33335.39,20522.35,1230.86,2769.59,1078.85,2612.76,747.21,2347.83,85552.39,24301.28,5228.05,5215.93,tl_2025_49_sldu.zip,https://dev.planscore.org/plan.html?20260308T223622.811195147Z
VA,1,"SLDUST=""001""",42554.82,76624.51,0.0,41176.0,71503.0,2298.0,30589.0,61401.0,5803.0,,,,43300.0,70327.0,94.0,31759.0,47853.0,1662.0,,,,,,,,38337.0,27821.0,,,,,7550.0,3503.0,49998.0,26664.0,,,71824.47,22515.6775,80635.0,19730.0,3054.0,2025.0,219235,213793.0,56181.0,149156.0,37176.0,50462.0,34599.0,1094.0,4192.0,2975.0,6479.0,9315.0,11309.0,164205.0,44002.0,8735.0,9012.0,tl_2025_51_sldu.zip,https://dev.planscore.org/plan.html?20260308T223624.090966191Z
VA,2,"SLDUST=""002""",36735.35,72406.74,0.0,34289.0,67159.0,1932.0,28061.0,58848.0,5510.0,,,,37028.0,65345.0,79.0,27572.0,45850.0,1633.0,,,,,,,,36714.17,27530.08,,,,,13699.17,5446.35,51566.98,27813.3,,,58946.1117,17632.751,79001.3,20021.68,4461.56,2760.6,214436,213810.96,55719.82,141371.12,37130.83,36577.2,27033.9,902.62,4406.77,2644.12,6228.54,7815.13,9465.73,165400.5,43446.96,9214.52,8831.52,tl_2025_51_sldu.zip,https://dev.planscore.org/plan.html?20260308T223624.090966191Z
VA,3,"SLDUST=""003""",41822.1,76658.85,0.0,41485.26,74254.47,2217.71,32920.52,63951.42,5700.88,,,,46261.18,70250.16,102.0,32778.95,49865.46,1580.63,,,,,,,,40131.57,30108.79,,,,,4313.06,3074.5,51204.48,28513.27,,,54784.97,18369.1848,85314.76,21553.47,2006.51,1815.79,212330,208614.73,53673.16,150033.42,38438.13,50208.34,34149.8,1559.7,4982.1,2151.37,5953.95,12172.8,12788.45,169329.02,44189.35,3587.07,5213.84,tl_2025_51_sldu.zip,https://dev.planscore.org/plan.html?20260308T223624.090966191Z
VA,4,"SLDUST=""004""",54294.12,55736.95,0.0,53250.75,53530.99,2328.98,43721.09,50160.03,6220.17,,,,57798.61,50651.42,125.43,41674.62,37691.76,1650.82,,,,,,,,48059.44,34544.31,,,,,9561.37,5912.63,46766.52,28614.83,,,51689.5208,18412.1258,89166.44,22938.65,3767.6,3071.32,220283,217012.78,62255.08,154086.66,41976.35,47916.8,34739.03,802.19,4334.23,4028.45,7705.1,25081.48,18782.49,163519.84,46874.11,4900.08,6536.54,tl_2025_51_sldu.zip,https://dev.planscore.org/plan.html?20260308T223624.090966191Z
VA,5,"SLDUST=""005""",32077.25,69539.93,0.0,33448.99,66327.54,1793.31,29944.39,60257.55,5216.96,,,,38039.21,61301.42,90.57,29863.44,43666.78,1440.55,,,,,,,,37137.1,30942.53,,,,,4905.08,2485.18,46146.58,27221.92,,,50644.7141,16565.5417,85216.96,22870.2,1531.02,1250.99,219841,222237.1,60082.15,142514.27,39992.12,48072.24,34475.1,1035.83,5050.77,3920.07,7436.94,8091.39,10112.5,177467.31,47657.06,3806.83,5046.72,tl_2025_51_sldu.zip,https://dev.planscore.org/plan.html?20260308T223624.090966191Z
VA,6,"SLDUST=""006""",20457.0,86051.0,0.0,21148.0,83867.0,1149.0,19066.0,74858.0,3010.0,,,,27543.0,77081.0,121.0,19941.0,50760.0,784.0,,,,,,,,26330.0,25974.0,,,,,2190.0,2105.0,56488.0,32786.0,,,40518.6208,14245.6411,88904.0,24461.0,1245.0,1628.0,214980,221384.0,65178.0,163550.0,46009.0,56891.0,40108.0,924.0,5276.0,778.0,5686.0,5822.0,7924.0,173170.0,49895.0,2021.0,4055.0,tl_2025_51_sldu.zip,https://dev.planscore.org/plan.html?20260308T223624.090966191Z
VA,7,"SLDUST=""007""",31365.0,83805.0,0.0,32893.0,81613.0,1382.0,28765.0,70903.0,3895.0,,,,38720.0,75030.0,115.0,26654.0,54661.0,1042.0,,,,,,,,29152.72,28534.29,,,,,3838.33,3122.34,57508.43,33356.68,,,46018.2335,16443.0146,90733.53,25346.01,1721.3,1763.3,216978,219496.43,65509.79,161984.54,45467.57,50811.42,37799.17,939.66,5169.13,948.0,5606.48,20322.19,16538.82,172898.32,50287.51,4603.5,6557.37,tl_2025_51_sldu.zip,https://dev.planscore.org/plan.html?20260308T223624.090966191Z
VA,8,"SLDUST=""008""",36966.9,80625.77,0.0,38294.0,73942.0,2688.0,31224.0,68192.0,6315.0,,,,41737.0,71952.0,124.0,29519.0,52778.0,2075.0,,,,,,,,43408.0,28411.0,,,,,5540.0,3339.0,41684.0,22719.0,,,55973.7958,14639.085,82804.0,18690.0,2385.0,1975.0,214167,215341.0,53958.0,142702.0,34408.0,52106.0,32701.0,939.0,3937.0,2390.0,5540.0,27373.0,19008.0,168950.0,41546.0,4300.0,5121.0,tl_2025_51_sldu.zip,https://dev.planscore.org/plan.html?20260308T223624.090966191Z
VA,9,"SLDUST=""009""",42537.62,66173.2,0.0,46597.0,64839.0,1179.0,42647.07,59396.36,2901.98,,,,50189.0,60754.0,82.0,36574.35,46357.82,937.18,,,,,,,,26530.24,24409.3,,,,,4171.27,3368.77,55759.05,30267.26,,,47800.6351,14113.3904,88950.68,23005.57,1720.39,1760.58,216232,215719.07,58423.76,154974.33,39912.74,55748.47,36287.45,1068.4,5195.14,979.4,5712.89,57640.21,29562.61,170273.04,44905.04,3577.36,5317.1,tl_2025_51_sldu.zip,https://dev.planscore.org/plan.html?20260308T223624.090966191Z
VA,10,"SLDUST=""010""",49329.11,85701.07,0.0,48159.08,80140.83,2149.28,38520.99,67127.23,5584.83,,,,50377.09,78561.79,110.02,38382.13,56206.77,1858.65,,,,,,,,46003.3,29716.7,,,,,3795.13,2447.63,48594.57,25416.38,,,69819.1951,20623.5894,79897.75,18900.21,1871.42,1690.01,217521,214908.06,52539.52,154780.76,35946.73,52956.61,34005.83,1364.11,4542.32,1936.96,5363.75,31709.45,20723.68,177857.79,43620.85,4200.03,5325.0,tl_2025_51_sldu.zip,https://dev.planscore.org/plan.html?20260308T223624.090966191Z
VA,11,"SLDUST=""011""",76440.46,44851.2,0.0,75484.25,42514.28,2360.73,61899.09,38342.29,7054.23,,,,76745.23,41966.34,98.98,63701.69,31871.2,2203.18,,,,,,,,70608.04,42468.05,,,,,11996.75,5340.94,29850.23,20699.83,,,70942.5056,22637.5066,83050.85,20621.6,5025.52,3135.63,214315,211313.36,54752.11,144243.53,37186.81,36589.73,28136.07,1024.51,4795.7,6884.25,9178.99,21920.58,17483.32,165636.78,43034.63,5920.29,6865.57,tl_2025_51_sldu.zip,https://dev.planscore.org/plan.html?20260308T223624.090966191Z
VA,12,"SLDUST=""012""",68445.23,68196.74,0.0,58405.51,65897.86,2483.96,45708.53,59989.02,7239.66,,,,58474.7,66110.46,127.89,48703.84,48874.42,2129.02,,,,,,,,67136.42,32956.53,,,,,12016.84,5352.26,26559.72,16325.81,,,87500.571,20705.417,75780.41,16771.04,7518.81,3727.61,219065,206389.17,49899.79,139586.81,31601.7,47177.67,29680.6,1029.35,3688.05,6846.62,8893.12,27956.88,19929.68,163891.5,39644.63,6886.48,7480.51,tl_2025_51_sldu.zip,https://dev.planscore.org/plan.html?20260308T223624.090966191Z
VA,13,"SLDUST=""013""",61591.71,39451.65,0.0,63972.0,37868.0,1270.0,58189.0,34782.0,3070.0,,,,65006.0,36532.0,84.0,50060.0,26235.0,856.0,,,,,,,,28275.43,24179.6,,,,,5772.29,3678.82,50398.52,28207.13,,,55581.5522,17656.8842,78032.46,20836.84,2962.29,2208.82,214104,202246.44,56659.46,143538.19,38430.87,55470.12,36283.36,1399.22,4623.54,2280.49,5938.81,83920.81,39543.86,165167.54,47380.49,7328.0,7638.82,tl_2025_51_sldu.zip,https://dev.planscore.org/plan.html?20260308T223624.090966191Z
VA,14,"SLDUST=""014""",93300.47,19433.02,0.0,97027.59,19316.18,2501.75,83686.21,17959.47,7137.97,,,,95822.2,20794.26,131.84,79359.84,13977.6,1941.71,,,,,,,,68784.96,41891.27,,,,,7731.48,4836.79,32348.52,24688.1,,,58172.7615,17058.6709,91036.57,23791.32,3963.56,2896.37,218151,221699.28,67601.85,156747.2,47006.15,53182.76,40925.34,798.92,5279.17,4918.1,8233.62,75284.84,40185.39,177649.25,51411.01,6908.41,7778.89,tl_2025_51_sldu.zip,https://dev.planscore.org/plan.html?20260308T223624.090966191Z
VA,15,"SLDUST=""015""",62368.05,33987.61,0.0,69522.98,35674.29,1602.86,53811.86,32757.57,4173.42,,,,70316.06,34525.93,93.52,49826.05,24484.28,1105.05,,,,,,,,37587.28,27854.2,,,,,22218.47,8598.33,42719.47,27781.11,,,59114.2277,17852.8995,77947.12,20649.13,7757.59,4317.25,218118,215049.27,67287.06,145401.91,43352.11,53665.94,37656.54,688.9,3937.65,3909.14,6902.6,66059.71,37692.84,151627.4,48800.02,13018.37,12840.9,tl_2025_51_sldu.zip,https://dev.planscore.org/plan.html?20260308T223624.090966191Z
VA,16,"SLDUST=""016""",69113.81,47701.7,0.0,67689.59,47840.57,2242.43,52851.25,45389.07,7595.91,,,,68178.71,47686.22,121.75,56522.11,36950.91,2314.2,,,,,,,,82008.33,46107.0,,,,,15391.21,5511.62,23744.29,18675.98,,,83674.1686,26547.3242,84281.89,22035.51,7282.04,3285.77,218730,216268.29,61351.3,149088.08,40577.04,41714.63,31459.52,880.83,4568.12,13599.14,13424.66,24382.57,20915.09,149756.85,43263.34,7009.74,8407.7,tl_2025_51_sldu.zip,https://dev.planscore.org/plan.html?20260308T223624.090966191Z
VA,17,"SLDUST=""017""",62134.15,56573.25,0.0,60711.45,52697.86,1700.16,53646.0,47620.0,4131.0,,,,62348.92,51667.59,81.1,47377.0,35726.0,1119.0,,,,,,,,36920.22,27859.38,,,,,3577.98,2890.55,45297.47,25050.36,,,61736.8366,20612.4592,81434.01,20339.56,1906.73,1732.15,220422,216891.96,57667.07,151748.34,37950.88,61161.93,38829.84,1425.78,5247.73,2591.51,6453.47,69811.52,34073.81,170660.7,43783.54,5294.0,6081.82,tl_2025_51_sldu.zip,https://dev.planscore.org/plan.html?20260308T223624.090966191Z
VA,18,"SLDUST=""018""",58918.61,34221.92,0.0,65364.68,34873.44,2000.87,54687.53,32445.56,4420.35,,,,67065.22,33988.7,92.9,47978.02,22525.32,1213.78,,,,,,,,33899.89,27520.01,,,,,6953.82,4656.52,39232.59,24678.08,,,58340.5178,17284.8917,77552.67,20547.67,3232.06,2571.88,211841,204432.12,61472.05,137086.31,38775.63,63027.12,41811.15,972.18,4693.35,3958.46,7518.19,72498.03,37209.75,157531.81,46837.19,7205.73,8400.44,tl_2025_51_sldu.zip,https://dev.planscore.org/plan.html?20260308T223624.090966191Z
VA,19,"SLDUST=""019""",50968.46,65305.07,0.0,47164.44,62056.35,2277.95,36531.84,56899.11,6209.55,,,,48752.44,61942.39,97.0,37313.43,43011.51,1739.21,,,,,,,,56721.63,31255.27,,,,,9181.89,3739.06,27599.39,17150.7,,,105595.0196,20518.7271,71841.91,15960.75,6140.65,2731.95,215153,209249.13,50434.87,140957.45,31990.28,57287.03,33686.12,1124.11,3575.69,9491.4,10347.55,24502.4,17627.08,159685.37,39767.48,10785.56,9376.02,tl_2025_51_sldu.zip,https://dev.planscore.org/plan.html?20260308T223624.090966191Z
VA,20,"SLDUST=""020""",53353.49,56826.44,0.0,50700.47,52824.01,2239.14,41755.89,51304.48,6196.57,,,,52741.22,51681.11,108.62,42198.52,39245.3,1894.32,,,,,,,,57958.03,37205.26,,,,,12482.44,5974.43,34193.89,22988.72,,,58157.0291,21359.7253,88407.15,22609.65,6767.65,3756.96,216911,207674.19,59422.74,150464.94,40786.79,52767.45,35795.89,1043.84,5155.24,5942.75,9860.08,27007.72,22363.01,163783.33,46860.49,8816.47,9464.78,tl_2025_51_sldu.zip,https://dev.planscore.org/plan.html?20260308T223624.090966191Z
VA,21,"SLDUST=""021""",56380.39,20216.99,0.0,59109.17,18382.95,1706.14,52665.0,17132.0,4129.0,,,,60329.84,18198.95,128.01,46335.0,12263.0,1122.0,,,,,,,,40288.58,28123.18,,,,,15834.2,8421.3,33361.3,22180.95,,,54414.4964,15828.6788,78850.43,20281.37,8438.27,5068.46,212429,219994.56,59897.59,135172.67,38023.94,59129.89,38593.45,1031.3,5153.71,6077.77,9059.4,69479.57,34457.01,160280.43,43550.22,12317.77,10647.45,tl_2025_51_sldu.zip,https://dev.planscore.org/plan.html?20260308T223624.090966191Z
VA,22,"SLDUST=""022""",55417.74,41052.76,0.0,61742.79,40974.38,2419.74,46695.74,37300.85,6148.52,,,,63122.37,39928.26,88.37,45081.03,27194.88,1696.7,,,,,,,,45621.22,31382.29,,,,,19188.38,6659.32,33930.85,22178.08,,,76133.3059,18765.581,79760.36,21119.16,12818.36,4625.79,213023,214749.6,61654.22,144679.1,40625.61,65173.46,40881.19,1071.57,4422.74,14957.62,14946.5,44342.95,29222.49,157835.81,46547.6,13521.48,12779.67,tl_2025_51_sldu.zip,https://dev.planscore.org/plan.html?20260308T223624.090966191Z
VA,23,"SLDUST=""023""",63113.64,26937.3,0.0,69255.0,26013.0,1806.0,61366.0,25937.0,4740.0,,,,69275.0,25076.0,120.0,53774.0,18338.0,1053.0,,,,,,,,36040.49,30178.19,,,,,8874.92,5297.42,43405.6,27326.44,,,51938.9493,17476.6495,86261.78,23949.1,4944.73,3273.08,214318,210097.49,65391.47,140354.87,42077.35,58832.59,39765.9,1048.0,4807.72,4090.93,7654.98,84028.63,42023.98,162242.5,48277.81,8710.0,8708.86,tl_2025_51_sldu.zip,https://dev.planscore.org/plan.html?20260308T223624.090966191Z
VA,24,"SLDUST=""024""",55323.24,46866.11,0.0,56625.0,47303.0,2380.0,46360.3,43680.45,6360.05,,,,57704.0,46922.0,98.0,43487.3,32993.38,1576.01,,,,,,,,51765.19,30913.44,,,,,14426.08,6300.58,28910.64,18908.8,,,74033.1839,17261.1486,74849.7,18048.63,8281.27,4050.92,211184,204625.9,51052.69,132480.21,32303.1,50840.54,31681.02,993.0,4226.45,8111.32,9581.42,38067.59,23739.47,158430.32,39680.96,11408.0,9772.22,tl_2025_51_sldu.zip,https://dev.planscore.org/plan.html?20260308T223624.090966191Z
VA,25,"SLDUST=""025""",53106.86,74418.29,0.0,51091.38,65132.68,2026.18,40440.81,56214.47,5389.01,,,,53744.33,63322.27,105.67,38395.05,43620.82,1370.09,,,,,,,,40880.3,29067.39,,,,,5813.73,3277.05,46518.97,25809.41,,,65621.0209,20729.4186,79725.59,20185.56,2992.1,2181.41,211499,205645.86,52874.32,146536.48,36382.13,52793.0,34092.26,1611.95,5008.13,2863.16,6366.03,38450.8,24600.0,164566.81,42297.21,7182.6,7387.21,tl_2025_51_sldu.zip,https://dev.planscore.org/plan.html?20260308T223624.090966191Z
VA,26,"SLDUST=""026""",57285.79,84963.91,0.0,52668.2,79731.52,2546.01,40719.87,73142.97,7150.98,,,,53984.22,79500.5,106.0,42940.87,59395.97,2020.0,,,,,,,,60922.96,34146.02,,,,,3792.73,2197.47,36745.65,21186.73,,,86602.6849,23781.2142,80816.85,17896.27,2372.67,1563.49,216759,209571.14,49131.81,151355.07,33746.62,51459.09,32060.94,1446.97,4383.26,3248.14,6046.54,18762.58,16133.96,172148.22,40955.67,5313.52,5944.69,tl_2025_51_sldu.zip,https://dev.planscore.org/plan.html?20260308T223624.090966191Z
VA,27,"SLDUST=""027""",58420.99,54853.44,0.0,55768.01,49517.64,2445.97,40460.38,46512.57,5987.94,,,,56181.02,49476.62,132.0,41321.38,36025.69,1645.98,,,,,,,,53540.07,29497.25,,,,,15758.04,6592.02,32163.75,18052.98,,,92546.2298,25479.145,68818.48,15413.99,9100.73,4378.83,213387,207102.4,51050.09,133692.38,31985.22,49422.67,29908.5,1264.83,3648.21,5952.06,8018.23,31624.77,21118.25,152557.99,37204.62,14383.51,11225.97,tl_2025_51_sldu.zip,https://dev.planscore.org/plan.html?20260308T223624.090966191Z
VA,28,"SLDUST=""028""",46219.09,78403.6,0.0,44576.48,71690.54,2292.02,33102.27,61114.1,5598.21,,,,46793.83,70273.34,98.33,34783.65,49291.51,1628.68,,,,,,,,40967.18,25250.9,,,,,7818.6,3739.32,43824.53,23197.71,,,78300.3513,21711.1844,72816.06,16441.58,3460.8,2080.47,211893,207071.16,50434.69,142669.62,32857.72,52973.6,31152.46,1100.08,3598.02,3000.02,6044.02,18368.42,14509.69,159942.31,38190.53,8237.53,8002.34,tl_2025_51_sldu.zip,https://dev.planscore.org/plan.html?20260308T223624.090966191Z
VA,29,"SLDUST=""029""",58080.42,40859.81,0.0,61585.39,40069.23,1987.37,49346.84,33349.95,5002.82,,,,62612.59,39257.14,95.0,46493.93,24970.91,1478.78,,,,,,,,51363.01,29153.34,,,,,35943.8,8916.18,27210.91,16773.98,,,118229.4714,27054.9119,60712.78,14510.26,19856.23,5782.36,210158,203454.27,54369.8,129592.34,32907.87,45437.79,28823.68,1196.03,4000.41,12649.62,12264.93,34729.97,21082.78,140309.55,38376.7,25306.36,17611.51,tl_2025_51_sldu.zip,https://dev.planscore.org/plan.html?20260308T223624.090966191Z
VA,30,"SLDUST=""030""",51644.34,43197.43,0.0,60102.19,34359.56,1811.96,44119.08,35074.22,5391.73,,,,61756.19,32890.59,127.0,42298.33,26530.54,1643.24,,,,,,,,54018.21,30649.85,,,,,41495.11,9504.37,28348.79,19096.87,,,121741.7338,24620.8179,64082.88,16112.69,21498.36,6402.91,215184,209302.53,58847.44,132784.05,36017.8,39548.59,27569.14,617.51,3617.52,14540.67,13859.85,19581.22,17587.31,131197.57,40118.37,24197.2,18359.03,tl_2025_51_sldu.zip,https://dev.planscore.org/plan.html?20260308T223624.090966191Z
VA,31,"SLDUST=""031""",68655.7,57478.67,0.0,74148.51,56365.66,2922.33,53966.39,47066.1,7537.99,,,,73227.44,58711.6,106.98,56083.93,39477.56,2212.14,,,,,,,,84461.33,37902.85,,,,,34484.17,8760.7,20433.27,14134.34,,,139336.88,35805.2576,74504.8,16142.85,20171.53,5970.02,220267,221101.84,51629.08,145294.1,32381.28,38580.5,25152.13,572.41,3050.84,17502.27,13329.05,11842.83,12096.96,154205.64,37610.45,14870.28,12154.76,tl_2025_51_sldu.zip,https://dev.planscore.org/plan.html?20260308T223624.090966191Z
VA,32,"SLDUST=""032""",66231.47,42112.87,0.0,70702.42,33713.6,1819.47,51197.36,29287.92,5492.76,,,,70890.18,34279.28,81.02,54568.2,24128.76,1591.08,,,,,,,,82540.86,36157.18,,,,,33358.97,6393.37,14836.81,11729.58,,,162786.7368,35483.3226,65773.8,14154.03,18985.84,4079.9,220609,204380.33,48692.16,130436.94,30183.39,29066.6,21222.28,617.19,2937.39,36543.84,21194.77,13839.79,12511.62,135452.99,34252.12,14231.54,10590.49,tl_2025_51_sldu.zip,https://dev.planscore.org/plan.html?20260308T223624.090966191Z
VA,33,"SLDUST=""033""",66900.79,35249.29,0.0,76577.47,36081.98,1929.99,60467.82,29884.12,6214.95,,,,74777.15,38110.51,76.28,57551.07,23486.18,1665.7,,,,,,,,70470.88,34865.01,,,,,41408.89,9887.42,23139.26,17277.32,,,126542.7342,26840.504,69276.68,16117.17,25511.94,6576.34,217777,214795.08,59662.66,141644.66,37327.5,40976.83,27811.4,632.0,3709.03,18322.38,15854.05,31039.01,21283.31,141728.92,40106.24,22678.84,16127.33,tl_2025_51_sldu.zip,https://dev.planscore.org/plan.html?20260308T223624.090966191Z
VA,34,"SLDUST=""034""",70217.89,29816.86,0.0,79091.48,27780.27,2198.72,65225.92,25302.24,6451.27,,,,77959.43,29563.73,113.75,62047.73,20264.35,1949.45,,,,,,,,81305.34,39694.18,,,,,61433.64,15240.07,23681.54,17301.1,,,122901.1447,30894.7446,78945.57,18149.73,34562.11,10225.55,216368,222398.89,59226.36,150443.83,37657.01,37304.03,27482.88,674.0,3896.31,18029.64,16373.72,30892.88,22178.93,144539.55,38216.52,19645.07,15361.08,tl_2025_51_sldu.zip,https://dev.planscore.org/plan.html?20260308T223624.090966191Z
VA,35,"SLDUST=""035""",69186.28,33840.98,0.0,91355.44,34424.77,2423.21,71419.9,29421.97,7010.13,,,,91630.07,35547.32,163.5,65020.68,23782.25,1998.13,,,,,,,,80283.63,36708.48,,,,,71777.46,13411.61,23315.65,16324.8,,,137577.1148,30139.938,70146.97,14085.07,41912.19,9481.19,220142,222488.23,53441.64,149592.57,35682.08,35702.05,24345.3,784.0,3612.35,30865.72,19459.03,15867.16,12971.99,142748.0,35606.83,18748.58,13161.66,tl_2025_51_sldu.zip,https://dev.planscore.org/plan.html?20260308T223624.090966191Z
VA,36,"SLDUST=""036""",69872.16,39883.74,0.0,78970.22,36275.86,2320.35,64600.56,35117.81,7547.99,,,,78987.85,38033.24,123.25,62799.4,28384.88,1887.2,,,,,,,,92270.59,40577.15,,,,,59516.88,10834.47,18064.25,13619.74,,,161988.6576,34732.8044,71701.8,15020.46,35069.76,7330.18,212399,211378.01,50012.68,142654.26,32859.48,30238.89,21871.1,725.03,3457.31,39190.36,22060.08,10327.35,11323.4,141305.52,35539.5,14060.21,11627.13,tl_2025_51_sldu.zip,https://dev.planscore.org/plan.html?20260308T223624.090966191Z
VA,37,"SLDUST=""037""",75930.03,30814.68,0.0,66975.95,26477.54,2228.11,65704.93,25801.75,7546.5,,,,66065.11,28332.8,139.83,64403.23,21410.36,2128.47,,,,,,,,100822.26,47428.93,,,,,56277.65,10901.78,14530.72,12188.28,,,140251.8313,38698.8937,78927.4,17519.88,29327.79,7033.53,213556,210459.92,51829.36,146590.52,35039.31,26246.49,21287.68,642.52,3920.93,27941.42,19114.55,9481.42,11177.05,140274.19,36515.11,16353.02,13236.03,tl_2025_51_sldu.zip,https://dev.planscore.org/plan.html?20260308T223624.090966191Z
VA,38,"SLDUST=""038""",82224.08,34974.22,0.0,74324.44,30272.07,2538.21,67662.97,30136.11,7676.47,,,,72439.28,33041.48,135.38,67210.23,25366.21,2143.05,,,,,,,,104821.86,46110.71,,,,,54192.48,10884.94,12681.68,11183.35,,,179918.5592,37563.7482,75794.44,15860.58,29511.08,7452.27,215638,209588.55,49181.42,145100.9,33000.23,24079.34,18483.4,578.46,3823.34,25191.95,17690.25,10048.49,10978.69,141299.08,36153.94,12735.09,10432.94,tl_2025_51_sldu.zip,https://dev.planscore.org/plan.html?20260308T223624.090966191Z
VA,39,"SLDUST=""039""",79142.31,21647.94,0.0,87161.07,19066.46,2204.17,74762.34,17520.6,6810.39,,,,85808.94,21703.0,137.0,69186.54,14193.93,2266.06,,,,,,,,105410.27,55739.99,,,,,45950.44,11159.85,17219.14,15913.77,,,145518.9083,32780.5544,97745.01,23383.56,19400.89,6263.22,220559,216785.44,59803.09,162905.94,43924.5,31234.0,27347.48,1068.0,5478.86,12083.17,13134.77,30445.13,23752.42,148840.56,42807.65,17954.14,15412.21,tl_2025_51_sldu.zip,https://dev.planscore.org/plan.html?20260308T223624.090966191Z
VA,40,"SLDUST=""040""",90440.08,22535.5,0.0,94953.36,20057.61,2722.96,82962.26,17862.65,8141.82,,,,92767.36,23881.56,132.0,78829.48,14601.71,2818.94,,,,,,,,114991.98,58635.09,,,,,36402.23,9799.06,12839.0,13293.34,,,161108.203,36581.2107,94620.13,22384.19,19114.65,6096.1,211431,210836.47,56621.85,153952.63,40059.12,22139.62,22859.11,735.0,5006.77,14384.72,14314.09,14060.7,14298.57,150028.66,41787.23,17227.84,14323.88,tl_2025_51_sldu.zip,https://dev.planscore.org/plan.html?20260308T223624.090966191Z
WA,1,"SLDUST=""001""",60020.73,22040.35,3487.04,64182.43,23809.16,2977.81,48668.71,20063.9,5748.52,58858.72,24629.36,201.02,,,,48035.07,22902.75,0.0,50063.25,25796.83,0.0,,,,,58002.03,30954.12,,,,,20848.0,5239.31,15481.54,11913.1,,,124786.0454,27589.3185,57738.12,12805.66,10279.43,3458.25,157201,155097.65,41012.27,109272.72,26377.92,34886.81,22385.31,1348.7,3780.23,14268.84,12692.48,3438.3,6022.69,106955.67,29584.69,6870.5,6873.91,tl_2025_53_sldu.zip,https://dev.planscore.org/plan.html?20260308T223624.769024074Z
WA,2,"SLDUST=""002""",32603.29,44395.13,2776.73,33120.77,44982.99,3112.15,22041.97,31289.7,5351.8,33688.98,43740.16,210.0,,,,23377.1,32244.28,0.0,27478.37,31680.66,0.0,,,,,22407.88,17949.34,,,,,4382.72,1891.54,30238.47,19483.56,,,77579.256,21162.0341,53883.55,14862.71,2655.85,1366.96,157168,152846.38,47618.49,101450.73,29581.95,43893.82,27673.89,3101.17,5072.5,6376.85,7961.6,6440.93,8229.99,113408.97,34840.49,10056.25,8785.89,tl_2025_53_sldu.zip,https://dev.planscore.org/plan.html?20260308T223624.769024074Z
WA,3,"SLDUST=""003""",46856.7,28222.96,3239.98,50171.92,30602.63,3352.41,35258.19,24105.68,6055.38,46744.69,28677.97,223.0,,,,41808.5,25132.41,0.0,40184.42,26189.08,0.0,,,,,36972.97,25151.1,,,,,5647.86,3248.79,20073.08,15202.62,,,54264.7977,16344.3787,64025.89,16095.8,3228.59,2062.46,156591,149662.05,41934.34,103195.99,28164.71,45440.06,29984.64,3388.16,5917.91,4078.56,6947.84,4346.99,7289.59,120721.29,34710.55,7439.26,7601.87,tl_2025_53_sldu.zip,https://dev.planscore.org/plan.html?20260308T223624.769024074Z
WA,4,"SLDUST=""004""",33672.07,49939.25,2941.09,34489.99,50809.27,3302.58,23493.92,38230.96,5941.06,34481.01,48746.34,268.0,,,,28544.29,38303.13,0.0,30025.93,38632.97,0.0,,,,,29500.1,20923.55,,,,,5155.29,3057.59,27580.84,17451.5,,,61272.0887,20519.9116,61011.08,15079.34,2914.2,1989.83,157051,152045.24,43873.23,106736.7,28601.04,47508.17,28367.81,2523.4,4408.3,3051.77,5305.05,1464.55,3863.8,122225.49,33747.56,5943.46,6157.85,tl_2025_53_sldu.zip,https://dev.planscore.org/plan.html?20260308T223624.769024074Z
WA,5,"SLDUST=""005""",51808.18,34812.94,3513.33,53738.86,36438.14,3167.81,38916.29,28901.68,5797.51,51105.79,36702.46,179.99,,,,40759.3,32731.62,0.0,40932.4,34043.38,0.0,,,,,52305.69,28734.01,,,,,11687.11,4199.51,19556.56,14082.57,,,111605.3646,31165.2519,57688.13,14062.47,5999.46,2419.28,157262,155010.93,41985.43,108072.79,27937.32,36593.58,24241.26,1726.62,4188.83,11244.35,10557.57,1910.33,4528.47,106623.84,31510.41,6058.05,6325.73,tl_2025_53_sldu.zip,https://dev.planscore.org/plan.html?20260308T223624.769024074Z
WA,6,"SLDUST=""006""",34213.96,42983.52,2854.98,35071.77,43841.53,3060.8,24067.5,33619.66,5423.53,34980.02,41927.49,281.0,,,,28670.12,33525.12,0.0,30230.0,33896.47,0.0,,,,,28442.35,19969.07,,,,,4910.42,2517.24,25396.05,15621.45,,,59694.5666,17232.369,57561.34,13673.16,2702.32,1633.33,158883,149667.39,39411.19,101242.09,25571.34,46320.56,28651.12,2741.1,4380.0,3505.6,5471.77,3708.77,5950.37,120941.84,31813.92,6509.23,6215.31,tl_2025_53_sldu.zip,https://dev.planscore.org/plan.html?20260308T223624.769024074Z
WA,7,"SLDUST=""007""",27945.53,55451.39,2800.78,29332.35,55500.49,2323.47,20618.38,42735.67,5017.46,30111.46,53362.48,250.98,,,,24624.17,42547.66,0.0,27847.73,41238.12,0.0,,,,,22133.68,18087.42,,,,,8100.88,3183.27,34378.36,18636.86,,,49855.1849,14380.199,62445.71,15063.99,2819.41,1734.56,157002,155261.93,40847.79,109218.67,26841.39,47398.8,27589.33,7623.56,6857.21,1166.29,4356.83,929.41,4202.15,115255.76,30673.47,8798.73,7445.56,tl_2025_53_sldu.zip,https://dev.planscore.org/plan.html?20260308T223624.769024074Z
WA,8,"SLDUST=""008""",27764.43,45831.34,2494.98,28774.92,45978.96,2829.07,19273.68,35738.08,4533.66,29272.4,44376.37,229.99,,,,20435.18,35463.67,0.0,25907.3,35083.35,0.0,,,,,31453.28,21445.83,,,,,8643.14,3250.06,22363.08,15036.62,,,82086.3827,19707.7176,54019.52,14470.15,3364.06,1755.65,156927,149342.56,44168.5,97472.7,27232.29,39734.2,26389.39,1473.91,3589.53,3465.06,5591.02,2170.58,4895.85,105538.44,30684.18,17947.72,12726.73,tl_2025_53_sldu.zip,https://dev.planscore.org/plan.html?20260308T223624.769024074Z
WA,9,"SLDUST=""009""",33137.21,46439.13,2995.01,34033.23,46452.68,2873.0,24169.16,36509.05,5771.39,34057.33,46069.92,193.01,,,,28606.91,37325.08,0.0,30210.72,37282.32,0.0,,,,,35705.89,22485.55,,,,,7527.77,3190.91,19253.72,12176.52,,,60198.9452,13531.4367,59647.58,13691.47,3097.48,1785.07,156945,154965.06,38291.01,95567.19,23231.17,38418.24,22924.93,2367.79,4590.21,4279.67,6344.74,2087.37,4950.71,120412.72,30065.2,8306.08,6451.66,tl_2025_53_sldu.zip,https://dev.planscore.org/plan.html?20260308T223624.769024074Z
WA,10,"SLDUST=""010""",49171.16,41102.95,3429.1,49101.15,43355.29,3448.01,34961.95,33832.2,6080.46,48387.57,41847.52,199.0,,,,36891.89,35860.4,0.0,39997.4,36275.19,0.0,,,,,33264.73,21465.23,,,,,8510.09,3532.84,27746.49,16602.78,,,74792.9803,18609.5208,62495.17,14318.12,5411.42,2684.67,157012,154385.78,39555.45,111931.24,26364.6,52476.25,28848.66,2866.33,4956.7,5394.81,7031.88,3116.05,5659.44,123885.89,32378.55,8754.39,8041.91,tl_2025_53_sldu.zip,https://dev.planscore.org/plan.html?20260308T223624.769024074Z
WA,11,"SLDUST=""011""",43168.55,19237.44,2420.04,50598.19,20622.25,2090.07,37696.5,15273.3,3963.19,43404.52,18961.58,191.99,,,,35652.13,16211.93,0.0,39030.28,17879.09,0.0,,,,,36069.85,23206.17,,,,,26544.49,6207.04,25012.72,17335.51,,,81906.0201,20418.0824,56502.59,14142.87,14087.75,3681.34,156953,149613.11,44756.45,104683.52,29297.62,37757.13,25253.72,1365.13,3845.89,24783.67,17375.32,12523.39,13005.72,104020.35,32314.55,9739.8,8827.26,tl_2025_53_sldu.zip,https://dev.planscore.org/plan.html?20260308T223624.769024074Z
WA,12,"SLDUST=""012""",43177.43,41408.7,3347.46,44250.22,41868.31,3038.88,30127.79,32635.6,5411.29,43278.64,42327.5,168.07,,,,32883.02,35330.49,0.0,33992.68,35361.48,0.0,,,,,33550.17,22820.45,,,,,6463.56,2983.25,24918.16,16339.67,,,69643.7177,23129.4301,55449.57,14940.17,2741.57,1490.33,159086,153711.69,45601.3,105709.46,28967.36,41418.53,26350.94,2066.64,4712.6,3345.25,5629.98,1475.51,4047.76,109747.2,32769.62,11904.67,10478.27,tl_2025_53_sldu.zip,https://dev.planscore.org/plan.html?20260308T223624.769024074Z
WA,13,"SLDUST=""013""",23095.43,41942.92,2284.84,24812.76,41733.23,2029.31,16296.5,30583.36,3532.67,24248.32,40788.02,167.97,,,,17488.37,31181.43,0.0,20402.94,30558.49,0.0,,,,,21532.51,16803.47,,,,,11015.72,3328.05,25859.4,16042.72,,,65455.8502,21233.841,54918.62,14173.68,3672.33,1846.37,157084,156617.23,44035.08,95510.67,25984.36,37656.6,24102.0,2090.04,4122.38,1598.8,3621.88,1405.16,3677.01,103107.03,28535.53,21513.83,13450.72,tl_2025_53_sldu.zip,https://dev.planscore.org/plan.html?20260308T223624.769024074Z
WA,14,"SLDUST=""014""",17328.27,16940.21,1073.44,22214.64,16151.21,947.13,16614.33,12586.7,1809.49,17802.4,15526.92,128.04,,,,14564.11,12071.05,0.0,19122.35,11848.91,0.0,,,,,7658.75,10680.63,,,,,21271.15,4467.13,24946.14,16282.58,,,47278.2109,12492.8622,45740.92,12851.72,6011.9,2362.44,156805,156843.82,48228.27,86917.62,26484.92,26297.85,19983.63,5033.92,5383.03,1143.93,3776.77,1049.59,3650.3,77269.98,26871.95,41192.53,19673.77,tl_2025_53_sldu.zip,https://dev.planscore.org/plan.html?20260308T223624.769024074Z
WA,15,"SLDUST=""015""",25885.51,42389.72,2083.76,28648.74,44017.3,1950.4,20257.55,36662.09,3772.35,26245.34,40356.21,270.94,,,,20269.87,36139.76,0.0,25480.84,35848.41,0.0,,,,,23602.57,18934.04,,,,,9827.29,3570.18,26441.49,17504.17,,,64612.3381,16849.4816,56239.49,15411.32,3852.87,2044.98,156721,152284.05,48189.47,100025.66,28678.93,37835.24,26053.4,2343.95,4842.32,1931.72,4358.09,1438.35,4026.75,105675.73,31812.67,24232.0,16160.56,tl_2025_53_sldu.zip,https://dev.planscore.org/plan.html?20260308T223624.769024074Z
WA,16,"SLDUST=""016""",29841.55,41234.72,2568.01,30831.33,42256.15,3006.24,21203.34,33182.66,5024.43,31149.55,40388.7,134.0,,,,24506.86,33651.13,0.0,27767.67,32685.3,0.0,,,,,28094.99,19323.0,,,,,10952.73,3871.67,22100.92,14710.31,,,72073.8727,19200.848,54094.8,13126.53,4248.0,2248.6,160924,155189.46,42426.81,98292.27,24579.51,42717.69,25764.01,1877.79,3916.88,2808.29,4847.15,2368.65,4707.62,111645.17,30359.64,20490.29,13830.1,tl_2025_53_sldu.zip,https://dev.planscore.org/plan.html?20260308T223624.769024074Z
WA,17,"SLDUST=""017""",47618.13,39993.95,3158.59,46960.3,40981.49,2796.27,31413.23,31225.8,5068.9,47103.15,40205.91,275.99,,,,34423.44,30963.51,0.0,34605.35,33413.23,0.0,,,,,37917.69,22067.76,,,,,13627.2,4533.67,23518.47,14457.31,,,80507.7661,23877.3919,56076.26,12172.08,8100.23,3080.75,157512,150776.19,37798.89,105478.41,24933.73,42950.94,24526.02,2333.72,4206.3,7560.56,7893.94,2315.03,4773.32,115894.85,30483.62,7843.08,7286.53,tl_2025_53_sldu.zip,https://dev.planscore.org/plan.html?20260308T223624.769024074Z
WA,18,"SLDUST=""018""",43675.97,41597.69,2881.94,42565.56,42594.68,2775.51,27734.39,30508.11,4612.22,43625.97,41047.74,274.99,,,,31135.67,30421.58,0.0,30990.67,32114.32,0.0,,,,,32274.8,20554.54,,,,,12681.9,5171.08,24940.48,14836.28,,,89790.0558,22738.6962,54569.5,12720.72,7769.22,3711.59,157021,151417.19,40850.12,102115.98,25317.84,44886.17,25159.14,1670.25,3619.3,6298.65,7689.21,2476.0,4804.29,116655.84,31247.24,7942.98,7183.28,tl_2025_53_sldu.zip,https://dev.planscore.org/plan.html?20260308T223624.769024074Z
WA,19,"SLDUST=""019""",33971.41,46620.81,2784.9,34888.5,46894.81,2597.79,25311.6,34571.26,5082.92,36462.45,44108.58,245.02,,,,29063.43,34454.32,0.0,32917.39,32598.44,0.0,,,,,19302.55,18081.59,,,,,5062.08,2847.19,36158.35,21679.38,,,56591.0806,19174.6804,62235.57,16370.16,1914.01,1443.36,158334,158365.37,47890.44,112808.02,31547.15,53346.63,32386.66,4558.14,6547.11,2156.32,5165.96,2130.01,5067.53,123619.57,35179.1,7691.03,7579.74,tl_2025_53_sldu.zip,https://dev.planscore.org/plan.html?20260308T223624.769024074Z
WA,20,"SLDUST=""020""",33462.43,59334.41,3046.04,32079.02,57725.4,2694.44,21650.46,41481.25,4819.18,34896.29,57552.73,285.01,,,,24894.74,42075.73,0.0,27160.12,41185.42,0.0,,,,,23193.61,17567.69,,,,,5548.27,2891.76,29531.91,17080.0,,,64076.8038,18839.9128,54628.0,13584.8,2491.29,1728.62,157077,148156.14,39746.99,102598.4,26129.59,47213.01,26987.5,2713.66,4611.79,2353.84,4655.72,1290.97,4001.53,117954.82,32057.51,5665.42,5752.36,tl_2025_53_sldu.zip,https://dev.planscore.org/plan.html?20260308T223624.769024074Z
WA,21,"SLDUST=""021""",49630.44,22334.05,2865.89,54629.45,23916.81,2517.77,40504.9,19138.07,4719.08,49048.5,23479.94,178.99,,,,38876.69,20851.81,0.0,42407.74,23335.92,0.0,,,,,40996.23,26302.06,,,,,29859.3,7856.81,22172.54,16570.89,,,97339.4206,30484.7508,59465.99,15335.9,15560.55,4918.94,157052,152427.66,46186.04,107508.76,30827.06,40262.65,28657.93,1563.14,4168.51,17732.75,15159.04,6096.77,8264.07,107693.62,33843.57,6903.05,7093.9,tl_2025_53_sldu.zip,https://dev.planscore.org/plan.html?20260308T223624.769024074Z
WA,22,"SLDUST=""022""",59606.11,25623.28,3796.25,60410.04,27824.53,3428.17,43256.16,21271.27,6547.96,59549.3,26999.51,253.99,,,,45727.29,22834.15,0.0,47810.76,23970.87,0.0,,,,,43372.33,25724.82,,,,,8167.3,3269.01,19602.17,13617.77,,,80092.6463,19679.5768,61201.74,13850.65,4675.93,2129.91,156969,149503.77,38947.05,106769.47,26567.89,43895.37,26206.84,2433.27,4384.31,8806.02,9050.23,5396.98,7369.62,122858.73,31256.85,9017.42,8131.25,tl_2025_53_sldu.zip,https://dev.planscore.org/plan.html?20260308T223624.769024074Z
WA,23,"SLDUST=""023""",58191.45,28831.36,3345.5,58274.57,30429.39,3670.1,41571.62,24927.87,6572.41,57519.47,30805.56,166.03,,,,43620.11,26641.18,0.0,45583.6,28786.72,0.0,,,,,44232.59,26319.73,,,,,8727.49,3635.22,20030.58,12578.03,,,80623.9507,19223.401,62266.48,14250.56,5347.83,2485.94,156995,155612.4,38227.85,109139.59,26571.75,49564.73,26971.53,3078.39,4883.26,8119.02,8982.16,4716.71,6903.12,121978.3,32193.62,8279.93,6963.6,tl_2025_53_sldu.zip,https://dev.planscore.org/plan.html?20260308T223624.769024074Z
WA,24,"SLDUST=""024""",54689.72,40984.0,3291.17,53800.06,43242.02,2913.5,38525.61,34012.44,6091.62,55464.62,40993.14,199.0,,,,43677.55,35840.96,0.0,45043.52,34220.83,0.0,,,,,34098.57,23968.67,,,,,3903.7,2166.25,32160.07,20071.75,,,54253.1171,18547.3681,67530.24,16421.5,2119.15,1411.36,157873,154564.61,41329.37,119393.36,30436.13,54148.69,31154.5,6861.98,7387.63,2727.19,5555.33,1263.45,4529.45,130038.66,33661.47,5147.75,5661.27,tl_2025_53_sldu.zip,https://dev.planscore.org/plan.html?20260308T223624.769024074Z
WA,25,"SLDUST=""025""",37286.79,36333.86,2673.99,40095.93,38626.32,3055.88,27127.98,29481.49,5145.63,37398.8,36851.87,140.0,,,,26917.21,29693.53,0.0,31704.99,31165.35,0.0,,,,,25945.63,18989.24,,,,,9892.76,4378.11,28174.73,16501.64,,,83275.7346,22608.9325,54245.57,13569.33,5478.65,2631.09,157063,151265.17,44599.7,101739.29,27913.42,45188.11,28298.62,2144.87,4487.99,8426.65,9609.4,6915.5,8714.88,112267.58,32523.44,8772.13,7538.85,tl_2025_53_sldu.zip,https://dev.planscore.org/plan.html?20260308T223624.769024074Z
WA,26,"SLDUST=""026""",49664.31,40839.37,3578.11,47878.82,42398.23,3816.15,32977.34,32896.53,6784.19,49473.33,42598.41,161.01,,,,36136.44,35788.87,0.0,38006.72,36088.35,0.0,,,,,35206.3,23499.35,,,,,7222.35,3593.57,23903.52,15162.58,,,82525.8087,24605.211,58419.57,14265.33,4943.74,2793.26,157657,152169.87,41936.06,107726.35,27718.4,50391.73,29662.77,2853.76,4893.1,6200.43,8018.24,2823.55,5251.22,123077.51,32493.61,7704.98,7450.14,tl_2025_53_sldu.zip,https://dev.planscore.org/plan.html?20260308T223624.769024074Z
WA,27,"SLDUST=""027""",53449.01,19901.6,3184.11,57397.01,21928.48,2912.38,41528.72,17329.51,5357.36,53112.91,21483.72,188.01,,,,41728.61,18456.33,0.0,44841.53,20121.86,0.0,,,,,39061.53,23947.15,,,,,12387.29,4340.47,24883.23,16251.21,,,80228.808,19338.1925,63774.75,15074.27,6383.65,2611.61,156386,151487.7,41169.46,108778.67,28567.31,43541.99,26912.96,2312.53,4726.98,9785.42,9350.91,13213.6,12795.71,121307.74,32442.82,9257.73,7681.73,tl_2025_53_sldu.zip,https://dev.planscore.org/plan.html?20260308T223624.769024074Z
WA,28,"SLDUST=""028""",36495.97,23540.01,2375.71,39558.36,25574.99,2747.08,28136.89,20363.46,4517.31,36358.43,24440.77,128.01,,,,27399.14,20492.45,0.0,31362.03,22564.78,0.0,,,,,29705.34,20340.3,,,,,14266.07,4757.83,23721.13,16181.83,,,67359.018,15525.6014,55925.88,14165.07,9108.14,3399.96,157375,150840.91,43275.72,96832.93,27506.66,40859.96,25765.79,2060.57,4257.58,11035.36,10905.54,13692.42,13269.76,113512.39,32510.07,13785.69,10452.32,tl_2025_53_sldu.zip,https://dev.planscore.org/plan.html?20260308T223624.769024074Z
WA,29,"SLDUST=""029""",32257.85,20882.0,2019.0,36974.93,22555.32,2389.26,25126.25,16013.44,3925.22,32944.85,20524.98,161.0,,,,24179.72,15841.77,0.0,29045.65,16522.56,0.0,,,,,16293.23,15754.81,,,,,19285.61,5359.42,31847.0,18785.16,,,61818.6124,17639.2167,55682.79,14984.37,10093.26,3560.15,156309,154090.15,47250.06,100348.93,29831.32,43668.89,29297.52,3789.72,6049.85,13395.95,12656.58,15222.45,14919.17,108045.4,34806.3,12258.82,10395.31,tl_2025_53_sldu.zip,https://dev.planscore.org/plan.html?20260308T223624.769024074Z
WA,30,"SLDUST=""030""",33607.07,22138.05,1960.01,39597.68,24424.45,1949.21,29356.34,18343.72,3710.46,34047.03,21680.19,154.01,,,,28524.27,18956.7,0.0,31452.69,20231.11,0.0,,,,,26673.7,21449.5,,,,,24772.46,5997.91,26894.99,17663.77,,,79660.7589,21014.0292,53426.41,14540.06,11907.33,3903.44,156975,150069.45,47461.59,100079.12,30013.99,39644.01,25967.8,1737.05,4174.56,15229.76,14345.43,13627.23,13665.44,98788.78,33754.42,11060.83,9898.88,tl_2025_53_sldu.zip,https://dev.planscore.org/plan.html?20260308T223624.769024074Z
WA,31,"SLDUST=""031""",38521.26,44631.43,3097.39,38693.64,44863.88,2810.82,25545.08,31549.47,5174.18,38638.82,45227.76,155.06,,,,27054.53,33451.6,0.0,29863.41,33491.54,0.0,,,,,28375.07,20317.57,,,,,7680.81,3267.5,28560.44,16963.89,,,98829.1081,24800.9482,53850.83,13216.51,4306.14,2056.1,157062,149420.39,41727.91,101868.31,26553.88,43208.55,27044.99,3191.02,4827.25,5914.53,7530.53,2903.31,5491.42,112848.92,33051.24,7143.55,7090.23,tl_2025_53_sldu.zip,https://dev.planscore.org/plan.html?20260308T223624.769024074Z
WA,32,"SLDUST=""032""",61963.13,17843.47,3428.68,66476.5,18960.73,2585.91,52273.11,15477.33,4988.53,61753.18,19204.32,234.98,,,,51704.92,17561.65,0.0,54264.94,19127.14,0.0,,,,,48429.49,28910.48,,,,,24659.27,6497.64,18742.22,14138.42,,,94666.1703,23863.4914,62019.82,15318.24,14490.7,4172.85,157036,154240.05,43794.17,113876.43,31165.67,45133.62,30440.83,1816.32,4454.42,17569.74,14833.42,7118.43,9271.14,116853.91,33145.95,7804.27,7559.7,tl_2025_53_sldu.zip,https://dev.planscore.org/plan.html?20260308T223624.769024074Z
WA,33,"SLDUST=""033""",39550.36,17920.67,2334.12,46379.38,18754.89,1897.63,34331.95,14996.15,3475.13,40177.41,17490.66,195.02,,,,33265.17,15811.01,0.0,36207.61,16678.98,0.0,,,,,28106.71,19383.88,,,,,34016.24,7712.95,27021.55,16763.38,,,70039.0518,22800.7498,56833.85,14855.47,14847.38,4520.06,156821,152079.27,44919.7,104918.47,28775.71,41954.57,26519.79,1231.96,3538.45,14995.35,13226.91,14177.64,13028.71,99296.1,30635.36,10678.64,9278.01,tl_2025_53_sldu.zip,https://dev.planscore.org/plan.html?20260308T223624.769024074Z
WA,34,"SLDUST=""034""",72784.1,11723.11,3208.02,76756.11,12986.74,2202.91,61896.33,10567.08,4499.22,72379.09,13303.07,275.01,,,,61874.39,12590.5,0.0,62935.15,13708.67,0.0,,,,,57409.91,33446.15,,,,,24034.66,6689.39,18243.83,13991.49,,,93965.476,29128.3712,66498.87,16480.34,12102.44,4261.37,156743,155696.39,44852.99,117720.99,31800.93,38383.44,26591.62,1689.49,4326.17,13722.0,12650.43,9336.6,10776.12,114364.01,33485.21,9576.23,8813.99,tl_2025_53_sldu.zip,https://dev.planscore.org/plan.html?20260308T223624.769024074Z
WA,35,"SLDUST=""035""",45399.43,44778.68,3531.37,45590.28,46516.09,3499.05,32330.96,34932.96,6708.49,45829.3,45229.23,297.0,,,,34849.59,37096.71,0.0,38550.69,36623.29,0.0,,,,,30849.78,21731.55,,,,,6871.47,3431.83,29524.5,18684.79,,,75430.9888,20990.0212,60119.37,15632.97,3580.48,2120.51,158942,157124.95,45459.28,113442.97,30778.71,51209.24,31458.72,3396.39,5226.12,4750.38,6893.84,2772.28,5477.75,121342.3,34887.69,6904.33,6495.17,tl_2025_53_sldu.zip,https://dev.planscore.org/plan.html?20260308T223624.769024074Z
WA,36,"SLDUST=""036""",87706.13,7718.61,3481.71,91566.69,8640.73,2476.17,77811.63,7911.98,4886.98,86479.18,10589.32,248.99,,,,76540.23,10675.84,0.0,77016.84,13100.84,0.0,,,,,90994.92,48484.71,,,,,10150.97,3442.63,9020.78,10252.28,,,116072.17,38364.446,77871.3,20304.45,5180.84,2085.93,157171,160107.99,43562.38,125066.75,34321.75,27947.08,23112.15,1698.6,4618.05,12275.2,12221.55,3890.29,6845.88,120363.79,36065.33,7699.26,7534.69,tl_2025_53_sldu.zip,https://dev.planscore.org/plan.html?20260308T223624.769024074Z
WA,37,"SLDUST=""037""",66226.74,8620.12,3707.79,74036.84,8781.19,1797.43,58962.87,5077.73,3173.16,67764.56,8302.16,353.99,,,,58642.77,6360.19,0.0,59897.03,6509.07,0.0,,,,,57432.71,33923.72,,,,,30938.58,6502.83,18175.36,14877.41,,,93369.7818,29363.7461,63371.27,16323.4,19210.07,4384.18,156777,158807.21,47576.36,117963.13,34785.79,32567.18,25478.45,1205.39,3954.16,31020.97,19935.05,19611.43,17511.32,117069.71,36150.31,7941.68,7903.6,tl_2025_53_sldu.zip,https://dev.planscore.org/plan.html?20260308T223624.769024074Z
WA,38,"SLDUST=""038""",40834.66,27268.78,2734.0,43940.92,28235.82,2931.84,30973.11,21867.82,5182.21,41137.67,27240.74,204.0,,,,31191.67,21782.01,0.0,35116.61,24168.29,0.0,,,,,24526.41,18716.24,,,,,17765.33,5746.34,30940.64,19639.39,,,77982.4235,19669.0082,59475.46,14934.73,8833.97,3637.43,156597,155204.72,44321.81,108814.23,29914.29,48448.43,29776.36,4127.49,5466.83,9960.45,10950.13,4977.53,7442.27,111742.08,33055.63,10529.91,9212.22,tl_2025_53_sldu.zip,https://dev.planscore.org/plan.html?20260308T223624.769024074Z
WA,39,"SLDUST=""039""",38601.77,45238.21,3446.16,39667.53,45022.15,3440.63,26701.13,32051.0,6077.13,38703.55,44371.13,206.0,,,,28267.46,33818.57,0.0,31821.75,34466.45,0.0,,,,,22868.8,17439.07,,,,,6755.23,3165.47,31148.99,18536.82,,,79029.2448,24539.1678,53182.75,13295.51,3834.02,1996.22,157080,147381.13,40979.66,102308.84,27023.17,48117.78,27672.33,2067.53,4259.02,4632.39,6734.04,1842.65,4591.46,114397.35,33176.81,8758.08,7793.0,tl_2025_53_sldu.zip,https://dev.planscore.org/plan.html?20260308T223624.769024074Z
WA,40,"SLDUST=""040""",64488.88,26157.78,3750.85,65402.85,28695.35,3098.57,48531.49,23681.83,6215.31,62663.66,27207.5,222.99,,,,51686.8,26004.84,0.0,52231.84,27260.84,0.0,,,,,44120.74,22238.86,,,,,8018.35,2486.14,19749.49,11391.93,,,71607.5041,16115.811,63855.03,12215.79,3140.21,1432.35,157080,159521.12,34793.37,107227.46,21990.92,44192.57,22926.59,2435.45,4047.01,4955.41,6149.16,2010.62,4141.31,124651.12,26855.2,10761.94,7590.36,tl_2025_53_sldu.zip,https://dev.planscore.org/plan.html?20260308T223624.769024074Z
WA,41,"SLDUST=""041""",56422.76,20567.44,3516.16,62866.77,22286.86,2454.51,50523.5,19196.68,4560.06,55019.81,23457.36,192.0,,,,48057.33,22428.43,0.0,49411.62,25743.8,0.0,,,,,75216.68,34960.88,,,,,28718.46,5230.67,8552.67,8447.32,,,159661.7994,40259.987,55442.03,12243.46,14386.37,3411.02,157194,153216.3,38629.06,106725.2,25298.91,21851.27,16364.93,793.49,3263.62,26610.23,16483.53,2545.98,5259.54,97419.72,27291.04,4384.85,4873.3,tl_2025_53_sldu.zip,https://dev.planscore.org/plan.html?20260308T223624.769024074Z
WA,42,"SLDUST=""042""",49813.77,40638.13,3540.26,50056.88,40802.9,3032.64,34214.72,32098.01,5811.52,49994.72,42141.21,181.03,,,,37355.16,34219.96,0.0,38432.05,34478.5,0.0,,,,,30629.24,20612.28,,,,,6070.33,2452.81,27314.13,16143.18,,,68892.5191,18850.2642,60536.51,14442.71,2487.53,1182.44,156944,151986.31,39339.96,105070.22,26435.13,43089.33,27114.08,4422.54,4798.57,5685.79,7115.29,1650.97,3783.0,117175.35,29530.03,8902.62,7310.02,tl_2025_53_sldu.zip,https://dev.planscore.org/plan.html?20260308T223624.769024074Z
WA,43,"SLDUST=""043""",73305.74,5865.22,3734.65,78335.16,6208.72,2162.93,66980.08,5168.66,4018.98,72938.09,8003.97,328.94,,,,65872.6,6946.64,0.0,65998.18,9117.59,0.0,,,,,87648.75,50338.63,,,,,8414.51,2591.5,6522.87,8810.97,,,116225.1188,38123.6332,83662.2,21552.3,3792.96,1545.15,157133,150545.25,40820.41,115354.07,33672.69,23247.9,21557.52,1260.25,4243.5,19434.2,15947.43,6168.78,8820.81,119604.45,35526.99,7986.18,7694.07,tl_2025_53_sldu.zip,https://dev.planscore.org/plan.html?20260308T223624.769024074Z
WA,44,"SLDUST=""044""",46849.3,30232.4,3270.12,50544.85,32170.14,2936.77,37321.29,26191.34,5613.04,45963.25,32042.49,180.0,,,,36601.27,28493.17,0.0,39426.62,31642.16,0.0,,,,,46664.61,28009.88,,,,,15175.48,4184.5,20081.16,15421.04,,,121116.1724,30748.3899,54575.84,14256.15,8931.24,2961.87,157151,156768.22,47112.1,106588.32,30068.62,39813.97,27078.7,1448.37,3964.97,14143.7,12502.56,3076.79,6029.5,103578.4,32553.37,6649.72,7198.85,tl_2025_53_sldu.zip,https://dev.planscore.org/plan.html?20260308T223624.769024074Z
WA,45,"SLDUST=""045""",57562.41,21204.27,3869.67,61562.6,22736.46,2809.27,47963.47,20043.92,5206.01,56320.66,24209.91,271.99,,,,47072.75,23474.1,0.0,47412.41,26938.84,0.0,,,,,71518.31,34953.48,,,,,29544.21,6097.45,10124.01,8880.21,,,154877.9159,40149.2377,57475.21,13091.44,13586.31,3740.95,157231,154219.24,38815.39,107491.28,25933.81,25835.97,18938.61,1134.69,3696.0,16310.69,12667.66,1849.03,4460.55,99728.1,28768.48,5860.25,6204.17,tl_2025_53_sldu.zip,https://dev.planscore.org/plan.html?20260308T223624.769024074Z
WA,46,"SLDUST=""046""",77038.92,7825.24,3540.82,82608.19,8245.02,2479.69,69921.06,7065.92,4531.76,76630.74,9894.2,305.99,,,,68951.47,9210.19,0.0,70149.51,11175.82,0.0,,,,,77013.41,40770.97,,,,,14723.78,4011.38,9135.69,9407.29,,,114095.0341,31967.3305,68291.15,15975.09,7365.92,2707.37,157135,161589.86,42086.01,112777.01,30252.82,25892.12,21690.78,1423.8,4217.47,18263.34,15037.67,5111.22,7715.51,119784.28,34803.65,7467.48,6988.4,tl_2025_53_sldu.zip,https://dev.planscore.org/plan.html?20260308T223624.769024074Z
WA,47,"SLDUST=""047""",37365.46,27244.16,2479.35,43185.84,28709.17,2201.3,30457.13,21395.87,4190.22,38030.96,26773.7,163.92,,,,31608.05,23513.6,0.0,32611.42,24007.93,0.0,,,,,28743.84,20797.46,,,,,23915.12,6245.83,25873.59,17398.17,,,99120.1244,25107.3426,51136.88,13045.62,12215.7,3656.68,157002,150593.76,46098.49,100986.86,28544.92,40182.98,25914.52,1564.48,3858.51,18733.11,14324.17,9282.64,11009.6,100810.53,32410.75,7544.29,7271.53,tl_2025_53_sldu.zip,https://dev.planscore.org/plan.html?20260308T223624.769024074Z
WA,48,"SLDUST=""048""",44060.23,15883.12,2840.05,48760.26,16618.65,2102.72,38379.02,14246.52,3813.9,43157.23,17727.12,215.01,,,,36450.11,15657.66,0.0,37922.18,18855.14,0.0,,,,,79626.44,38393.07,,,,,37711.02,5877.24,8921.62,8747.91,,,146681.1575,44919.7568,64292.68,14935.42,12672.54,3308.58,157217,150388.15,38790.1,111563.51,28574.72,22960.87,18583.0,578.21,3009.75,19748.83,14709.28,2844.94,5668.82,88302.1,28272.94,5266.7,5749.92,tl_2025_53_sldu.zip,https://dev.planscore.org/plan.html?20260308T223624.769024074Z
WA,49,"SLDUST=""049""",44057.14,26234.8,2688.07,44696.98,27878.75,2674.54,29712.67,20712.0,4434.49,44173.1,25568.84,287.01,,,,32896.34,19772.34,0.0,33101.94,21623.04,0.0,,,,,28090.64,20505.91,,,,,16230.25,6360.19,27149.24,16235.98,,,65030.1169,15015.5388,60420.09,14124.43,7539.54,3659.82,156752,150283.76,40986.44,103389.63,26311.9,45742.71,26666.4,2185.26,4243.38,5666.33,7294.69,5659.28,7799.92,116268.64,31354.41,11578.37,9544.55,tl_2025_53_sldu.zip,https://dev.planscore.org/plan.html?20260308T223624.769024074Z
WY,1,"SLDUST=""001""",889.07,8572.23,0.0,799.21,8497.47,217.04,598.23,8027.93,471.98,,,,828.22,8408.53,51.04,727.34,5933.34,212.45,,,,,,,,2757.83,2409.94,,,,,329.43,262.45,4980.19,2412.82,,,55579.8686,27013.0777,7871.84,2012.17,109.34,118.92,18656,20060.91,5400.51,13856.8,3646.95,5844.47,3529.5,449.18,662.97,137.12,464.63,27.76,380.03,15743.04,4257.99,568.58,637.17,tl_2025_56_sldu.zip,https://dev.planscore.org/plan.html?20260308T223650.924314850Z
WY,2,"SLDUST=""002""",1214.01,7526.69,0.0,1207.33,7700.36,269.51,927.46,7120.87,635.23,,,,1463.14,7414.72,75.14,1110.57,5004.83,237.66,,,,,,,,2273.26,2111.77,,,,,327.96,243.38,4221.34,2356.03,,,87458.2613,14050.8523,7267.05,1860.45,86.52,104.46,18887,18552.38,4613.78,12586.24,3099.88,5684.64,3547.34,297.43,587.94,65.47,427.77,25.04,419.79,13520.11,3450.61,925.43,750.61,tl_2025_56_sldu.zip,https://dev.planscore.org/plan.html?20260308T223650.924314850Z
WY,3,"SLDUST=""003""",1518.98,7755.61,0.0,1611.0,7768.65,252.0,1232.99,7289.65,674.98,,,,1636.98,7793.68,32.0,1375.97,5908.77,215.99,,,,,,,,3220.85,2370.2,,,,,264.3,230.91,4326.26,2096.01,,,51110.7805,11831.2933,7949.53,1856.74,108.71,147.91,19500,20156.16,4663.71,14180.98,3122.48,6464.4,3556.01,373.45,671.64,81.9,519.57,165.13,571.63,15631.88,3227.08,941.41,905.31,tl_2025_56_sldu.zip,https://dev.planscore.org/plan.html?20260308T223650.924314850Z
WY,4,"SLDUST=""004""",3312.89,6072.65,0.0,3459.06,6353.7,365.13,2606.78,5851.26,923.11,,,,3210.74,6879.29,39.64,2848.02,5025.12,185.51,,,,,,,,5492.28,3373.95,,,,,177.92,135.37,2447.71,1580.91,,,98399.5623,18472.9031,7190.68,1670.55,120.4,102.18,17856,16994.53,4346.35,12648.2,2869.04,5363.84,3182.75,98.26,385.69,233.72,536.44,215.64,490.85,13606.92,3217.27,982.5,884.89,tl_2025_56_sldu.zip,https://dev.planscore.org/plan.html?20260308T223650.924314850Z
WY,5,"SLDUST=""005""",1956.81,4843.9,0.0,2086.25,4791.04,272.61,1511.41,3996.24,654.42,,,,2101.88,4966.11,38.67,1590.1,3085.57,152.56,,,,,,,,3006.33,2405.38,,,,,424.09,265.0,2563.96,1721.9,,,75699.0,17082.4421,6629.75,1967.24,161.32,135.29,18322,17984.33,5454.6,11084.54,3131.15,4979.33,3054.45,197.08,495.76,216.92,533.93,177.03,462.64,12683.55,3589.02,1621.54,1191.19,tl_2025_56_sldu.zip,https://dev.planscore.org/plan.html?20260308T223650.924314850Z
WY,6,"SLDUST=""006""",1618.0,8047.0,0.0,1697.96,7817.68,298.96,1295.85,6879.73,747.81,,,,1762.61,7953.28,25.95,1496.32,5618.87,228.21,,,,,,,,2915.78,2286.29,,,,,47.64,32.29,4190.34,2441.67,,,56329.7333,21266.5288,7311.26,1977.93,23.94,22.78,17857,18117.46,4957.19,12911.02,3367.74,5177.8,3311.2,213.89,481.12,58.19,384.45,109.48,463.92,13396.01,3533.59,942.24,1155.22,tl_2025_56_sldu.zip,https://dev.planscore.org/plan.html?20260308T223650.924314850Z
WY,7,"SLDUST=""007""",3238.12,4730.4,0.0,3506.45,4743.32,406.58,2787.09,4322.68,1037.13,,,,3489.36,5074.67,40.65,2871.55,3400.74,198.94,,,,,,,,3894.73,2753.79,,,,,374.73,279.93,3089.99,1956.91,,,71666.7294,17505.7146,7922.28,1856.35,211.2,187.51,18228,17930.4,4626.71,12732.02,3117.5,5548.5,3269.69,138.66,512.88,180.5,562.86,330.09,693.25,14302.74,3716.25,1729.12,1357.95,tl_2025_56_sldu.zip,https://dev.planscore.org/plan.html?20260308T223650.924314850Z
WY,8,"SLDUST=""008""",2464.96,3423.51,0.0,2898.19,3524.62,357.27,2279.17,3220.56,808.38,,,,2991.73,3697.57,36.97,2314.31,2218.56,168.34,,,,,,,,2837.74,2834.39,,,,,504.08,325.07,4067.46,2678.64,,,46235.8989,21211.9844,7930.22,2370.78,281.1,185.1,18581,18113.06,5915.71,12150.58,3706.19,4387.38,3336.25,322.47,737.92,335.89,795.56,374.12,829.8,14447.96,4331.31,2303.15,1586.39,tl_2025_56_sldu.zip,https://dev.planscore.org/plan.html?20260308T223650.924314850Z
WY,9,"SLDUST=""009""",4483.51,3234.75,0.0,5373.17,3424.14,517.78,4173.67,3117.03,1425.42,,,,5363.92,3777.33,34.97,4492.02,2503.78,245.13,,,,,,,,5551.27,3940.42,,,,,1534.76,659.13,845.89,956.3,,,50496.2682,12371.0243,7909.77,2266.93,305.57,220.48,18547,18505.23,4899.62,9312.18,3141.26,3433.41,2885.63,191.46,483.3,373.73,734.6,378.96,806.35,14996.21,4204.69,1424.84,1177.35,tl_2025_56_sldu.zip,https://dev.planscore.org/plan.html?20260308T223650.924314850Z
WY,10,"SLDUST=""010""",3887.48,5695.25,0.0,3718.83,5154.85,428.23,2716.33,4484.97,1142.58,,,,3674.08,5442.67,35.03,3083.98,3862.22,231.87,,,,,,,,6431.73,3948.58,,,,,400.25,254.87,2057.11,1648.7,,,81607.0,29179.6849,8227.23,2126.07,177.43,146.52,18519,20158.77,5543.38,12368.82,3487.74,3952.59,2816.37,180.54,523.7,293.26,673.4,127.04,601.66,15003.79,4102.31,1225.16,1028.65,tl_2025_56_sldu.zip,https://dev.planscore.org/plan.html?20260308T223650.924314850Z
WY,11,"SLDUST=""011""",1468.49,5980.78,0.0,1638.01,6130.67,266.81,1458.11,5600.58,801.08,,,,1658.48,6213.18,23.63,1575.32,4509.3,197.11,,,,,,,,2402.74,2059.91,,,,,1033.74,510.81,4835.09,2418.38,,,61005.928,22985.8213,7547.1,2059.61,297.3,233.51,18135,18590.25,5245.27,12786.9,3442.29,4927.95,3248.26,301.65,706.4,35.08,531.65,114.79,549.42,13582.07,3903.82,1822.81,1292.45,tl_2025_56_sldu.zip,https://dev.planscore.org/plan.html?20260308T223650.924314850Z
WY,12,"SLDUST=""012""",1543.11,4825.9,0.0,1621.99,4641.92,214.28,1373.61,4832.94,668.57,,,,1598.48,4731.17,15.74,1659.27,3436.69,188.16,,,,,,,,2229.01,2043.58,,,,,710.94,444.72,3954.05,2603.96,,,70395.7652,27003.2607,6755.21,1879.95,343.16,328.41,17737,17794.05,5183.7,11645.8,3407.92,5002.15,3298.21,169.31,486.83,195.79,540.9,286.07,629.91,12392.74,3604.66,1553.11,1204.96,tl_2025_56_sldu.zip,https://dev.planscore.org/plan.html?20260308T223650.924314850Z
WY,13,"SLDUST=""013""",1708.84,5373.77,0.0,1681.5,5267.23,249.49,1433.47,5047.19,809.66,,,,1732.72,5313.78,24.74,1735.13,3565.79,183.24,,,,,,,,2976.43,2238.8,,,,,775.16,535.88,3437.16,2138.92,,,74806.8519,27989.6173,6209.95,1622.9,254.77,208.63,17788,18445.55,4829.71,11688.15,3050.86,4866.77,2809.9,247.44,496.25,92.74,390.31,38.87,373.2,12251.44,3189.63,1315.77,974.4,tl_2025_56_sldu.zip,https://dev.planscore.org/plan.html?20260308T223650.924314850Z
WY,14,"SLDUST=""014""",1592.27,8023.44,0.0,1579.29,8090.31,281.46,1240.11,7037.95,792.12,,,,1603.77,8090.85,25.9,1401.08,5449.77,212.82,,,,,,,,3429.56,2769.26,,,,,626.16,463.6,4553.51,2669.97,,,72939.2533,24849.1195,8221.02,2199.63,163.76,133.44,18189,21129.52,5627.9,14534.7,3886.26,6759.01,3897.94,224.87,492.26,58.45,421.0,42.19,424.01,14789.88,3840.89,626.17,646.31,tl_2025_56_sldu.zip,https://dev.planscore.org/plan.html?20260308T223650.924314850Z
WY,15,"SLDUST=""015""",1456.29,6604.11,0.0,1481.2,6824.87,286.97,1110.7,5584.34,1021.57,,,,1483.56,6878.01,20.99,1275.21,4248.44,180.67,,,,,,,,2160.26,2058.46,,,,,,,4431.19,2731.76,,,85269.1354,38667.7961,6952.72,1922.9,,,18902,18124.64,5361.43,11570.44,3184.67,4655.11,3366.69,241.74,528.26,76.95,449.14,53.08,427.45,13203.86,3999.99,1020.14,832.88,tl_2025_56_sldu.zip,https://dev.planscore.org/plan.html?20260308T223650.924314850Z
WY,16,"SLDUST=""016""",2952.8,7699.72,0.0,3091.8,7256.07,319.73,2170.13,5610.69,1037.13,,,,2828.02,7681.27,21.89,2273.63,5048.01,179.38,,,,,,,,4096.58,3000.47,,,,,102.0,47.0,3691.98,2598.34,,,82207.5876,19322.0315,6751.48,2054.7,25.0,18.0,18978,18632.61,6083.48,12657.34,3956.41,5220.27,3519.58,146.9,378.95,76.73,374.4,65.95,413.95,13242.19,4177.26,544.28,577.82,tl_2025_56_sldu.zip,https://dev.planscore.org/plan.html?20260308T223650.924314850Z
WY,17,"SLDUST=""017""",7135.2,3263.28,0.0,7986.2,3468.93,405.26,5988.87,3112.31,1134.87,,,,7334.98,4303.73,29.11,6264.38,3036.99,180.62,,,,,,,,7971.42,5308.53,,,,,347.0,249.0,2188.02,2094.66,,,85951.0692,40954.8096,8207.52,2794.3,36.0,41.0,19170,18943.39,6615.52,14438.66,5020.59,4693.73,4081.42,106.1,490.05,222.27,683.6,115.05,469.05,14662.81,5295.74,696.72,874.18,tl_2025_56_sldu.zip,https://dev.planscore.org/plan.html?20260308T223650.924314850Z
WY,18,"SLDUST=""018""",2186.45,8356.48,0.0,2266.62,8135.27,276.29,1643.06,7221.64,867.41,,,,2033.73,8358.77,49.95,1714.16,5739.34,190.76,,,,,,,,4799.82,3470.48,,,,,118.21,90.3,3271.04,2163.93,,,58053.6094,21379.7602,7814.29,2073.97,80.6,71.56,18050,17662.83,5146.29,13071.96,3440.11,4826.09,3157.36,118.21,451.9,138.05,448.24,59.0,405.55,14611.84,3981.96,473.71,644.13,tl_2025_56_sldu.zip,https://dev.planscore.org/plan.html?20260308T223650.924314850Z
WY,19,"SLDUST=""019""",1474.31,7327.47,0.0,1560.83,7225.03,307.53,1217.9,6028.49,982.56,,,,1493.01,7419.34,25.79,1223.54,5070.69,168.44,,,,,,,,3198.96,2397.56,,,,,402.28,240.38,3335.46,1898.36,,,59758.2832,17884.6229,7109.8,1765.03,206.25,157.37,18293,18365.17,4735.68,12167.91,2934.07,5100.88,2913.17,184.56,405.61,84.74,402.9,59.0,382.24,13795.18,3349.25,1004.09,860.28,tl_2025_56_sldu.zip,https://dev.planscore.org/plan.html?20260308T223650.924314850Z
WY,20,"SLDUST=""020""",1510.33,7781.68,0.0,1530.79,7844.61,295.22,1237.24,7088.45,878.25,,,,1568.47,7917.85,22.27,1373.46,6137.82,224.93,,,,,,,,3125.91,2322.09,,,,,223.69,185.47,3642.84,1930.27,,,52854.7788,13953.419,7958.63,1845.95,79.23,104.17,17793,18154.68,4137.73,13183.26,2894.9,6049.36,3149.17,388.68,662.23,49.21,467.69,48.0,489.04,13947.51,3134.57,1000.88,779.22,tl_2025_56_sldu.zip,https://dev.planscore.org/plan.html?20260308T223650.924314850Z
WY,21,"SLDUST=""021""",2700.74,7797.08,0.0,2771.98,7613.46,341.31,1963.58,6575.33,847.9,,,,2582.23,7919.39,46.2,2131.18,5403.85,181.47,,,,,,,,4254.5,2822.82,,,,,275.06,228.2,3849.89,2175.63,,,54561.6498,18595.3433,8623.61,2133.3,104.62,108.75,19670,19312.43,4860.12,13862.64,3414.88,6665.48,3987.7,326.94,641.97,85.39,478.29,120.17,443.81,15912.24,3849.48,634.85,728.89,tl_2025_56_sldu.zip,https://dev.planscore.org/plan.html?20260308T223650.924314850Z
WY,22,"SLDUST=""022""",2066.26,8179.92,0.0,2168.02,8110.54,336.69,1601.43,7167.67,771.1,,,,2100.77,8288.61,26.8,1795.82,5999.16,182.53,,,,,,,,4399.5,3230.18,,,,,263.94,169.8,3680.11,2346.37,,,71314.9579,34634.4255,8631.39,2203.7,193.38,139.25,19698,19602.57,4977.88,13873.36,3394.12,6792.52,4208.3,285.06,644.03,146.61,521.71,18.83,388.19,15432.76,4018.52,558.15,695.11,tl_2025_56_sldu.zip,https://dev.planscore.org/plan.html?20260308T223650.924314850Z
WY,23,"SLDUST=""023""",681.91,6731.48,0.0,645.47,7163.11,267.86,396.87,6468.28,411.14,,,,685.93,7112.46,49.41,521.22,4493.53,168.8,,,,,,,,2470.22,2157.05,,,,,277.54,190.9,4163.64,2320.93,,,77368.454,21637.2075,6706.4,1738.81,134.73,137.32,18794,18973.3,5128.36,12131.21,3182.32,5303.88,3140.37,224.54,443.14,73.98,322.19,85.72,321.37,11934.24,3427.99,655.98,678.55,tl_2025_56_sldu.zip,https://dev.planscore.org/plan.html?20260308T223650.924314850Z
WY,24,"SLDUST=""024""",1003.05,5821.68,0.0,975.31,6299.77,279.11,706.9,5907.14,474.91,,,,920.87,6382.33,39.55,823.47,4240.36,163.76,,,,,,,,2298.11,2080.81,,,,,527.72,387.74,3962.91,2440.23,,,68709.2042,20369.8149,6820.23,2078.29,206.22,216.85,19060,17889.63,5869.41,11204.02,3427.26,4616.26,3199.11,291.83,606.25,40.0,413.61,103.39,439.97,13075.85,4477.94,754.04,828.97,tl_2025_56_sldu.zip,https://dev.planscore.org/plan.html?20260308T223650.924314850Z
WY,25,"SLDUST=""025""",3500.1,4421.92,0.0,3797.17,4491.23,305.2,2868.83,4075.54,906.29,,,,3632.23,4727.92,14.42,3197.4,3603.35,164.9,,,,,,,,3398.63,1932.25,,,,,178.53,120.95,3696.1,1692.19,,,57765.9896,20302.6278,6782.17,1310.04,149.86,105.92,19167,19328.5,3589.49,12557.33,2317.21,5203.78,2283.71,3785.26,1181.13,63.3,380.32,114.54,430.48,13965.18,2582.02,531.8,430.9,tl_2025_56_sldu.zip,https://dev.planscore.org/plan.html?20260308T223650.924314850Z
WY,26,"SLDUST=""026""",1652.81,6822.45,0.0,1694.59,7173.86,264.77,1303.98,6784.89,730.5,,,,1716.57,7244.13,21.57,1496.44,5377.8,223.97,,,,,,,,3156.69,2244.62,,,,,212.3,145.9,4174.57,2106.26,,,50507.8322,21084.2542,7776.12,1511.01,109.05,101.98,19382,19764.81,4414.8,13652.54,2716.71,6111.9,3206.59,1481.3,1162.13,151.7,498.85,111.46,525.69,15010.29,3090.2,812.52,684.48,tl_2025_56_sldu.zip,https://dev.planscore.org/plan.html?20260308T223650.924314850Z
WY,27,"SLDUST=""027""",2156.53,5722.16,0.0,2163.11,5747.0,315.61,1641.21,5399.87,741.69,,,,2220.21,5797.19,36.91,1754.59,3820.49,167.84,,,,,,,,3603.26,2506.95,,,,,271.43,227.67,3128.24,2029.66,,,57237.9814,13551.9155,7808.92,1887.11,93.49,109.62,18372,17283.37,4341.91,11962.74,2839.98,4840.96,3301.96,124.41,394.12,169.44,507.95,175.54,494.39,13554.02,3384.19,901.29,803.82,tl_2025_56_sldu.zip,https://dev.planscore.org/plan.html?20260308T223650.924314850Z
WY,28,"SLDUST=""028""",2269.54,4634.56,0.0,2457.81,4969.79,370.4,1852.17,4725.42,846.25,,,,2593.18,5015.81,35.3,2066.62,3244.68,174.94,,,,,,,,3330.49,2486.58,,,,,175.66,155.97,3385.57,2321.7,,,57674.0993,13599.1103,8126.83,2181.02,96.93,119.46,18302,18553.67,5174.0,12451.26,3537.12,6350.33,4535.48,309.9,569.92,210.23,564.88,185.94,521.5,14310.84,4076.16,993.23,853.17,tl_2025_56_sldu.zip,https://dev.planscore.org/plan.html?20260308T223650.924314850Z
WY,29,"SLDUST=""029""",2170.94,6255.7,0.0,2131.25,6316.21,376.5,1747.42,5936.82,820.66,,,,2297.84,6303.18,52.91,1945.34,4250.98,218.27,,,,,,,,3266.27,2176.41,,,,,513.55,469.47,3979.5,2230.57,,,53535.8872,19193.5886,8176.98,1869.01,267.99,293.72,18910,20149.23,5056.94,13648.91,3245.38,6826.09,3999.62,292.51,575.8,60.09,428.6,174.82,533.03,14673.66,3640.73,1069.96,947.48,tl_2025_56_sldu.zip,https://dev.planscore.org/plan.html?20260308T223650.924314850Z
WY,30,"SLDUST=""030""",1370.97,6287.89,0.0,1431.51,6454.64,260.98,1076.74,5889.01,641.18,,,,1663.64,6245.1,37.74,1241.87,3997.02,185.29,,,,,,,,2217.72,1600.3,,,,,543.4,406.5,4666.36,2349.02,,,75670.0,15355.0,6977.22,1466.4,186.07,137.73,19235,19370.35,4237.37,13361.85,3023.65,6378.98,3267.59,226.74,459.22,148.78,441.8,79.66,379.28,14166.37,3302.32,857.09,778.92,tl_2025_56_sldu.zip,https://dev.planscore.org/plan.html?20260308T223650.924314850Z
WY,31,"SLDUST=""031""",2342.21,4819.54,0.0,2459.09,4558.64,308.45,1811.71,4013.53,751.15,,,,2494.68,4748.07,40.12,1847.69,2974.15,168.44,,,,,,,,3531.14,2890.21,,,,,151.54,133.34,3365.54,2390.97,,,90541.9044,28725.2327,7063.81,2019.15,75.04,85.14,18273,18704.22,5944.43,12536.64,3902.38,5293.15,3505.66,150.65,429.62,210.77,518.76,630.63,852.55,14617.82,4405.57,2400.45,1541.35,tl_2025_56_sldu.zip,https://dev.planscore.org/plan.html?20260308T223650.924314850Z
TX,1,"SLDUST=""001""",90868.35,309036.04,3415.05,98798.0,292903.0,4658.0,80023.0,253423.0,10166.0,94046.45,299135.76,7218.2,94710.0,290331.0,7280.0,76780.0,220801.0,1826.0,,,,,,,,132552.0,119587.0,,,,,43863.0,20769.0,191976.0,121220.0,,,52598.6534,17897.1815,334193.0,97748.0,13228.0,9717.0,923466,925211.0,297398.0,621905.0,190018.0,271712.0,184186.0,9556.0,25922.0,6293.0,27152.0,112390.0,92411.0,673455.0,209786.0,65743.0,58450.0,tl_2025_48_sldu.zip,https://dev.planscore.org/plan.html?20260308T223620.310567275Z
TX,2,"SLDUST=""002""",158003.08,240446.88,7189.01,161144.19,220727.04,5690.25,109943.72,182702.77,13109.55,167663.08,225496.88,8258.01,150115.61,225390.97,9457.94,122337.45,164151.89,2221.45,,,,,,,,183645.93,123019.42,,,,,98145.78,27869.56,142072.75,89817.93,,,66874.7846,20915.7527,308970.3,79427.31,38144.93,15043.85,957994,908124.92,264214.25,595190.73,164794.32,229912.12,148308.97,5753.06,18539.91,42799.76,44983.73,97615.96,80502.24,647505.24,187142.44,124409.66,81728.19,tl_2025_48_sldu.zip,https://dev.planscore.org/plan.html?20260308T223620.310567275Z
TX,3,"SLDUST=""003""",91397.66,297503.96,2834.94,102393.93,286946.59,4142.0,87645.95,244954.68,8679.99,95041.55,286243.25,6801.8,98585.93,282553.61,7335.99,81128.95,213409.74,1610.0,,,,,,,,109226.8,110045.36,,,,,47009.22,22781.65,229235.24,135591.31,,,49925.6206,17499.8603,350000.61,106546.81,14736.35,10899.46,962222,965897.07,308036.88,651276.04,197628.28,265996.85,179787.94,10227.61,28395.81,8995.91,30357.48,118910.44,87469.06,697275.32,217640.11,78763.98,61820.68,tl_2025_48_sldu.zip,https://dev.planscore.org/plan.html?20260308T223620.310567275Z
TX,4,"SLDUST=""004""",137852.21,283693.25,4551.01,136184.74,260880.07,5503.01,93445.96,210182.96,14132.61,144494.22,270977.24,9040.02,126499.65,261769.08,9539.05,97328.8,189675.11,2055.08,,,,,,,,187939.74,136398.26,,,,,43255.07,15231.97,142510.21,106340.36,,,75881.9583,23665.9684,318462.82,95416.71,17055.08,8349.48,954803,911766.53,309878.84,592632.74,188817.26,245969.65,180262.49,4738.21,18540.96,21930.63,34713.07,87391.27,78332.39,650088.9,212747.78,134485.77,92528.41,tl_2025_48_sldu.zip,https://dev.planscore.org/plan.html?20260308T223620.310567275Z
TX,5,"SLDUST=""005""",162229.0,262437.0,6588.0,157053.88,229049.5,8072.84,99231.12,177766.45,18299.26,166826.0,249558.0,11112.0,146493.05,231094.47,10164.55,117277.76,167455.53,2837.76,,,,,,,,182197.17,128296.64,,,,,39307.93,16271.36,153347.66,103421.88,,,63074.0795,20598.2689,300254.26,86453.85,12770.15,7451.92,931924,892027.31,271250.01,568555.6,174410.55,210104.99,151758.58,6772.64,21715.59,21502.09,33840.91,74443.25,67500.13,692513.52,200167.57,142534.84,87758.94,tl_2025_48_sldu.zip,https://dev.planscore.org/plan.html?20260308T223620.310567275Z
TX,6,"SLDUST=""006""",115747.28,79118.03,2530.0,145881.03,72175.91,2791.03,127881.68,47823.66,6800.07,121767.28,66684.03,6123.01,136648.96,70265.92,6897.05,117014.7,41759.69,1015.02,,,,,,,,73387.98,84264.08,,,,,187539.75,41115.78,171790.59,118205.28,,,48476.5229,16937.5025,306220.25,96005.68,54715.77,20229.94,959881,977917.2,356459.47,582159.29,202132.26,177022.73,145177.84,2195.27,20007.37,15917.04,32262.89,94095.89,81486.34,494940.43,201180.24,292398.09,153319.41,tl_2025_48_sldu.zip,https://dev.planscore.org/plan.html?20260308T223620.310567275Z
TX,7,"SLDUST=""007""",157036.22,242211.14,7275.0,168146.64,233847.82,5707.95,111314.33,186783.44,14897.25,166152.25,228294.11,10561.01,154788.79,238794.7,9748.94,120430.97,170622.16,2196.45,,,,,,,,245278.72,161366.99,,,,,51695.78,14423.78,113825.92,91621.76,,,95943.7417,27006.2289,309904.54,94964.17,26088.61,9037.49,954011,921989.24,322433.81,591893.61,196790.32,220940.8,167356.53,3578.67,16581.57,54246.19,58404.79,85677.58,85492.64,611261.63,212978.23,147997.36,103857.79,tl_2025_48_sldu.zip,https://dev.planscore.org/plan.html?20260308T223620.310567275Z
TX,8,"SLDUST=""008""",188439.0,277207.0,13371.0,191637.5,245373.64,8001.84,117840.34,195693.29,19939.67,200830.0,262017.0,10413.0,171806.87,253302.78,10220.23,138359.91,181310.85,2667.58,,,,,,,,282386.15,161469.25,,,,,78110.47,21266.83,108148.24,80273.14,,,88875.377,26645.4911,312098.15,82784.69,35248.86,12526.41,963125,910507.58,267867.47,599657.88,170156.75,201522.53,140181.59,6085.72,18794.15,69020.0,60549.12,75349.52,72997.49,669403.33,194492.08,84169.56,65101.25,tl_2025_48_sldu.zip,https://dev.planscore.org/plan.html?20260308T223620.310567275Z
TX,9,"SLDUST=""009""",161558.88,230777.71,5516.92,165771.99,216994.29,6711.39,109632.5,178853.0,16516.43,169858.84,217187.63,9939.95,152308.79,223032.33,11086.33,124955.88,159478.3,2475.25,,,,,,,,204203.83,137380.89,,,,,81659.47,25994.98,146138.77,103118.37,,,71661.4975,20879.4727,327892.94,90787.39,29611.9,13462.55,964108,941786.94,298969.23,611765.34,185746.64,229701.48,159664.71,6175.59,20300.1,30797.07,41570.26,72090.6,71303.4,647375.96,206922.15,139084.06,93583.3,tl_2025_48_sldu.zip,https://dev.planscore.org/plan.html?20260308T223620.310567275Z
TX,10,"SLDUST=""010""",147359.23,228882.55,4737.0,155283.19,214443.66,5263.68,114695.36,180248.44,13129.41,154655.24,216285.52,8715.02,145342.12,217417.38,9061.52,121260.37,162772.52,2228.09,,,,,,,,155113.55,113661.27,,,,,75275.74,27320.75,172812.52,107303.94,,,55465.1776,18116.0633,318840.22,82645.06,25273.15,13719.44,935869,915826.72,273637.41,592355.69,167618.57,225619.47,146530.82,6018.78,19766.58,16012.14,31408.63,111210.8,82980.13,653236.36,197907.47,134915.25,90148.39,tl_2025_48_sldu.zip,https://dev.planscore.org/plan.html?20260308T223620.310567275Z
TX,11,"SLDUST=""011""",157076.11,238875.17,5850.0,160000.83,228250.48,6156.18,113827.0,183108.13,13983.28,164828.12,225136.15,10266.01,149652.07,230034.31,9901.39,119418.84,165590.83,2212.07,,,,,,,,195451.4,147630.44,,,,,51469.48,20677.11,134582.43,96358.44,,,76515.4849,23475.7578,315240.25,95808.71,23232.15,11465.62,917878,885110.46,297266.57,585882.11,186299.17,231829.37,163522.63,4533.32,20060.03,37682.42,45957.33,91275.95,78793.01,642942.09,204262.79,154680.82,100686.24,tl_2025_48_sldu.zip,https://dev.planscore.org/plan.html?20260308T223620.310567275Z
TX,12,"SLDUST=""012""",186862.83,272951.51,8768.14,199029.59,253609.34,6932.23,131768.38,209047.87,18282.02,197110.92,260769.52,9630.11,177989.33,268148.74,10563.22,150843.34,196423.4,2904.18,,,,,,,,320985.47,165372.61,,,,,119562.43,33383.01,109741.92,79189.52,,,102025.0708,24486.6965,355879.55,84256.02,49850.83,18890.57,960922,944396.62,251279.06,652086.68,166523.24,221214.07,145061.35,5734.48,19327.7,56650.51,52249.58,62709.84,62396.99,657160.05,180338.43,97232.57,68285.84,tl_2025_48_sldu.zip,https://dev.planscore.org/plan.html?20260308T223620.310567275Z
TX,13,"SLDUST=""013""",191367.72,66525.96,4170.0,226742.89,60289.41,3239.99,191121.05,40295.32,7091.28,194153.72,58229.97,6307.99,213678.72,61692.93,7576.9,177174.32,38481.86,1212.0,,,,,,,,166872.25,134623.81,,,,,125174.4,29511.51,155317.25,111438.82,,,51156.6992,18461.9423,328802.0,101387.0,43381.72,15105.19,946273,940237.41,325664.62,599061.53,200074.07,199103.43,155483.74,2233.0,19515.92,51904.31,51475.71,261930.45,151232.34,541959.35,201215.55,132834.57,93510.28,tl_2025_48_sldu.zip,https://dev.planscore.org/plan.html?20260308T223620.310567275Z
TX,14,"SLDUST=""014""",315745.0,112660.0,11134.0,345959.58,108885.55,10188.78,249858.57,88720.41,26286.59,322028.0,103196.0,10253.0,325056.46,121016.47,11918.29,288990.94,82381.07,4024.33,,,,,,,,352649.0,201155.27,,,,,30317.36,11887.88,98518.96,82029.27,,,89002.5401,25647.6158,375569.67,101245.69,11089.82,5981.39,956417,942972.15,288799.96,655544.54,195363.28,191934.16,150879.77,4596.34,20715.66,49530.87,53286.7,69622.12,70177.23,689799.8,208490.42,166662.1,104557.21,tl_2025_48_sldu.zip,https://dev.planscore.org/plan.html?20260308T223620.310567275Z
TX,15,"SLDUST=""015""",207855.81,122587.92,5828.0,230941.95,119682.05,5084.91,176443.32,92221.82,14701.75,214583.8,112445.93,8284.99,214623.35,127718.89,8883.79,179507.27,86588.93,2093.97,,,,,,,,249256.8,169008.11,,,,,88149.31,23841.39,127107.5,97137.27,,,75811.9872,25752.2252,355340.91,103869.15,34618.9,12137.31,947818,952441.01,324526.86,631866.36,206265.76,195179.1,154503.97,3024.83,20168.54,48235.49,54662.18,145005.36,108912.01,596795.88,207297.35,171558.19,111560.79,tl_2025_48_sldu.zip,https://dev.planscore.org/plan.html?20260308T223620.310567275Z
TX,16,"SLDUST=""016""",154609.5,105483.17,6970.94,187870.82,99542.47,4436.02,144153.75,85506.34,10717.03,161742.43,94544.25,6552.95,175219.78,107649.53,7865.02,152916.95,77599.45,1816.01,,,,,,,,184862.76,128615.92,,,,,178678.51,39949.19,137634.48,93685.51,,,61701.1445,19232.6232,350224.21,95199.38,41910.02,16778.32,963453,972242.47,313712.54,611839.67,189090.02,186204.95,141794.14,3907.0,20146.95,27377.73,39105.03,108292.8,91867.65,523269.46,182872.47,169955.54,101699.54,tl_2025_48_sldu.zip,https://dev.planscore.org/plan.html?20260308T223620.310567275Z
TX,17,"SLDUST=""017""",145020.86,232878.67,7386.01,156536.35,225317.53,5331.88,113105.25,184275.18,13683.45,152009.83,221679.71,8896.99,142260.96,231133.34,7970.83,116438.85,170955.8,2136.94,,,,,,,,265978.04,170182.27,,,,,84827.85,26304.65,114806.88,86125.42,,,68409.9113,24926.9963,328632.6,95457.73,35564.7,14473.47,912711,896954.51,286605.38,600728.62,184143.88,203429.95,154074.25,3630.21,19509.92,57891.39,55707.64,81555.17,80288.77,596478.76,197047.61,134708.81,92698.08,tl_2025_48_sldu.zip,https://dev.planscore.org/plan.html?20260308T223620.310567275Z
TX,18,"SLDUST=""018""",148752.8,263787.84,8690.98,158207.36,234396.59,5051.04,110402.22,180221.45,10371.3,156821.79,247919.86,10499.99,146904.29,233718.69,8191.04,114122.11,166652.56,1789.48,,,,,,,,182834.27,135020.69,,,,,60548.14,17808.16,160600.98,105349.35,,,60770.9099,20699.5105,304226.03,92165.05,28894.71,9565.04,945180,921112.58,301483.57,598434.7,188041.0,222747.11,165186.6,5853.88,21257.88,71035.63,61199.9,103025.9,87310.45,657886.65,213142.34,164231.4,104669.31,tl_2025_48_sldu.zip,https://dev.planscore.org/plan.html?20260308T223620.310567275Z
TX,19,"SLDUST=""019""",166872.0,162245.0,4113.0,175549.73,134439.17,4567.92,129457.28,92936.66,11915.29,173408.01,142614.0,8656.99,162870.75,133815.19,9118.93,125698.98,85292.46,1940.54,,,,,,,,115236.83,89564.47,,,,,92863.5,33568.94,151030.91,101379.65,,,47604.4463,17981.3285,258382.66,72673.61,39392.6,17873.35,911273,866567.93,276689.98,534467.72,169692.42,192791.92,134423.65,3918.11,18167.42,13948.37,26941.27,52223.7,49415.75,609694.14,191643.05,371563.11,155427.52,tl_2025_48_sldu.zip,https://dev.planscore.org/plan.html?20260308T223620.310567275Z
TX,20,"SLDUST=""020""",121107.39,131929.33,2365.99,144899.96,118937.52,3101.95,129296.35,78123.18,8579.81,126765.32,118062.49,6146.97,134392.34,114575.88,8550.73,117331.87,71945.21,1194.99,,,,,,,,116377.54,110705.32,,,,,46040.67,16661.86,145131.2,109525.02,,,44145.137,18471.5403,291406.79,96335.77,14719.87,7787.4,920148,929122.23,346951.41,554541.52,198275.47,199300.25,162147.41,1840.77,20501.68,8499.14,26840.98,12585.33,30279.3,551638.48,204315.19,425885.86,184374.64,tl_2025_48_sldu.zip,https://dev.planscore.org/plan.html?20260308T223620.310567275Z
TX,21,"SLDUST=""021""",158224.74,148362.8,4070.99,174869.64,123161.35,4887.09,135841.39,80047.97,11608.81,164068.72,130056.81,8447.98,165731.6,117049.33,10015.08,142170.17,75709.09,1933.31,,,,,,,,127269.75,104456.57,,,,,101977.5,29327.24,149111.74,100284.56,,,50391.498,17722.7419,285063.42,83588.62,30033.37,13403.11,907942,896425.84,292282.48,545787.24,175048.04,184359.09,137345.83,3838.62,19832.8,10449.94,25977.91,25999.3,37556.17,586194.65,189575.2,351361.62,152184.54,tl_2025_48_sldu.zip,https://dev.planscore.org/plan.html?20260308T223620.310567275Z
TX,22,"SLDUST=""022""",140886.71,252401.14,5158.96,147838.77,232509.12,5865.38,104438.51,191189.75,13541.01,148391.65,239874.24,8627.93,138008.3,233621.15,9855.76,111707.23,174045.61,2192.3,,,,,,,,165283.93,120421.11,,,,,80161.72,27256.83,160822.84,100366.7,,,58498.4366,16654.2761,333837.34,86549.48,31537.12,14747.23,960493,944157.56,277290.8,604382.72,168088.72,242750.07,157238.54,5875.51,20236.71,23173.58,35373.19,110830.55,86256.16,673847.45,194657.65,122761.69,82020.57,tl_2025_48_sldu.zip,https://dev.planscore.org/plan.html?20260308T223620.310567275Z
TX,23,"SLDUST=""023""",226026.36,81422.47,5381.01,264127.55,72136.15,4446.66,211389.62,56779.5,8602.04,231364.4,70619.43,7139.01,252492.01,77189.08,9352.27,210897.01,51881.51,1618.72,,,,,,,,158438.95,119498.41,,,,,105282.03,30787.68,160736.56,105237.87,,,54946.4979,17067.2279,342633.29,93299.21,27779.18,13241.7,963305,966951.99,308195.77,612626.82,184345.74,230126.67,157540.9,3568.78,18788.56,19741.84,30591.01,268701.65,144373.24,610930.1,204142.6,166326.29,105403.88,tl_2025_48_sldu.zip,https://dev.planscore.org/plan.html?20260308T223620.310567275Z
TX,24,"SLDUST=""024""",149560.0,251573.0,6061.0,157366.72,234228.49,7619.41,103385.37,185763.44,18006.83,154552.0,238638.0,10306.0,147703.04,236479.86,9970.52,114550.55,171257.74,2805.22,,,,,,,,176431.72,126488.62,,,,,39996.34,17060.5,154953.71,102421.13,,,62209.489,18624.917,323402.35,88153.45,18826.6,9888.26,961334,924986.58,276476.11,604330.76,174201.31,267649.66,173024.9,7889.52,22288.02,26488.04,36652.73,87047.54,74097.48,697681.07,196493.09,155599.59,90095.87,tl_2025_48_sldu.zip,https://dev.planscore.org/plan.html?20260308T223620.310567275Z
TX,25,"SLDUST=""025""",202871.27,318266.2,7516.01,199480.82,289985.26,7867.02,123414.35,224137.11,21202.66,210068.27,303297.19,11365.02,180547.36,300963.06,10931.7,143956.4,214806.8,3437.85,,,,,,,,269659.8,150243.93,,,,,41034.32,17745.34,103934.75,75395.42,,,94791.1065,28392.872,300815.85,75576.99,22411.18,10778.21,916282,837710.54,236661.01,570943.63,153324.36,205403.43,137604.84,5189.74,17814.2,24266.7,33019.77,34823.24,43999.7,682437.39,186034.38,171495.02,93835.9,tl_2025_48_sldu.zip,https://dev.planscore.org/plan.html?20260308T223620.310567275Z
TX,26,"SLDUST=""026""",180425.0,113341.0,4558.0,212214.85,109096.82,5406.96,162288.09,87756.02,15538.56,184386.0,99055.0,7433.0,195717.94,112880.76,10259.95,161540.35,76634.35,2268.99,,,,,,,,150608.19,121103.62,,,,,141360.92,51543.41,171742.21,120112.87,,,48738.6951,16939.1681,329907.87,91833.13,50988.88,24145.88,923790,982989.71,331205.86,635116.52,207019.68,249153.01,177054.94,3515.14,20997.75,16016.29,32770.4,55992.85,62110.21,643332.4,214952.48,397882.39,176367.75,tl_2025_48_sldu.zip,https://dev.planscore.org/plan.html?20260308T223620.310567275Z
TX,27,"SLDUST=""027""",115487.5,147764.51,2389.96,136702.0,124351.07,3118.97,126291.45,80561.29,8604.01,123391.22,130502.97,6412.9,128454.9,118176.08,8074.04,106843.73,75536.23,1234.98,,,,,,,,93397.46,97779.68,,,,,84353.33,23272.14,146636.8,107606.98,,,43743.3803,17258.9844,274392.21,92505.23,27322.13,11347.6,922151,916309.77,346839.59,543082.48,194567.53,184065.75,147657.59,2524.23,21806.32,3855.86,23245.02,8043.67,26954.7,543796.52,203334.81,424123.14,184343.36,tl_2025_48_sldu.zip,https://dev.planscore.org/plan.html?20260308T223620.310567275Z
TX,28,"SLDUST=""028""",83987.0,267014.0,3471.99,90670.04,255237.0,5273.01,67326.01,218411.02,13507.01,87377.0,256711.0,8228.99,83328.03,254143.01,8932.0,71915.04,192676.95,2079.01,,,,,,,,141301.82,117744.44,,,,,44383.16,22534.49,171684.36,108815.96,,,53435.4694,16037.4314,335278.7,93296.14,16136.47,11630.88,909503,911832.62,271847.19,577555.56,165256.85,230198.23,155807.7,6800.11,24379.49,9274.45,30329.11,42155.03,52478.37,664061.52,193703.92,193178.17,107844.02,tl_2025_48_sldu.zip,https://dev.planscore.org/plan.html?20260308T223620.310567275Z
TX,29,"SLDUST=""029""",149479.0,115462.0,3925.0,185727.0,94784.0,4487.0,155441.01,63267.0,13369.01,148295.0,102522.0,10535.99,172232.0,89829.0,14810.0,158648.0,57885.0,1341.0,,,,,,,,130353.53,115147.87,,,,,149589.12,35734.33,129950.05,99557.23,,,48770.3502,15820.8969,291643.93,92484.65,69861.4,21751.88,918000,892791.94,317974.59,552039.98,188202.35,213556.76,159714.5,3245.89,22237.56,7452.7,26457.31,21424.0,37377.32,583192.03,208984.81,458894.32,190286.27,tl_2025_48_sldu.zip,https://dev.planscore.org/plan.html?20260308T223620.310567275Z
TX,30,"SLDUST=""030""",165821.42,294646.56,7380.02,159964.44,259119.7,6663.53,95190.87,203310.34,15453.85,174852.45,280299.54,9947.02,146982.24,262523.43,10765.73,114448.87,183145.76,2401.41,,,,,,,,227564.6,142293.69,,,,,63589.68,21305.66,132598.54,90073.05,,,69811.518,21091.0014,327743.31,86281.32,25583.52,10970.04,965445,931759.57,268516.27,603129.91,170933.15,233053.4,153427.27,8707.97,21313.84,43810.92,44828.35,69815.26,69452.32,691944.54,196965.78,93466.22,68375.02,tl_2025_48_sldu.zip,https://dev.planscore.org/plan.html?20260308T223620.310567275Z
TX,31,"SLDUST=""031""",56601.0,241907.0,2793.01,62281.0,239265.99,4300.0,51767.0,200743.0,9971.0,59605.01,232580.01,6332.0,57755.01,236865.0,7196.0,49621.0,173532.99,1713.0,,,,,,,,115432.0,105487.0,,,,,95671.0,36171.0,170532.0,116627.0,,,61990.7234,17861.4353,310810.0,97339.0,29559.0,17015.0,907784,907314.0,304355.0,569010.0,180811.0,218500.0,158668.0,7519.0,25951.0,8422.0,28929.0,31743.0,45951.0,588025.0,195313.0,219221.0,126711.0,tl_2025_48_sldu.zip,https://dev.planscore.org/plan.html?20260308T223620.310567275Z
WI,1,"SLDUST=""001""",44853.81,68129.83,1633.18,42463.25,64125.31,1711.15,34903.65,54064.57,5510.39,44977.15,66330.5,2502.89,,,,39892.64,44850.18,43.93,33890.09,56954.63,3267.23,,,,,34667.38,16827.15,,,,,3645.97,2233.84,40889.91,14442.88,,,70250.0395,11549.1007,70779.37,11291.03,2063.68,1403.28,178600,172585.8,28291.28,122376.52,19513.27,40707.88,20153.24,1300.44,3200.98,2154.89,4433.96,1140.12,3504.17,138360.27,25226.48,3315.53,3797.54,tl_2025_55_sldu.zip,https://dev.planscore.org/plan.html?20260308T223643.364292323Z
WI,2,"SLDUST=""002""",38645.89,68312.9,1419.72,36879.2,63954.04,1537.83,29255.25,53145.0,4801.41,38992.73,65828.34,2608.56,,,,33926.15,43454.17,45.98,28775.99,54325.46,3075.54,,,,,31184.42,18844.44,,,,,1872.26,1421.83,44160.7,17077.43,,,62786.2435,13263.0179,71590.2,12897.13,1087.08,957.13,178360,175675.33,33804.32,122007.21,22417.59,38303.72,21286.82,7910.66,5698.85,1478.65,3910.75,1506.88,3583.24,138249.57,26918.03,2856.54,3408.68,tl_2025_55_sldu.zip,https://dev.planscore.org/plan.html?20260308T223643.364292323Z
WI,3,"SLDUST=""003""",38630.89,21658.86,1408.0,40207.64,19675.79,1015.99,37622.01,17675.05,3460.03,38982.88,19303.87,1886.0,,,,35587.21,14123.05,114.0,36070.04,19326.06,1875.01,,,,,19007.96,16915.82,,,,,36065.81,11889.59,38561.87,23368.78,,,47801.833,14799.9822,66007.97,18127.64,9562.26,5204.44,178033,180026.74,57103.96,113175.02,33672.28,37128.91,27946.92,1296.44,4346.99,3961.83,7182.25,9842.74,11872.47,104160.49,35057.4,36802.63,21477.41,tl_2025_55_sldu.zip,https://dev.planscore.org/plan.html?20260308T223643.364292323Z
WI,4,"SLDUST=""004""",67188.98,12223.37,1435.97,68471.07,12396.56,1145.03,67673.92,11859.33,3120.82,66591.99,11498.36,1664.99,,,,61027.82,10484.79,105.0,65002.01,14766.19,1486.93,,,,,30114.03,24135.89,,,,,12180.46,6762.05,38264.6,24492.19,,,47017.158,14374.6021,73039.11,21617.86,7097.95,4262.09,178419,188736.74,65201.53,117339.25,37793.27,46323.28,34417.17,740.45,4059.4,5970.58,9277.89,73668.29,38806.79,125381.37,43929.89,5453.74,6687.97,tl_2025_55_sldu.zip,https://dev.planscore.org/plan.html?20260308T223643.364292323Z
WI,5,"SLDUST=""005""",57418.77,50928.42,2324.98,55150.79,51421.84,1944.93,43439.45,49081.85,7357.5,56645.79,51200.35,1942.01,,,,45535.53,46564.33,178.0,40211.88,57349.02,2134.89,,,,,58463.69,30530.86,,,,,11041.91,5008.68,28048.69,16997.41,,,85425.1792,20807.2771,74609.37,16992.97,5149.23,2787.22,178761,174957.43,42934.63,126541.2,28650.35,39770.18,26326.34,1246.51,4139.83,5431.03,7755.87,5444.24,7701.08,134380.28,35099.37,7287.87,7387.32,tl_2025_55_sldu.zip,https://dev.planscore.org/plan.html?20260308T223643.364292323Z
WI,6,"SLDUST=""006""",66925.27,11974.96,1543.0,68450.08,10992.92,1287.01,67517.34,10437.04,3688.02,66203.27,11298.96,1847.0,,,,61369.75,9524.89,120.0,64501.31,14055.05,1504.02,,,,,29152.62,21767.43,,,,,9585.29,6298.59,32422.51,22501.02,,,41998.0241,14811.0173,69805.77,19500.32,3935.75,3262.85,178495,181141.73,60195.1,109718.42,33942.59,44414.31,31333.22,914.85,4722.43,4834.27,8446.22,67636.75,34792.3,122778.81,40383.61,6739.09,7468.6,tl_2025_55_sldu.zip,https://dev.planscore.org/plan.html?20260308T223643.364292323Z
WI,7,"SLDUST=""007""",66125.28,36418.45,2349.48,64309.52,35430.36,2036.44,54242.81,32759.25,6978.34,66591.26,34533.8,2372.44,,,,57832.49,28467.06,199.93,52929.08,37158.19,2691.36,,,,,51754.02,30496.31,,,,,11897.22,5976.45,33829.75,21193.92,,,64658.5237,18090.7859,80587.29,18482.13,5076.1,3139.62,177863,176679.95,45717.16,129096.91,34013.62,42643.24,28008.41,1784.46,4617.5,4434.03,6896.44,7810.53,10158.81,140651.04,36728.41,11968.93,10401.71,tl_2025_55_sldu.zip,https://dev.planscore.org/plan.html?20260308T223643.364292323Z
WI,8,"SLDUST=""008""",61376.41,58391.7,2085.78,58858.02,58198.22,1964.81,45264.07,53169.24,7362.04,60031.58,59288.49,1744.86,,,,47514.7,51788.65,116.99,40737.81,63347.73,1885.78,,,,,63102.65,31615.79,,,,,9212.98,3888.95,22275.17,13666.35,,,97179.3546,23460.9671,70058.33,14553.85,5798.03,2907.49,178122,172474.44,40142.11,120564.18,25721.98,36462.96,23623.44,707.62,3081.81,4769.0,6844.78,6917.59,7837.32,135303.09,33803.87,4575.23,5368.32,tl_2025_55_sldu.zip,https://dev.planscore.org/plan.html?20260308T223643.364292323Z
WI,9,"SLDUST=""009""",41827.38,57662.6,1553.62,40819.67,55675.03,1862.58,34729.65,47919.88,6536.32,41851.44,55867.95,2387.45,,,,37363.37,41007.65,100.97,33812.8,51040.29,3294.07,,,,,30609.2,18380.51,,,,,8226.9,4033.41,42796.02,17660.85,,,66026.5523,12247.7506,73577.96,13948.44,4734.91,2660.49,178886,173647.01,35440.99,122410.82,23455.55,43053.0,24473.57,1030.37,3026.54,5117.72,6820.96,2878.49,4877.44,136480.88,29241.72,5169.97,4944.35,tl_2025_55_sldu.zip,https://dev.planscore.org/plan.html?20260308T223643.364292323Z
WI,10,"SLDUST=""010""",42448.0,65008.0,2332.0,41495.0,59008.0,2385.0,33443.17,49275.18,6583.04,42982.0,63168.0,2520.0,,,,36807.77,37982.78,41.0,34572.2,50023.17,3163.03,,,,,35924.18,17007.19,,,,,3238.41,1537.65,34444.6,12255.68,,,67399.1826,10230.6954,68056.37,10909.62,1265.8,824.37,178925,173718.79,28831.41,116689.73,18720.37,40051.13,18692.87,1000.08,2475.45,1444.08,3255.37,1151.86,3079.48,135581.82,23687.38,2440.22,2675.69,tl_2025_55_sldu.zip,https://dev.planscore.org/plan.html?20260308T223643.364292323Z
WI,11,"SLDUST=""011""",38026.17,68084.51,1545.96,37411.15,63694.67,1764.92,29317.79,52099.08,5631.82,37751.17,66262.54,2621.95,,,,33235.67,44875.51,132.0,28988.82,54686.98,2874.9,,,,,35187.7,22161.95,,,,,5907.27,3104.23,38786.89,19506.39,,,76708.9539,18886.6411,68940.05,14985.9,2815.72,1888.76,177921,175197.27,40859.67,123883.8,28028.8,46315.44,26906.61,836.7,3097.53,1289.61,3841.82,1762.38,4275.34,136928.39,34003.75,7728.14,7349.16,tl_2025_55_sldu.zip,https://dev.planscore.org/plan.html?20260308T223643.364292323Z
WI,12,"SLDUST=""012""",39420.47,72377.73,1443.88,38897.53,67774.56,1436.88,32957.46,58704.73,4820.73,40481.33,69304.11,2606.7,,,,38404.21,47345.75,63.0,34162.55,56895.84,3900.77,,,,,27232.4,16527.55,,,,,2027.98,1436.32,48246.54,17338.64,,,55094.0381,10641.5373,79089.02,14733.76,1042.85,916.9,179426,172860.46,33073.38,130581.23,23230.21,48134.35,23338.99,4120.86,4718.23,1167.46,4018.56,999.06,4235.63,147004.31,28542.36,1746.13,2697.31,tl_2025_55_sldu.zip,https://dev.planscore.org/plan.html?20260308T223643.364292323Z
WI,13,"SLDUST=""013""",34081.29,65085.35,1542.03,33846.32,61987.37,1564.01,28423.52,52710.67,5201.08,34872.3,62631.32,2382.03,,,,32613.04,42252.97,39.0,30019.57,53120.64,2827.03,,,,,24270.4,15442.22,,,,,4221.95,2441.39,49792.48,18320.21,,,63229.144,10260.3119,71959.58,13286.34,1698.66,1258.68,178652,177570.39,33361.66,127042.73,22823.95,45081.71,22109.99,1122.06,3163.73,1003.05,3534.4,3353.03,4866.81,139930.07,27269.15,5469.59,5229.96,tl_2025_55_sldu.zip,https://dev.planscore.org/plan.html?20260308T223643.364292323Z
WI,14,"SLDUST=""014""",52769.84,51048.54,1732.04,51408.77,47458.86,1629.06,41459.76,39406.18,5449.09,53588.88,48733.51,2284.02,,,,47126.47,31997.03,60.0,45481.77,37895.17,2521.02,,,,,31300.62,16234.27,,,,,4220.21,1874.16,39866.32,14834.15,,,66268.4989,9926.549,72503.5,11637.41,1898.22,1146.48,178351,172252.43,28797.22,121753.41,19472.74,43387.22,20054.02,1506.61,3272.5,1529.34,3607.06,2782.84,4408.38,134717.62,23991.46,3851.27,4012.24,tl_2025_55_sldu.zip,https://dev.planscore.org/plan.html?20260308T223643.364292323Z
WI,15,"SLDUST=""015""",50042.0,42763.0,1526.0,49915.0,39256.0,1659.0,43168.0,34401.0,5934.0,50442.0,40539.0,2366.0,,,,46119.0,27357.0,84.0,46037.0,33821.0,2684.0,,,,,28267.96,19177.41,,,,,7512.3,3762.9,39387.07,18416.39,,,65545.0679,14072.0183,70043.88,15097.51,3111.7,2162.21,178585,177069.19,41099.62,115656.29,25471.62,41373.83,25213.05,972.27,3250.99,1765.74,4396.35,6720.22,8020.41,135479.51,32866.88,7175.93,7352.69,tl_2025_55_sldu.zip,https://dev.planscore.org/plan.html?20260308T223643.364292323Z
WI,16,"SLDUST=""016""",72508.62,39049.87,1850.94,68103.97,36397.43,1850.94,53760.2,31396.09,6026.31,72432.61,38405.85,1832.98,,,,57573.31,27444.02,108.0,55407.73,32709.32,2065.13,,,,,51273.6,27463.77,,,,,7356.14,3489.64,27723.02,15481.56,,,82150.4007,19072.9076,70631.91,14633.81,3486.61,2103.29,177313,174989.53,38853.99,122502.24,26222.68,40059.65,24002.61,726.84,2616.13,4919.59,6582.69,7051.03,7812.85,133844.48,31638.76,4848.43,5093.91,tl_2025_55_sldu.zip,https://dev.planscore.org/plan.html?20260308T223643.364292323Z
WI,17,"SLDUST=""017""",52043.69,50963.01,1657.95,51552.9,46412.01,1732.02,43993.97,39449.07,6047.0,53222.66,48441.06,2123.96,,,,47955.45,30471.36,47.0,47731.99,38486.09,2434.95,,,,,31517.53,14786.6,,,,,3277.6,1890.95,39947.54,13338.18,,,60832.6348,10310.1342,71591.59,11983.33,1568.44,1066.78,178093,177149.05,29513.02,120403.2,19350.81,41343.05,18840.43,788.16,2970.44,1299.25,3827.67,1923.08,3961.22,135933.23,22537.18,2281.78,2843.01,tl_2025_55_sldu.zip,https://dev.planscore.org/plan.html?20260308T223643.364292323Z
WI,18,"SLDUST=""018""",48865.28,40908.01,1525.73,48607.07,40843.15,2142.49,40800.21,38064.56,6704.67,48678.34,39138.35,2635.47,,,,43301.77,30719.82,82.99,39703.45,41685.94,3595.57,,,,,33254.13,22515.34,,,,,6956.79,4218.87,37651.86,19355.9,,,57289.5486,16586.4798,73205.95,16550.14,3710.81,2641.84,178722,176766.59,43136.52,117876.02,27606.67,41466.51,27221.84,1639.28,4073.82,5002.61,7761.95,4207.47,6024.06,137311.9,34862.96,5739.21,6268.89,tl_2025_55_sldu.zip,https://dev.planscore.org/plan.html?20260308T223643.364292323Z
WI,19,"SLDUST=""019""",41025.38,70088.55,1582.94,39338.11,66348.73,1885.94,32068.93,56995.65,5536.73,41163.38,67943.59,2701.93,,,,36494.44,47066.37,48.99,31383.06,59303.18,3291.66,,,,,35382.44,18561.59,,,,,4201.35,2240.84,43101.88,15486.26,,,66978.2465,10318.4628,73043.78,12659.63,1946.17,1225.03,179618,177335.94,32852.43,125734.11,21427.76,40383.54,20748.89,1208.24,2992.52,1994.75,4120.38,1420.78,3521.68,140054.46,26876.3,3879.97,4141.22,tl_2025_55_sldu.zip,https://dev.planscore.org/plan.html?20260308T223643.364292323Z
WI,20,"SLDUST=""020""",34825.15,72391.76,1533.83,33554.78,70285.79,1620.77,27535.59,60630.48,5670.31,34740.18,70942.95,2212.71,,,,30128.8,52733.42,40.99,26888.71,64380.12,2588.65,,,,,33039.0,21232.82,,,,,3876.5,2670.72,41971.86,19139.56,,,71967.5276,14125.723,72771.85,15198.93,1524.13,1231.27,178127,176467.67,38662.54,124592.04,25835.56,43896.94,24319.0,1001.91,3157.53,1273.89,3898.91,2292.81,4903.05,137725.63,31703.85,4154.14,4929.97,tl_2025_55_sldu.zip,https://dev.planscore.org/plan.html?20260308T223643.364292323Z
WI,21,"SLDUST=""021""",49545.21,48315.29,2112.86,49964.1,47683.86,1542.85,41674.11,42778.56,5351.56,49379.22,47173.46,2232.76,,,,43765.17,38477.88,123.99,39959.22,47258.25,2126.77,,,,,38315.69,24056.21,,,,,11199.39,5600.58,36606.3,21001.29,,,68306.3055,17364.0765,71646.05,17297.67,5874.02,3745.79,179184,177436.28,49747.45,124148.25,31428.52,43912.89,30550.95,893.16,3609.85,3485.59,6329.59,10225.91,11333.07,130880.07,38578.05,13532.54,12827.14,tl_2025_55_sldu.zip,https://dev.planscore.org/plan.html?20260308T223643.364292323Z
WI,22,"SLDUST=""022""",47596.56,40780.69,1405.78,48307.04,39131.21,1588.77,41858.68,32379.19,4516.31,47643.59,38618.04,2460.57,,,,43817.6,26681.36,113.99,41353.73,34289.87,2518.61,,,,,31237.37,24347.31,,,,,8817.28,4370.58,35244.33,22360.01,,,67341.8248,20371.6134,69059.32,18921.77,3954.25,2571.4,179562,177222.5,52759.1,119130.85,34073.68,45822.16,33081.81,989.71,3915.4,2431.91,5548.22,15444.77,15563.88,129977.36,40195.75,15280.78,13521.16,tl_2025_55_sldu.zip,https://dev.planscore.org/plan.html?20260308T223643.364292323Z
WI,23,"SLDUST=""023""",30755.04,66217.03,2153.0,30725.1,62161.06,1697.98,27035.64,53158.34,4373.97,32079.02,63458.07,2675.99,,,,31633.07,39896.1,31.0,30188.57,50053.4,3431.96,,,,,21987.03,12357.88,,,,,3283.75,1788.91,48182.56,14279.89,,,54750.4442,8314.3147,73140.51,11145.78,1211.47,822.81,179916,177027.41,28078.51,123851.05,18234.82,39798.22,17131.64,1471.1,3347.04,889.16,3459.98,1626.05,4174.4,136630.48,21831.91,2126.31,2543.69,tl_2025_55_sldu.zip,https://dev.planscore.org/plan.html?20260308T223643.364292323Z
WI,24,"SLDUST=""024""",42927.01,56248.96,1877.06,41603.93,52698.84,1703.02,36685.92,45858.0,5455.97,44083.08,53472.83,2625.09,,,,41027.43,36300.28,88.0,38982.9,44195.04,3651.99,,,,,27823.89,17085.15,,,,,4539.94,2805.41,44369.6,16803.53,,,56962.7655,10181.791,74391.01,13594.41,2092.2,1478.14,178599,177611.75,35048.43,122429.19,22458.49,42727.66,22155.77,2301.16,3729.35,2290.21,4764.8,2432.75,4592.98,142026.55,28284.31,3317.69,3716.18,tl_2025_55_sldu.zip,https://dev.planscore.org/plan.html?20260308T223643.364292323Z
WI,25,"SLDUST=""025""",46919.53,62001.27,1656.61,46942.97,57108.31,1584.76,39063.44,48986.4,5380.44,47585.49,59189.1,2650.3,,,,42310.38,36978.6,23.93,41070.88,47660.81,2931.81,,,,,30196.0,14904.0,,,,,2186.0,1300.0,41367.0,13287.0,,,57876.5427,8801.4945,76518.0,11903.0,1180.0,968.0,178879,170903.0,27295.0,125656.0,18940.0,49682.0,19907.0,7518.0,5739.0,950.0,3702.0,1404.0,4122.0,145090.0,23057.0,2113.0,2660.0,tl_2025_55_sldu.zip,https://dev.planscore.org/plan.html?20260308T223643.364292323Z
WI,26,"SLDUST=""026""",92972.11,16323.97,2035.09,88972.9,13920.67,1628.86,81931.17,14745.18,7044.29,93258.11,15493.97,1492.07,,,,82862.33,13373.68,169.99,81757.59,18389.86,2155.72,,,,,56726.48,31935.25,,,,,15998.74,5874.52,16509.12,12336.13,,,68319.9717,20795.7514,73125.89,16259.9,5248.47,3124.49,178964,173096.6,44924.86,101819.32,26497.11,28284.11,20438.78,963.19,3270.17,7521.59,8885.1,8368.19,9513.92,141312.14,39402.63,7700.88,7445.32,tl_2025_55_sldu.zip,https://dev.planscore.org/plan.html?20260308T223643.364292323Z
WI,27,"SLDUST=""027""",91651.21,27857.82,2223.92,87852.9,26632.36,1980.1,70879.23,23751.62,6466.22,91286.18,28380.86,1440.92,,,,75428.19,22757.78,118.01,71685.17,27484.72,1604.1,,,,,71028.96,33133.02,,,,,9139.41,3305.98,17181.36,11495.65,,,92608.0938,19190.4709,73263.57,14401.93,4219.68,2083.83,179647,171539.64,37813.11,119860.04,25172.94,30922.43,21905.76,669.09,2683.46,6808.39,8089.29,5656.91,7745.84,133920.97,30540.84,6131.0,6098.16,tl_2025_55_sldu.zip,https://dev.planscore.org/plan.html?20260308T223643.364292323Z
WI,28,"SLDUST=""028""",44183.58,69682.58,1729.04,43053.41,68165.71,1909.05,34217.12,60297.95,6618.62,43297.55,69216.63,1989.01,,,,36462.09,56096.22,132.0,31853.61,66934.9,2097.16,,,,,48372.7,26849.8,,,,,5409.52,2893.99,30762.69,16566.93,,,90621.2493,20319.5794,70859.7,15197.37,3446.64,2090.93,177766,177459.78,43840.7,124994.92,28748.86,44574.67,29029.49,627.2,3104.06,3279.56,5706.83,3012.87,5622.86,137221.34,35181.36,7199.86,7262.04,tl_2025_55_sldu.zip,https://dev.planscore.org/plan.html?20260308T223643.364292323Z
WI,29,"SLDUST=""029""",40811.43,60639.93,1429.97,40230.45,58550.83,1675.02,34782.24,50935.32,5231.05,41542.37,58364.99,2266.96,,,,38280.0,42247.0,72.0,36419.26,50472.3,3370.04,,,,,31667.74,18536.12,,,,,5299.67,2651.37,43649.89,17160.13,,,65245.0653,11607.2685,74232.52,13826.11,3203.51,1757.83,178059,175411.95,35362.48,123206.12,23004.15,37419.54,20616.43,1250.89,3266.89,4807.44,6300.87,1114.4,3881.93,135273.65,28025.32,1915.09,2987.22,tl_2025_55_sldu.zip,https://dev.planscore.org/plan.html?20260308T223643.364292323Z
WI,30,"SLDUST=""030""",46065.31,42828.05,1471.97,45065.17,42177.66,1755.82,37781.6,39167.89,5789.8,45908.53,41243.15,2236.87,,,,41006.86,31765.82,137.98,36081.62,42147.08,3325.76,,,,,32544.72,20694.77,,,,,13094.83,5652.92,34686.42,19128.31,,,59450.9866,14988.0314,71589.11,15932.32,4899.52,3214.76,179103,174462.56,44816.86,115765.53,27158.9,37878.98,25501.32,4211.24,6140.14,3988.83,6640.18,4400.55,6310.18,131183.92,33852.61,9749.77,8939.18,tl_2025_55_sldu.zip,https://dev.planscore.org/plan.html?20260308T223643.364292323Z
WI,31,"SLDUST=""031""",52455.0,50186.0,1599.0,48521.26,45285.48,2084.0,42307.23,40460.39,6722.02,52710.0,47891.0,2411.0,,,,45980.27,32092.32,76.0,43122.23,41724.38,3412.02,,,,,34552.37,21140.59,,,,,4921.72,2967.13,30716.83,15076.46,,,64008.0696,14039.6516,69711.86,14344.93,2687.17,2008.32,178440,175245.88,39215.45,111488.42,23796.08,39247.96,24107.66,1134.15,3071.35,4314.75,6352.62,1825.03,3863.49,140592.0,32962.22,2406.09,2982.79,tl_2025_55_sldu.zip,https://dev.planscore.org/plan.html?20260308T223643.364292323Z
WI,32,"SLDUST=""032""",52043.0,49371.0,1494.0,50762.0,44685.0,1850.0,43384.0,39746.0,6472.0,52619.0,47028.0,2350.0,,,,48502.0,31591.0,15.0,44612.0,40580.0,3110.0,,,,,36102.38,21143.59,,,,,3509.03,2182.23,33044.3,15231.43,,,60607.3985,12120.4069,70702.64,14433.11,2173.17,1650.21,178485,175251.31,38261.34,114776.84,24021.34,39830.16,23302.67,917.63,3366.74,4096.44,6571.67,2345.96,4724.94,138175.84,31551.79,2883.69,3649.67,tl_2025_55_sldu.zip,https://dev.planscore.org/plan.html?20260308T223643.364292323Z
WI,33,"SLDUST=""033""",41050.0,83533.0,1842.0,38922.76,80481.4,1807.98,29194.63,69628.98,6466.92,39956.0,83639.0,1931.0,,,,31848.8,65992.49,90.0,26777.67,76794.88,2026.97,,,,,51285.74,25388.4,,,,,3848.43,2128.31,30831.33,15198.5,,,94094.5503,19700.5728,67801.96,12906.94,2589.81,1579.28,177842,177003.88,38083.19,125047.14,25539.46,43884.38,24293.29,759.69,2836.33,1950.77,4212.57,1133.45,3508.98,141223.45,31478.4,3503.96,4304.51,tl_2025_55_sldu.zip,https://dev.planscore.org/plan.html?20260308T223643.364292323Z
