{
  "districts": [
    {
      "compactness": {
        "Polsby-Popper": 0.19917549626718048,
        "Reock": 0.3468851262010655
      },
      "totals": {
        "Black Population 2015": 339971.61939275515,
        "Black Population 2015, Error": 56711.29135056279,
        "Democratic Votes": 226503.692558848,
        "Democratic Votes SD": 1507.6316149979475,
        "Hispanic Population 2015": 60919.28351624082,
        "Hispanic Population 2015, Error": 32209.79581287207,
        "Population 2015": 734814.4505230136,
        "Population 2015, Error": 68664.15562294377,
        "Republican Votes": 115999.25268752323,
        "Republican Votes SD": 1488.7147361128061,
        "US President 2016 - DEM": 229243.24359194475,
        "US President 2016 - REP": 110009.73750720202,
        "US Senate 2016 - DEM": 223719.32695892168,
        "US Senate 2016 - REP": 115231.90673462815,
        "Voting-Age Population 2015": 573125.9286783251,
        "Voting-Age Population 2015, Error": 62344.550821193916
      }
    },
    {
      "compactness": {
        "Polsby-Popper": 0.15283740214520225,
        "Reock": 0.31523334841559386
      },
      "totals": {
        "Black Population 2015": 167303.90311985582,
        "Black Population 2015, Error": 43250.232209947724,
        "Democratic Votes": 229186.26297115555,
        "Democratic Votes SD": 1811.5809696776498,
        "Hispanic Population 2015": 76689.80481924045,
        "Hispanic Population 2015, Error": 39114.04626935004,
        "Population 2015": 792665.4751720927,
        "Population 2015, Error": 66682.81823770914,
        "Republican Votes": 227550.4850132494,
        "Republican Votes SD": 1833.9591171254913,
        "US President 2016 - DEM": 237835.07386440513,
        "US President 2016 - REP": 215309.21445642365,
        "US Senate 2016 - DEM": 230943.6476805018,
        "US Senate 2016 - REP": 226177.1304263648,
        "Voting-Age Population 2015": 578815.5429331128,
        "Voting-Age Population 2015, Error": 60091.662618596325
      }
    },
    {
      "compactness": {
        "Polsby-Popper": 0.3678829829941627,
        "Reock": 0.46469401760336954
      },
      "totals": {
        "Black Population 2015": 171068.67334770618,
        "Black Population 2015, Error": 42637.60772241781,
        "Democratic Votes": 124813.08682551973,
        "Democratic Votes SD": 1201.6329498249984,
        "Hispanic Population 2015": 55121.99106766856,
        "Hispanic Population 2015, Error": 29652.217031331256,
        "Population 2015": 750114.6036173857,
        "Population 2015, Error": 70112.09290710966,
        "Republican Votes": 196950.01333598327,
        "Republican Votes SD": 1273.0129887695025,
        "US President 2016 - DEM": 123773.8421848339,
        "US President 2016 - REP": 194811.4325354514,
        "US Senate 2016 - DEM": 120376.88173942454,
        "US Senate 2016 - REP": 193221.3775107564,
        "Voting-Age Population 2015": 581408.3263039846,
        "Voting-Age Population 2015, Error": 65398.12252458223
      }
    },
    {
      "compactness": {
        "Polsby-Popper": 0.18784280675267365,
        "Reock": 0.3095452814649036
      },
      "totals": {
        "Black Population 2015": 185341.36548639406,
        "Black Population 2015, Error": 45540.60017126612,
        "Democratic Votes": 200272.02072892076,
        "Democratic Votes SD": 1377.3172350078157,
        "Hispanic Population 2015": 78376.51790712857,
        "Hispanic Population 2015, Error": 37979.02257290101,
        "Population 2015": 779790.7849821362,
        "Population 2015, Error": 67488.9995597535,
        "Republican Votes": 116915.9963525273,
        "Republican Votes SD": 1318.2726444393315,
        "US President 2016 - DEM": 211098.51772401022,
        "US President 2016 - REP": 103327.17564886778,
        "US Senate 2016 - DEM": 203066.78055851953,
        "US Senate 2016 - REP": 117655.84348084999,
        "Voting-Age Population 2015": 602985.017071394,
        "Voting-Age Population 2015, Error": 68042.40509721414
      }
    },
    {
      "compactness": {
        "Polsby-Popper": 0.32701542044927584,
        "Reock": 0.35658060574502515
      },
      "totals": {
        "Black Population 2015": 112811.19888240882,
        "Black Population 2015, Error": 30077.977528265394,
        "Democratic Votes": 140825.59527179354,
        "Democratic Votes SD": 1026.7150946474596,
        "Hispanic Population 2015": 68738.81761090358,
        "Hispanic Population 2015, Error": 36092.28113882455,
        "Population 2015": 743837.5648174669,
        "Population 2015, Error": 69522.29893844048,
        "Republican Votes": 208414.45045528476,
        "Republican Votes SD": 1164.9546763024139,
        "US President 2016 - DEM": 141803.03493245965,
        "US President 2016 - REP": 204190.79721965097,
        "US Senate 2016 - DEM": 137168.74614084544,
        "US Senate 2016 - REP": 207718.78236070732,
        "Voting-Age Population 2015": 580572.827033909,
        "Voting-Age Population 2015, Error": 62983.96421639694
      }
    },
    {
      "compactness": {
        "Polsby-Popper": 0.3210621756903492,
        "Reock": 0.49952373824533697
      },
      "totals": {
        "Black Population 2015": 158937.36763868135,
        "Black Population 2015, Error": 39183.80391613709,
        "Democratic Votes": 148884.70615617462,
        "Democratic Votes SD": 1412.888375220271,
        "Hispanic Population 2015": 72565.11872394303,
        "Hispanic Population 2015, Error": 36800.95747857125,
        "Population 2015": 749476.5938915327,
        "Population 2015, Error": 66594.41373580447,
        "Republican Votes": 204269.14522489754,
        "Republican Votes SD": 1435.051232862602,
        "US President 2016 - DEM": 149042.74723565494,
        "US President 2016 - REP": 201389.49988222244,
        "US Senate 2016 - DEM": 145601.1281138907,
        "US Senate 2016 - REP": 202081.12590841381,
        "Voting-Age Population 2015": 575899.0149036981,
        "Voting-Age Population 2015, Error": 61047.10624320365
      }
    },
    {
      "compactness": {
        "Polsby-Popper": 0.30929379952292585,
        "Reock": 0.4657959320935258
      },
      "totals": {
        "Black Population 2015": 159678.02387526416,
        "Black Population 2015, Error": 42291.45673982651,
        "Democratic Votes": 146649.68440684085,
        "Democratic Votes SD": 1263.7265576260374,
        "Hispanic Population 2015": 69492.2240181881,
        "Hispanic Population 2015, Error": 37125.787479844024,
        "Population 2015": 762175.6504058724,
        "Population 2015, Error": 77113.54989915965,
        "Republican Votes": 216038.13504230135,
        "Republican Votes SD": 1309.6583616276007,
        "US President 2016 - DEM": 147352.23410210127,
        "US President 2016 - REP": 212288.2637660455,
        "US Senate 2016 - DEM": 143055.1270586587,
        "US Senate 2016 - REP": 210830.327090799,
        "Voting-Age Population 2015": 596525.1710821559,
        "Voting-Age Population 2015, Error": 67388.16584265653
      }
    },
    {
      "compactness": {
        "Polsby-Popper": 0.2026121406747897,
        "Reock": 0.24800688946949545
      },
      "totals": {
        "Black Population 2015": 187289.64931175773,
        "Black Population 2015, Error": 40342.21160415004,
        "Democratic Votes": 133733.8282780927,
        "Democratic Votes SD": 1292.387929214067,
        "Hispanic Population 2015": 72931.61405557803,
        "Hispanic Population 2015, Error": 33302.51503096453,
        "Population 2015": 758260.1794727243,
        "Population 2015, Error": 66907.10847995944,
        "Republican Votes": 186053.88529797844,
        "Republican Votes SD": 1300.6381667012643,
        "US President 2016 - DEM": 133850.59763105685,
        "US President 2016 - REP": 183035.8174160308,
        "US Senate 2016 - DEM": 130925.44573135354,
        "US Senate 2016 - REP": 181080.83915097386,