{"totals": {"Voters": 733321.7355470409, "Blue Votes": 1028053.906695856, "Red Votes": 1140266.0413978184}}