{"totals": {"Voters": 733916.6092098424, "Blue Votes": 722739.2336584385, "Red Votes": 1250376.1917409902}}