{"totals": {"Voters": 733214.7769512797, "Blue Votes": 861316.383834584, "Red Votes": 1009192.6409346957}}