{"totals": {"Voters": 733641.0644435043, "Blue Votes": 861136.3638968371, "Red Votes": 1029233.6012586453}}