{"totals": {"Voters": 733355.3824566011, "Blue Votes": 1168163.7891999995, "Red Votes": 910221.1861484455}}