{"totals": {"Voters": 733427.9539901235, "Blue Votes": 858331.6521125122, "Red Votes": 1187564.0539012533}}