{"totals": {"Voters": 733427.3294434798, "Blue Votes": 902593.3844505954, "Red Votes": 1099054.9469762954}}