{"totals": {"Voters": 733274.1858270672, "Blue Votes": 1408003.5743913983, "Red Votes": 860046.6161929097}}