{"totals": {"Voters": 733688.8778878144, "Blue Votes": 1241765.0654939467, "Red Votes": 1036160.1827196102}}