{"totals": {"Voters": 733377.4439753302, "Blue Votes": 1058949.6076082457, "Red Votes": 991790.9031673878}}