{"totals": {"Voters": 733571.9961659344, "Blue Votes": 917158.9099286381, "Red Votes": 799204.386551063}}