{"totals": {"Voters": 733187.702836184, "Blue Votes": 1057149.9221458216, "Red Votes": 842269.1055301814}}