{"totals": {"Voters": 733250.2429033419, "Blue Votes": 841420.1306598457, "Red Votes": 1149160.4424367815}}