{"totals": {"Population": 731891.3310786647, "Voting-Age Population": 584531.0395223683, "Black Voting-Age Population": 23405.98037674001, "US Senate Rep Votes": 117115.27390019309, "US Senate Dem Votes": 96680.02154920237, "US House Rep Votes": 128284.15337554738, "US House Dem Votes": 93613.23770503915, "SLDU Rep Votes": 117416.55336024093, "SLDU Dem Votes": 104785.93557126976, "SLDL Rep Votes": 120366.65112890073, "SLDL Dem Votes": 100087.58375639562}}