{"totals": {"Population": 734840.6621940439, "Voting-Age Population": 567036.2844327542, "Black Voting-Age Population": 48577.02598394071, "US Senate Rep Votes": 112740.83880923936, "US Senate Dem Votes": 59622.75523547511, "US House Rep Votes": 123900.13589879543, "US House Dem Votes": 57240.0574674679, "SLDU Rep Votes": 113415.167229898, "SLDU Dem Votes": 64933.00988124494, "SLDL Rep Votes": 117535.63482804698, "SLDL Dem Votes": 61316.836951669626}}