{"totals": {"Population": 744491.2109737224, "Voting-Age Population": 565908.3808464945, "Black Voting-Age Population": 111889.10401050712, "US Senate Rep Votes": 92388.83113046736, "US Senate Dem Votes": 66344.61728242217, "US House Rep Votes": 107560.38238740514, "US House Dem Votes": 65085.909973038826, "SLDU Rep Votes": 90564.10441493701, "SLDU Dem Votes": 71746.68607229531, "SLDL Rep Votes": 93061.79896526408, "SLDL Dem Votes": 70062.31519993485}}