{"totals": {"Population": 731718.0694394974, "Voting-Age Population": 568706.6145366558, "Black Voting-Age Population": 101367.21161100251, "US Senate Rep Votes": 95760.98164416672, "US Senate Dem Votes": 75238.01037106213, "US House Rep Votes": 104828.60171466586, "US House Dem Votes": 69172.26508482317, "SLDU Rep Votes": 101326.31986583897, "SLDU Dem Votes": 74795.31277253827, "SLDL Rep Votes": 100062.77862454315, "SLDL Dem Votes": 73483.74945551303}}