{"totals": {"Population": 728914.5047381745, "Voting-Age Population": 564318.495497581, "Black Voting-Age Population": 202081.13721039466, "US Senate Rep Votes": 76971.64089784224, "US Senate Dem Votes": 75035.11094010453, "US House Rep Votes": 83649.35934379643, "US House Dem Votes": 68400.58323592233, "SLDU Rep Votes": 74602.62768226312, "SLDU Dem Votes": 78277.90155888995, "SLDL Rep Votes": 73489.8416058663, "SLDL Dem Votes": 77131.4885015414}}