{"totals": {"Population": 733320.488889127, "Voting-Age Population": 564325.0591198682, "Black Voting-Age Population": 80169.75856172762, "US Senate Rep Votes": 118853.68103000603, "US Senate Dem Votes": 80382.71007399437, "US House Rep Votes": 126917.07162205226, "US House Dem Votes": 89258.57682754764, "SLDU Rep Votes": 120854.53023566277, "SLDU Dem Votes": 82828.05482679661, "SLDL Rep Votes": 124526.41001497842, "SLDL Dem Votes": 76901.05287030982}}