{"totals": {"Population": 733833.209559309, "Voting-Age Population": 558724.1199631582, "Black Voting-Age Population": 102650.76092975233, "US Senate Rep Votes": 115376.10233917504, "US Senate Dem Votes": 92369.51653671563, "US House Rep Votes": 131876.50705514438, "US House Dem Votes": 116591.14927682874, "SLDU Rep Votes": 116955.6917272138, "SLDU Dem Votes": 94139.58444648588, "SLDL Rep Votes": 120233.22826979533, "SLDL Dem Votes": 86952.81820479507}}