{"totals": {"Population": 732038.9173198681, "Voting-Age Population": 569486.5201267495, "Black Voting-Age Population": 149602.80262559606, "US Senate Rep Votes": 76399.39044229033, "US Senate Dem Votes": 111346.96399331551, "US House Rep Votes": 81550.57957564786, "US House Dem Votes": 131831.0589297678, "SLDU Rep Votes": 75834.54291124844, "SLDU Dem Votes": 112712.89435380262, "SLDL Rep Votes": 78597.31953733168, "SLDL Dem Votes": 107986.11002455764}}