{"totals": {"Population": 737276.1732192774, "Voting-Age Population": 553181.0032318105, "Black Voting-Age Population": 111501.95562526875, "US Senate Rep Votes": 79290.2603768954, "US Senate Dem Votes": 97941.26302138912, "US House Rep Votes": 84186.8639668987, "US House Dem Votes": 96574.17766432995, "SLDU Rep Votes": 81834.3340856997, "SLDU Dem Votes": 94458.66736647727, "SLDL Rep Votes": 81090.46966627084, "SLDL Dem Votes": 91860.09125284654}}