{"totals": {"Population": 730409.1560117304, "Voting-Age Population": 535117.9340955106, "Black Voting-Age Population": 154188.29715975115, "US Senate Rep Votes": 91653.71523251165, "US Senate Dem Votes": 87535.72718470336, "US House Rep Votes": 95768.36986148133, "US House Dem Votes": 85452.69521610354, "SLDU Rep Votes": 90140.43621527507, "SLDU Dem Votes": 88416.88811011481, "SLDL Rep Votes": 92270.39639411458, "SLDL Dem Votes": 86190.86582528373}}