{"totals": {"Population": 729548.9165315954, "Voting-Age Population": 536925.9425944318, "Black Voting-Age Population": 164927.04812419193, "US Senate Rep Votes": 62571.71420089742, "US Senate Dem Votes": 65101.63408253638, "US House Rep Votes": 65224.30810752166, "US House Dem Votes": 64498.06341392303, "SLDU Rep Votes": 63061.77837858031, "SLDU Dem Votes": 65688.46006104951, "SLDL Rep Votes": 59519.41911858634, "SLDL Dem Votes": 65478.439231470955}}