{"totals": {"Population": 734605.7378643517, "Voting-Age Population": 554039.8591105702, "Black Voting-Age Population": 166872.74329583862, "US Senate Rep Votes": 63359.663224005904, "US Senate Dem Votes": 103647.96131506836, "US House Rep Votes": 85663.43602859325, "US House Dem Votes": 153886.93993606875, "SLDU Rep Votes": 66075.49883969982, "SLDU Dem Votes": 97816.23995614448, "SLDL Rep Votes": 64621.47532785969, "SLDL Dem Votes": 101215.87715496075}}