{"totals": {"Population": 731506.5342091267, "Voting-Age Population": 530734.0576536004, "Black Voting-Age Population": 95671.36522798201, "US Senate Rep Votes": 110674.42910731887, "US Senate Dem Votes": 93127.12600996715, "US House Rep Votes": 132303.92596459194, "US House Dem Votes": 105827.07746718483, "SLDU Rep Votes": 112956.3373440295, "SLDU Dem Votes": 90106.7548274512, "SLDL Rep Votes": 113259.38726418791, "SLDL Dem Votes": 88932.3280823112}}